student_id,item_id,review_index,days_since_last_review,prior_review_count,prior_success_rate,item_difficulty,student_ability,memory_strength_true,recalled
0,0,0,0.75,0,0.549,1.598,1.124,1.099,1
0,0,1,0.78,1,0.563,1.598,1.124,1.126,0
0,0,2,0.32,2,0.281,1.598,1.124,0.563,0
0,0,3,0.89,3,0.15,1.598,1.124,0.3,1
0,0,4,0.31,4,0.154,1.598,1.124,0.307,0
0,0,5,0.41,5,0.15,1.598,1.124,0.3,0
0,0,6,0.4,6,0.15,1.598,1.124,0.3,0
0,1,0,0.48,0,0.68,1.2,1.124,1.36,0
0,1,1,0.58,1,0.34,1.2,1.124,0.68,1
0,1,2,0.74,2,0.464,1.2,1.124,0.928,1
0,1,3,0.95,3,0.633,1.2,1.124,1.265,0
0,1,4,0.39,4,0.316,1.2,1.124,0.633,1
0,1,5,0.43,5,0.432,1.2,1.124,0.863,1
0,1,6,0.62,6,0.589,1.2,1.124,1.178,0
0,2,0,0.48,0,0.39,1.035,1.124,0.781,1
0,2,1,0.46,1,0.618,1.035,1.124,1.235,1
0,2,2,0.78,2,0.977,1.035,1.124,1.954,1
0,2,3,0.78,3,1.0,1.035,1.124,3.09,1
0,3,0,1.9,0,0.576,1.889,1.124,1.151,0
0,3,1,0.46,1,0.288,1.889,1.124,0.576,1
0,3,2,0.76,2,0.249,1.889,1.124,0.499,0
0,3,3,0.76,3,0.15,1.889,1.124,0.3,0
0,4,0,0.52,0,0.531,1.641,1.124,1.061,1
0,4,1,1.22,1,0.529,1.641,1.124,1.059,1
0,4,2,1.97,2,0.528,1.641,1.124,1.056,0
0,4,3,0.61,3,0.264,1.641,1.124,0.528,0
0,4,4,0.46,4,0.15,1.641,1.124,0.3,1
0,4,5,0.9,5,0.15,1.641,1.124,0.299,0
0,4,6,0.51,6,0.15,1.641,1.124,0.3,0
0,5,0,0.44,0,0.478,0.658,1.124,0.957,0
0,5,1,1.06,1,0.239,0.658,1.124,0.478,0
0,5,2,0.32,2,0.15,0.658,1.124,0.3,0
0,5,3,0.71,3,0.15,0.658,1.124,0.3,1
0,6,0,1.06,0,0.459,1.266,1.124,0.917,1
0,6,1,0.51,1,0.593,1.266,1.124,1.186,1
0,6,2,0.86,2,0.767,1.266,1.124,1.534,1
0,6,3,1.95,3,0.992,1.266,1.124,1.984,0
0,6,4,0.41,4,0.496,1.266,1.124,0.992,1
0,7,0,0.42,0,0.567,1.018,1.124,1.134,1
0,7,1,5.72,1,0.913,1.018,1.124,1.825,0
0,7,2,0.47,2,0.456,1.018,1.124,0.913,0
0,7,3,0.45,3,0.228,1.018,1.124,0.456,0
0,7,4,0.32,4,0.15,1.018,1.124,0.3,0
0,7,5,0.38,5,0.15,1.018,1.124,0.3,1
0,8,0,0.35,0,0.363,1.268,1.124,0.726,0
0,8,1,0.43,1,0.182,1.268,1.124,0.363,0
0,8,2,0.58,2,0.15,1.268,1.124,0.3,0
0,8,3,0.46,3,0.15,1.268,1.124,0.3,0
0,8,4,1.15,4,0.15,1.268,1.124,0.3,0
0,8,5,0.36,5,0.15,1.268,1.124,0.3,1
0,8,6,0.39,6,0.194,1.268,1.124,0.387,0
0,8,7,0.69,7,0.15,1.268,1.124,0.3,0
0,9,0,2.6,0,0.718,1.776,1.124,1.436,0
0,9,1,0.3,1,0.359,1.776,1.124,0.718,1
0,9,2,0.38,2,0.331,1.776,1.124,0.662,0
0,9,3,0.57,3,0.165,1.776,1.124,0.331,0
0,10,0,0.56,0,0.413,0.856,1.124,0.825,0
0,10,1,0.67,1,0.206,0.856,1.124,0.413,0
0,10,2,0.51,2,0.15,0.856,1.124,0.3,0
0,10,3,0.49,3,0.15,0.856,1.124,0.3,0
0,11,0,0.81,0,0.425,1.152,1.124,0.85,0
0,12,0,1.03,0,0.611,0.793,1.124,1.222,1
0,12,1,4.1,1,1.0,0.793,1.124,2.524,0
0,12,2,3.0,2,0.631,0.793,1.124,1.262,0
0,13,0,0.5,0,0.288,1.97,1.124,0.575,0
0,13,1,0.38,1,0.15,1.97,1.124,0.3,0
0,13,2,0.55,2,0.15,1.97,1.124,0.3,0
0,13,3,0.32,3,0.15,1.97,1.124,0.3,0
0,13,4,0.58,4,0.15,1.97,1.124,0.3,0
0,14,0,0.51,0,0.43,1.554,1.124,0.859,0
0,14,1,0.33,1,0.215,1.554,1.124,0.43,1
0,14,2,0.61,2,0.226,1.554,1.124,0.453,0
0,14,3,0.31,3,0.15,1.554,1.124,0.3,0
0,14,4,0.42,4,0.15,1.554,1.124,0.3,0
0,15,0,0.33,0,0.669,1.973,1.124,1.339,1
0,15,1,1.65,1,0.556,1.973,1.124,1.111,0
0,16,0,0.61,0,0.358,1.655,1.124,0.716,0
0,16,1,0.35,1,0.179,1.655,1.124,0.358,1
0,16,2,0.34,2,0.177,1.655,1.124,0.354,0
0,16,3,0.56,3,0.15,1.655,1.124,0.3,0
0,16,4,0.59,4,0.15,1.655,1.124,0.3,0
0,17,0,0.78,0,0.29,0.777,1.124,0.581,1
0,17,1,0.55,1,0.612,0.777,1.124,1.225,1
0,17,2,2.57,2,1.0,0.777,1.124,2.582,0
0,17,3,1.51,3,0.646,0.777,1.124,1.291,0
0,17,4,0.73,4,0.323,0.777,1.124,0.646,0
0,17,5,0.62,5,0.161,0.777,1.124,0.323,1
0,17,6,0.36,6,0.34,0.777,1.124,0.681,1
0,18,0,0.6,0,0.496,0.647,1.124,0.992,1
0,18,1,2.14,1,1.0,0.647,1.124,2.51,1
0,18,2,12.35,2,1.0,0.647,1.124,6.355,0
0,18,3,2.02,3,1.0,0.647,1.124,3.177,0
0,18,4,3.51,4,0.794,0.647,1.124,1.589,0
0,18,5,0.86,5,0.397,0.647,1.124,0.794,0
0,18,6,0.34,6,0.199,0.647,1.124,0.397,0
0,19,0,2.86,0,0.563,1.731,1.124,1.126,0
0,20,0,0.41,0,0.262,1.767,1.124,0.523,0
0,20,1,0.55,1,0.15,1.767,1.124,0.3,1
0,21,0,0.5,0,0.734,1.127,1.124,1.468,0
0,21,1,1.14,1,0.367,1.127,1.124,0.734,0
0,21,2,0.68,2,0.183,1.127,1.124,0.367,0
0,21,3,0.86,3,0.15,1.127,1.124,0.3,0
0,22,0,0.62,0,0.302,1.632,1.124,0.603,0
0,23,0,0.58,0,0.399,1.084,1.124,0.798,0
0,23,1,1.14,1,0.199,1.084,1.124,0.399,0
0,23,2,0.51,2,0.15,1.084,1.124,0.3,0
0,24,0,1.63,0,0.626,1.509,1.124,1.252,1
0,24,1,2.84,1,0.68,1.509,1.124,1.359,0
0,24,2,0.85,2,0.34,1.509,1.124,0.68,0
0,24,3,0.78,3,0.17,1.509,1.124,0.34,0
0,24,4,0.41,4,0.15,1.509,1.124,0.3,0
0,24,5,0.33,5,0.15,1.509,1.124,0.3,0
0,24,6,0.72,6,0.15,1.509,1.124,0.3,0
0,25,0,1.68,0,0.704,0.855,1.124,1.408,0
0,25,1,0.7,1,0.352,0.855,1.124,0.704,0
0,25,2,0.88,2,0.176,0.855,1.124,0.352,1
0,25,3,0.6,3,0.337,0.855,1.124,0.674,1
0,25,4,0.41,4,0.645,0.855,1.124,1.29,1
0,26,0,0.96,0,0.731,1.375,1.124,1.462,1
0,26,1,1.22,1,0.87,1.375,1.124,1.741,0
0,26,2,0.79,2,0.435,1.375,1.124,0.87,1
0,26,3,0.33,3,0.518,1.375,1.124,1.036,1
0,26,4,0.46,4,0.617,1.375,1.124,1.234,1
0,26,5,0.66,5,0.735,1.375,1.124,1.469,0
0,26,6,1.94,6,0.367,1.375,1.124,0.735,0
0,27,0,0.44,0,0.303,1.092,1.124,0.607,1
0,27,1,0.86,1,0.455,1.092,1.124,0.91,1
0,27,2,3.8,2,0.682,1.092,1.124,1.365,0
0,27,3,0.85,3,0.341,1.092,1.124,0.682,1
0,27,4,2.03,4,0.512,1.092,1.124,1.023,0
0,28,0,0.47,0,0.683,1.899,1.124,1.366,1
0,28,1,1.54,1,0.589,1.899,1.124,1.178,0
0,28,2,0.87,2,0.294,1.899,1.124,0.589,0
0,28,3,0.67,3,0.15,1.899,1.124,0.3,1
0,28,4,0.33,4,0.129,1.899,1.124,0.259,1
0,29,0,7.12,0,0.596,0.613,1.124,1.192,0
0,29,1,1.51,1,0.298,0.613,1.124,0.596,0
0,29,2,0.36,2,0.15,0.613,1.124,0.3,0
0,29,3,0.5,3,0.15,0.613,1.124,0.3,0
0,29,4,0.53,4,0.15,0.613,1.124,0.3,0
0,30,0,1.57,0,0.51,1.507,1.124,1.02,1
0,30,1,1.61,1,0.554,1.507,1.124,1.108,0
0,30,2,0.51,2,0.277,1.507,1.124,0.554,0
0,30,3,0.51,3,0.15,1.507,1.124,0.3,0
0,30,4,0.51,4,0.15,1.507,1.124,0.3,0
0,30,5,0.32,5,0.15,1.507,1.124,0.3,0
0,31,0,1.41,0,0.399,1.866,1.124,0.798,0
0,31,1,0.34,1,0.199,1.866,1.124,0.399,1
0,32,0,0.74,0,0.74,1.189,1.124,1.48,1
0,32,1,1.54,1,1.0,1.189,1.124,2.039,1
0,32,2,2.03,2,1.0,1.189,1.124,2.808,0
0,32,3,1.48,3,0.702,1.189,1.124,1.404,0
0,32,4,1.32,4,0.351,1.189,1.124,0.702,0
0,33,0,0.33,0,0.551,1.96,1.124,1.102,1
0,33,1,0.36,1,0.46,1.96,1.124,0.921,1
0,33,2,0.63,2,0.385,1.96,1.124,0.769,0
0,34,0,0.55,0,0.27,1.536,1.124,0.539,0
0,35,0,0.33,0,0.328,1.267,1.124,0.657,0
0,35,1,0.35,1,0.164,1.267,1.124,0.328,1
0,35,2,0.44,2,0.212,1.267,1.124,0.424,1
0,35,3,0.54,3,0.274,1.267,1.124,0.548,0
0,35,4,0.31,4,0.15,1.267,1.124,0.3,0
0,35,5,0.45,5,0.15,1.267,1.124,0.3,0
0,35,6,0.32,6,0.15,1.267,1.124,0.3,1
0,35,7,0.39,7,0.194,1.267,1.124,0.388,0
0,36,0,0.35,0,0.411,0.53,1.124,0.822,1
0,36,1,1.44,1,1.0,0.53,1.124,2.539,1
0,36,2,6.04,2,1.0,0.53,1.124,7.842,0
0,36,3,2.54,3,1.0,0.53,1.124,3.921,0
0,36,4,1.44,4,0.98,0.53,1.124,1.96,0
0,36,5,0.94,5,0.49,0.53,1.124,0.98,1
0,36,6,1.76,6,1.0,0.53,1.124,3.027,1
0,37,0,0.41,0,0.433,0.838,1.124,0.865,1
0,37,1,0.7,1,0.845,0.838,1.124,1.691,1
0,37,2,9.64,2,1.0,0.838,1.124,3.303,0
0,37,3,0.89,3,0.826,0.838,1.124,1.652,1
0,37,4,2.79,4,1.0,0.838,1.124,3.227,0
0,37,5,1.22,5,0.807,0.838,1.124,1.613,0
0,37,6,0.42,6,0.403,0.838,1.124,0.807,1
0,37,7,0.91,7,0.788,0.838,1.124,1.576,1
0,38,0,0.69,0,0.394,1.416,1.124,0.789,0
0,38,1,0.41,1,0.197,1.416,1.124,0.394,0
0,38,2,0.47,2,0.15,1.416,1.124,0.3,0
0,38,3,0.35,3,0.15,1.416,1.124,0.3,1
0,38,4,0.3,4,0.173,1.416,1.124,0.347,1
0,39,0,0.63,0,0.553,1.21,1.124,1.106,1
0,39,1,0.37,1,0.748,1.21,1.124,1.497,1
0,39,2,1.51,2,1.0,1.21,1.124,2.026,0
0,40,0,0.4,0,0.332,0.802,1.124,0.664,1
0,40,1,1.25,1,0.677,0.802,1.124,1.354,0
0,40,2,0.84,2,0.339,0.802,1.124,0.677,0
0,40,3,0.6,3,0.169,0.802,1.124,0.339,0
0,40,4,0.42,4,0.15,0.802,1.124,0.3,0
0,41,0,0.79,0,0.446,1.033,1.124,0.891,1
0,41,1,3.08,1,0.706,1.033,1.124,1.413,0
0,42,0,1.24,0,0.32,1.002,1.124,0.639,0
0,42,1,1.66,1,0.16,1.002,1.124,0.32,0
0,42,2,0.56,2,0.15,1.002,1.124,0.3,0
0,42,3,0.56,3,0.15,1.002,1.124,0.3,0
0,42,4,0.6,4,0.15,1.002,1.124,0.3,0
0,42,5,0.43,5,0.15,1.002,1.124,0.3,0
0,42,6,0.45,6,0.15,1.002,1.124,0.3,0
0,43,0,0.72,0,0.256,1.658,1.124,0.512,0
0,43,1,0.36,1,0.15,1.658,1.124,0.3,0
0,43,2,0.48,2,0.15,1.658,1.124,0.3,0
0,44,0,2.76,0,0.724,1.193,1.124,1.447,0
0,44,1,0.35,1,0.362,1.193,1.124,0.724,0
0,44,2,0.7,2,0.181,1.193,1.124,0.362,1
0,44,3,0.33,3,0.248,1.193,1.124,0.497,1
0,45,0,0.42,0,0.705,1.761,1.124,1.411,1
0,46,0,0.39,0,0.277,1.099,1.124,0.555,0
0,47,0,0.63,0,0.307,1.406,1.124,0.614,0
0,47,1,0.59,1,0.154,1.406,1.124,0.307,0
0,47,2,0.35,2,0.15,1.406,1.124,0.3,1
0,47,3,0.47,3,0.175,1.406,1.124,0.349,0
0,48,0,0.5,0,0.431,1.872,1.124,0.862,0
0,48,1,1.42,1,0.216,1.872,1.124,0.431,0
0,48,2,0.47,2,0.15,1.872,1.124,0.3,1
0,48,3,0.37,3,0.131,1.872,1.124,0.262,1
0,48,4,0.38,4,0.115,1.872,1.124,0.229,0
0,48,5,0.43,5,0.15,1.872,1.124,0.3,0
0,48,6,0.4,6,0.15,1.872,1.124,0.3,0
0,49,0,0.72,0,0.514,1.571,1.124,1.028,1
0,49,1,0.91,1,0.535,1.571,1.124,1.071,0
0,49,2,1.39,2,0.268,1.571,1.124,0.535,0
0,49,3,0.37,3,0.15,1.571,1.124,0.3,1
0,49,4,0.34,4,0.156,1.571,1.124,0.313,0
0,49,5,0.53,5,0.15,1.571,1.124,0.3,1
0,50,0,2.29,0,0.65,0.656,1.124,1.3,0
0,50,1,0.88,1,0.325,0.656,1.124,0.65,0
0,50,2,0.96,2,0.162,0.656,1.124,0.325,0
0,51,0,0.31,0,0.412,1.11,1.124,0.824,0
0,51,1,0.79,1,0.206,1.11,1.124,0.412,0
0,52,0,0.32,0,0.44,0.889,1.124,0.88,0
0,52,1,0.44,1,0.22,0.889,1.124,0.44,0
0,52,2,0.35,2,0.15,0.889,1.124,0.3,0
0,52,3,0.43,3,0.15,0.889,1.124,0.3,0
0,52,4,0.44,4,0.15,0.889,1.124,0.3,0
0,52,5,0.41,5,0.15,0.889,1.124,0.3,1
0,52,6,0.7,6,0.276,0.889,1.124,0.552,0
0,53,0,2.33,0,0.592,1.537,1.124,1.183,1
0,53,1,1.06,1,0.63,1.537,1.124,1.26,0
0,53,2,1.08,2,0.315,1.537,1.124,0.63,0
0,53,3,0.3,3,0.158,1.537,1.124,0.315,0
0,53,4,0.53,4,0.15,1.537,1.124,0.3,1
0,53,5,0.85,5,0.16,1.537,1.124,0.32,0
0,54,0,0.4,0,0.333,0.57,1.124,0.666,1
0,54,1,2.27,1,0.956,0.57,1.124,1.912,0
0,54,2,0.93,2,0.478,0.57,1.124,0.956,0
0,55,0,1.64,0,0.727,1.095,1.124,1.454,1
0,55,1,1.34,1,1.0,1.095,1.124,2.174,0
0,55,2,0.61,2,0.544,1.095,1.124,1.087,1
0,55,3,1.78,3,0.813,1.095,1.124,1.625,0
0,55,4,0.96,4,0.406,1.095,1.124,0.813,0
0,55,5,0.76,5,0.203,1.095,1.124,0.406,0
0,56,0,0.59,0,0.545,0.908,1.124,1.09,1
0,56,1,0.42,1,0.983,0.908,1.124,1.965,0
0,56,2,1.28,2,0.491,0.908,1.124,0.983,0
0,57,0,1.0,0,0.74,1.456,1.124,1.481,1
0,57,1,5.42,1,0.833,1.456,1.124,1.665,0
0,58,0,0.43,0,0.708,1.352,1.124,1.415,1
0,58,1,0.56,1,0.857,1.352,1.124,1.714,0
0,58,2,1.12,2,0.429,1.352,1.124,0.857,1
0,58,3,0.74,3,0.519,1.352,1.124,1.038,1
0,58,4,0.7,4,0.629,1.352,1.124,1.257,1
0,58,5,1.0,5,0.761,1.352,1.124,1.522,1
0,59,0,0.88,0,0.536,1.107,1.124,1.072,0
0,59,1,0.44,1,0.268,1.107,1.124,0.536,0
0,59,2,0.36,2,0.15,1.107,1.124,0.3,1
0,59,3,0.93,3,0.222,1.107,1.124,0.444,0
0,59,4,1.6,4,0.15,1.107,1.124,0.3,0
0,59,5,0.61,5,0.15,1.107,1.124,0.3,0
0,59,6,0.73,6,0.15,1.107,1.124,0.3,0
0,59,7,0.61,7,0.15,1.107,1.124,0.3,0
1,0,0,0.45,0,0.305,0.858,0.56,0.61,0
1,0,1,0.37,1,0.153,0.858,0.56,0.305,0
1,0,2,0.31,2,0.15,0.858,0.56,0.3,1
1,0,3,1.43,3,0.257,0.858,0.56,0.513,0
1,0,4,0.36,4,0.15,0.858,0.56,0.3,0
1,0,5,0.49,5,0.15,0.858,0.56,0.3,0
1,1,0,0.53,0,0.622,1.984,0.56,1.243,1
1,1,1,0.76,1,0.46,1.984,0.56,0.92,1
1,1,2,0.39,2,0.34,1.984,0.56,0.681,0
1,1,3,0.4,3,0.17,1.984,0.56,0.34,1
1,2,0,1.18,0,0.692,1.954,0.56,1.384,0
1,2,1,0.63,1,0.346,1.954,0.56,0.692,0
1,2,2,0.85,2,0.173,1.954,0.56,0.346,0
1,3,0,0.39,0,0.697,0.552,0.56,1.395,0
1,3,1,0.45,1,0.349,0.552,0.56,0.697,1
1,3,2,0.42,2,0.927,0.552,0.56,1.854,1
1,3,3,1.91,3,1.0,0.552,0.56,4.928,1
1,3,4,1.08,4,1.0,0.552,0.56,13.1,1
1,4,0,0.33,0,0.288,1.525,0.56,0.576,0
1,5,0,0.98,0,0.581,1.357,0.56,1.162,1
1,5,1,2.16,1,0.629,1.357,0.56,1.257,0
1,5,2,1.19,2,0.314,1.357,0.56,0.629,0
1,5,3,0.7,3,0.157,1.357,0.56,0.314,0
1,5,4,0.59,4,0.15,1.357,0.56,0.3,1
1,5,5,0.78,5,0.162,1.357,0.56,0.325,0
1,5,6,0.59,6,0.15,1.357,0.56,0.3,0
1,5,7,0.66,7,0.15,1.357,0.56,0.3,1
1,6,0,0.94,0,0.558,0.931,0.56,1.117,1
1,7,0,0.84,0,0.255,1.065,0.56,0.509,0
1,7,1,0.99,1,0.15,1.065,0.56,0.3,0
1,7,2,0.51,2,0.15,1.065,0.56,0.3,1
1,7,3,0.4,3,0.207,1.065,0.56,0.414,0
1,7,4,0.31,4,0.15,1.065,0.56,0.3,0
1,8,0,1.38,0,0.686,0.569,0.56,1.372,0
1,8,1,0.8,1,0.343,0.569,0.56,0.686,1
1,8,2,2.44,2,0.885,0.569,0.56,1.771,0
1,8,3,1.36,3,0.443,0.569,0.56,0.885,0
1,8,4,0.33,4,0.221,0.569,0.56,0.443,0
1,8,5,0.46,5,0.15,0.569,0.56,0.3,0
1,8,6,0.61,6,0.15,0.569,0.56,0.3,0
1,8,7,0.33,7,0.15,0.569,0.56,0.3,0
1,9,0,0.33,0,0.623,1.587,0.56,1.246,1
1,9,1,0.67,1,0.576,1.587,0.56,1.153,0
1,9,2,0.38,2,0.288,1.587,0.56,0.576,0
1,10,0,0.97,0,0.635,1.665,0.56,1.271,0
1,10,1,0.39,1,0.318,1.665,0.56,0.635,1
1,10,2,0.3,2,0.28,1.665,0.56,0.56,1
1,10,3,0.58,3,0.247,1.665,0.56,0.494,1
1,10,4,0.35,4,0.218,1.665,0.56,0.436,0
1,10,5,0.42,5,0.15,1.665,0.56,0.3,0
1,11,0,0.64,0,0.482,0.724,0.56,0.965,1
1,11,1,1.92,1,0.977,0.724,0.56,1.955,0
1,11,2,1.34,2,0.489,0.724,0.56,0.977,1
1,11,3,0.68,3,0.991,0.724,0.56,1.981,0
1,11,4,0.41,4,0.495,0.724,0.56,0.991,1
1,11,5,1.45,5,1.0,0.724,0.56,2.008,1
1,12,0,1.83,0,0.509,0.99,0.56,1.018,0
1,13,0,0.49,0,0.597,0.801,0.56,1.193,1
1,13,1,0.47,1,1.0,0.801,0.56,2.186,1
1,13,2,8.02,2,1.0,0.801,0.56,4.005,1
1,13,3,4.3,3,1.0,0.801,0.56,7.339,0
1,13,4,4.46,4,1.0,0.801,0.56,3.669,0
1,13,5,2.47,5,0.917,0.801,0.56,1.835,0
1,13,6,0.96,6,0.459,0.801,0.56,0.917,0
1,14,0,0.67,0,0.291,1.597,0.56,0.582,0
1,14,1,0.38,1,0.15,1.597,0.56,0.3,0
1,14,2,0.59,2,0.15,1.597,0.56,0.3,1
1,14,3,0.33,3,0.138,1.597,0.56,0.276,1
1,14,4,0.49,4,0.127,1.597,0.56,0.253,0
1,14,5,0.32,5,0.15,1.597,0.56,0.3,0
1,15,0,0.49,0,0.459,0.831,0.56,0.918,0
1,15,1,0.74,1,0.23,0.831,0.56,0.459,0
1,15,2,0.39,2,0.15,0.831,0.56,0.3,0
1,15,3,0.44,3,0.15,0.831,0.56,0.3,0
1,15,4,0.79,4,0.15,0.831,0.56,0.3,0
1,15,5,0.81,5,0.15,0.831,0.56,0.3,0
1,15,6,0.5,6,0.15,0.831,0.56,0.3,1
1,16,0,1.29,0,0.705,1.574,0.56,1.409,1
1,16,1,0.96,1,0.657,1.574,0.56,1.314,0
1,16,2,0.35,2,0.329,1.574,0.56,0.657,1
1,16,3,0.69,3,0.307,1.574,0.56,0.613,1
1,16,4,0.72,4,0.286,1.574,0.56,0.572,1
1,16,5,0.49,5,0.267,1.574,0.56,0.534,1
1,16,6,0.39,6,0.249,1.574,0.56,0.498,1
1,17,0,0.78,0,0.471,1.826,0.56,0.942,1
1,17,1,0.45,1,0.379,1.826,0.56,0.758,0
1,17,2,0.63,2,0.189,1.826,0.56,0.379,1
1,17,3,0.58,3,0.152,1.826,0.56,0.305,0
1,17,4,0.44,4,0.15,1.826,0.56,0.3,0
1,17,5,0.73,5,0.15,1.826,0.56,0.3,0
1,17,6,0.32,6,0.15,1.826,0.56,0.3,0
1,17,7,0.88,7,0.15,1.826,0.56,0.3,1
1,18,0,0.36,0,0.476,0.683,0.56,0.952,1
1,18,1,1.03,1,1.0,0.683,0.56,2.046,1
1,18,2,3.87,2,1.0,0.683,0.56,4.397,1
1,18,3,5.18,3,1.0,0.683,0.56,9.45,1
1,18,4,11.1,4,1.0,0.683,0.56,20.307,1
1,19,0,1.23,0,0.328,1.596,0.56,0.656,1
1,19,1,0.8,1,0.302,1.596,0.56,0.603,0
1,19,2,0.73,2,0.151,1.596,0.56,0.302,0
1,19,3,0.31,3,0.15,1.596,0.56,0.3,0
1,19,4,0.35,4,0.15,1.596,0.56,0.3,0
1,19,5,0.41,5,0.15,1.596,0.56,0.3,0
1,20,0,1.07,0,0.274,1.999,0.56,0.548,0
1,21,0,0.85,0,0.295,1.629,0.56,0.59,0
1,21,1,0.53,1,0.15,1.629,0.56,0.3,0
1,21,2,0.6,2,0.15,1.629,0.56,0.3,0
1,21,3,0.33,3,0.15,1.629,0.56,0.3,0
1,21,4,0.3,4,0.15,1.629,0.56,0.3,0
1,21,5,0.55,5,0.15,1.629,0.56,0.3,0
1,21,6,0.43,6,0.15,1.629,0.56,0.3,0
1,22,0,1.09,0,0.552,0.61,0.56,1.103,0
1,22,1,0.57,1,0.276,0.61,0.56,0.552,0
1,22,2,0.82,2,0.15,0.61,0.56,0.3,0
1,22,3,0.32,3,0.15,0.61,0.56,0.3,1
1,22,4,0.63,4,0.361,0.61,0.56,0.722,0
1,22,5,0.5,5,0.181,0.61,0.56,0.361,0
1,23,0,0.98,0,0.465,1.734,0.56,0.931,0
1,23,1,0.39,1,0.233,1.734,0.56,0.465,1
1,23,2,0.48,2,0.197,1.734,0.56,0.394,1
1,23,3,0.38,3,0.167,1.734,0.56,0.334,0
1,23,4,0.38,4,0.15,1.734,0.56,0.3,0
1,23,5,0.56,5,0.15,1.734,0.56,0.3,0
1,23,6,0.34,6,0.15,1.734,0.56,0.3,0
1,23,7,0.34,7,0.15,1.734,0.56,0.3,1
1,24,0,0.59,0,0.378,1.351,0.56,0.757,1
1,24,1,1.27,1,0.411,1.351,0.56,0.822,1
1,24,2,0.3,2,0.447,1.351,0.56,0.893,0
1,24,3,0.53,3,0.223,1.351,0.56,0.447,0
1,25,0,1.69,0,0.43,0.762,0.56,0.861,0
1,25,1,0.38,1,0.215,0.762,0.56,0.43,0
1,26,0,1.49,0,0.584,1.136,0.56,1.168,1
1,26,1,0.88,1,0.755,1.136,0.56,1.509,0
1,27,0,0.32,0,0.518,1.209,0.56,1.035,1
1,27,1,1.12,1,0.628,1.209,0.56,1.257,0
1,27,2,0.7,2,0.314,1.209,0.56,0.628,0
1,27,3,1.27,3,0.157,1.209,0.56,0.314,0
1,27,4,0.42,4,0.15,1.209,0.56,0.3,0
1,27,5,0.55,5,0.15,1.209,0.56,0.3,0
1,28,0,0.72,0,0.29,0.911,0.56,0.579,0
1,28,1,0.41,1,0.15,0.911,0.56,0.3,0
1,28,2,0.42,2,0.15,0.911,0.56,0.3,0
1,28,3,0.53,3,0.15,0.911,0.56,0.3,0
1,28,4,0.49,4,0.15,0.911,0.56,0.3,0
1,28,5,0.36,5,0.15,0.911,0.56,0.3,1
1,28,6,0.46,6,0.242,0.911,0.56,0.483,1
1,28,7,3.24,7,0.389,0.911,0.56,0.779,0
1,29,0,1.5,0,0.731,0.633,0.56,1.462,1
1,29,1,2.12,1,1.0,0.633,0.56,3.389,0
1,29,2,0.81,2,0.847,0.633,0.56,1.695,0
1,29,3,1.24,3,0.424,0.633,0.56,0.847,0
1,29,4,1.08,4,0.212,0.633,0.56,0.424,0
1,30,0,0.51,0,0.51,1.763,0.56,1.021,1
1,30,1,0.72,1,0.425,1.763,0.56,0.85,1
1,30,2,0.33,2,0.354,1.763,0.56,0.708,1
1,30,3,0.5,3,0.295,1.763,0.56,0.59,1
1,30,4,0.39,4,0.245,1.763,0.56,0.491,1
1,30,5,1.12,5,0.204,1.763,0.56,0.409,0
1,31,0,4.67,0,0.643,0.743,0.56,1.286,0
1,31,1,0.36,1,0.322,0.743,0.56,0.643,0
1,31,2,0.41,2,0.161,0.743,0.56,0.322,1
1,31,3,0.34,3,0.318,0.743,0.56,0.636,1
1,31,4,0.47,4,0.628,0.743,0.56,1.257,0
1,31,5,0.75,5,0.314,0.743,0.56,0.628,0
1,31,6,0.33,6,0.157,0.743,0.56,0.314,0
1,32,0,1.52,0,0.501,0.762,0.56,1.003,0
1,33,0,0.4,0,0.489,0.683,0.56,0.978,0
1,33,1,0.49,1,0.245,0.683,0.56,0.489,1
1,33,2,0.82,2,0.526,0.683,0.56,1.052,0
1,33,3,0.39,3,0.263,0.683,0.56,0.526,0
1,34,0,0.68,0,0.326,1.475,0.56,0.652,0
1,34,1,0.62,1,0.163,1.475,0.56,0.326,0
1,34,2,0.37,2,0.15,1.475,0.56,0.3,1
1,35,0,0.93,0,0.383,1.674,0.56,0.765,1
1,35,1,0.63,1,0.336,1.674,0.56,0.671,0
1,35,2,0.48,2,0.168,1.674,0.56,0.336,0
1,35,3,0.33,3,0.15,1.674,0.56,0.3,1
1,35,4,0.38,4,0.132,1.674,0.56,0.263,0
1,35,5,0.67,5,0.15,1.674,0.56,0.3,1
1,35,6,0.4,6,0.132,1.674,0.56,0.263,0
1,36,0,0.91,0,0.38,0.529,0.56,0.76,1
1,36,1,2.95,1,1.0,0.529,0.56,2.11,0
1,37,0,0.56,0,0.282,0.798,0.56,0.565,0
1,37,1,0.69,1,0.15,0.798,0.56,0.3,0
1,37,2,0.44,2,0.15,0.798,0.56,0.3,0
1,37,3,0.44,3,0.15,0.798,0.56,0.3,0
1,37,4,0.41,4,0.15,0.798,0.56,0.3,0
1,37,5,0.95,5,0.15,0.798,0.56,0.3,0
1,37,6,0.38,6,0.15,0.798,0.56,0.3,0
1,37,7,0.69,7,0.15,0.798,0.56,0.3,1
1,38,0,0.76,0,0.481,1.853,0.56,0.961,1
1,38,1,1.47,1,0.381,1.853,0.56,0.762,0
1,38,2,0.87,2,0.19,1.853,0.56,0.381,1
1,39,0,0.36,0,0.58,1.619,0.56,1.159,1
1,39,1,2.61,1,0.525,1.619,0.56,1.051,0
1,39,2,0.46,2,0.263,1.619,0.56,0.525,0
1,40,0,0.55,0,0.343,1.492,0.56,0.685,1
1,40,1,0.56,1,0.337,1.492,0.56,0.674,1
1,40,2,0.64,2,0.332,1.492,0.56,0.663,1
1,41,0,0.41,0,0.584,1.964,0.56,1.167,1
1,41,1,1.21,1,0.436,1.964,0.56,0.873,1
1,41,2,1.88,2,0.326,1.964,0.56,0.652,0
1,42,0,0.99,0,0.74,0.939,0.56,1.48,0
1,42,1,0.39,1,0.37,0.939,0.56,0.74,1
1,42,2,0.4,2,0.578,0.939,0.56,1.157,1
1,42,3,1.31,3,0.904,0.939,0.56,1.808,1
1,42,4,0.65,4,1.0,0.939,0.56,2.826,1
1,42,5,2.42,5,1.0,0.939,0.56,4.417,1
1,43,0,1.92,0,0.586,1.989,0.56,1.171,0
1,43,1,1.06,1,0.293,1.989,0.56,0.586,0
1,43,2,0.61,2,0.15,1.989,0.56,0.3,0
1,43,3,1.18,3,0.15,1.989,0.56,0.3,0
1,43,4,0.31,4,0.15,1.989,0.56,0.3,0
1,43,5,0.66,5,0.15,1.989,0.56,0.3,0
1,44,0,0.8,0,0.67,1.259,0.56,1.341,1
1,44,1,0.42,1,0.782,1.259,0.56,1.564,1
1,44,2,0.43,2,0.912,1.259,0.56,1.824,1
1,44,3,0.56,3,1.0,1.259,0.56,2.127,1
1,44,4,3.2,4,1.0,1.259,0.56,2.481,1
1,45,0,0.52,0,0.69,0.791,0.56,1.38,1
1,45,1,2.67,1,1.0,0.791,0.56,2.561,0
1,46,0,1.69,0,0.527,1.676,0.56,1.054,0
1,46,1,0.96,1,0.264,1.676,0.56,0.527,0
1,46,2,0.69,2,0.15,1.676,0.56,0.3,0
1,46,3,0.45,3,0.15,1.676,0.56,0.3,0
1,46,4,0.62,4,0.15,1.676,0.56,0.3,0
1,46,5,0.33,5,0.15,1.676,0.56,0.3,0
1,47,0,1.29,0,0.687,1.103,0.56,1.374,1
1,47,1,1.41,1,0.914,1.103,0.56,1.828,1
1,47,2,2.22,2,1.0,1.103,0.56,2.432,0
1,47,3,0.57,3,0.608,1.103,0.56,1.216,1
1,47,4,0.37,4,0.809,1.103,0.56,1.618,1
1,48,0,1.77,0,0.604,1.677,0.56,1.208,0
1,48,1,0.86,1,0.302,1.677,0.56,0.604,1
1,48,2,0.47,2,0.264,1.677,0.56,0.529,1
1,48,3,0.36,3,0.231,1.677,0.56,0.463,0
1,48,4,0.44,4,0.15,1.677,0.56,0.3,0
1,48,5,0.59,5,0.15,1.677,0.56,0.3,0
1,48,6,0.93,6,0.15,1.677,0.56,0.3,0
1,49,0,1.8,0,0.6,0.748,0.56,1.2,0
1,49,1,0.61,1,0.3,0.748,0.56,0.6,1
1,49,2,0.76,2,0.589,0.748,0.56,1.178,0
1,49,3,1.06,3,0.294,0.748,0.56,0.589,0
1,49,4,0.44,4,0.15,0.748,0.56,0.3,1
1,49,5,0.33,5,0.294,0.748,0.56,0.589,1
1,50,0,0.53,0,0.633,1.594,0.56,1.266,1
1,50,1,0.72,1,0.583,1.594,0.56,1.165,1
1,50,2,0.55,2,0.537,1.594,0.56,1.073,1
1,50,3,0.33,3,0.494,1.594,0.56,0.988,0
1,50,4,1.57,4,0.247,1.594,0.56,0.494,0
1,50,5,0.42,5,0.15,1.594,0.56,0.3,1
1,51,0,1.21,0,0.273,1.78,0.56,0.547,1
1,51,1,0.54,1,0.225,1.78,0.56,0.451,0
1,52,0,0.41,0,0.582,0.533,0.56,1.164,0
1,52,1,0.5,1,0.291,0.533,0.56,0.582,0
1,52,2,0.44,2,0.15,0.533,0.56,0.3,0
1,52,3,0.33,3,0.15,0.533,0.56,0.3,0
1,53,0,0.74,0,0.724,0.963,0.56,1.447,1
1,53,1,0.55,1,1.0,0.963,0.56,2.206,0
1,53,2,0.94,2,0.551,0.963,0.56,1.103,0
1,53,3,0.35,3,0.276,0.963,0.56,0.551,1
1,54,0,0.49,0,0.522,1.562,0.56,1.044,0
1,54,1,0.5,1,0.261,1.562,0.56,0.522,1
1,54,2,0.34,2,0.245,1.562,0.56,0.49,0
1,54,3,0.43,3,0.15,1.562,0.56,0.3,0
1,54,4,0.32,4,0.15,1.562,0.56,0.3,1
1,54,5,1.05,5,0.141,1.562,0.56,0.282,0
1,55,0,1.33,0,0.522,1.808,0.56,1.045,0
1,55,1,0.38,1,0.261,1.808,0.56,0.522,0
1,55,2,1.18,2,0.15,1.808,0.56,0.3,0
1,55,3,0.31,3,0.15,1.808,0.56,0.3,0
1,56,0,0.62,0,0.499,1.308,0.56,0.998,1
1,56,1,0.7,1,0.56,1.308,0.56,1.12,1
1,56,2,0.48,2,0.628,1.308,0.56,1.257,1
1,56,3,0.74,3,0.705,1.308,0.56,1.411,1
1,56,4,1.44,4,0.792,1.308,0.56,1.583,1
1,56,5,3.13,5,0.889,1.308,0.56,1.777,0
1,57,0,2.14,0,0.557,0.749,0.56,1.113,0
1,57,1,1.9,1,0.278,0.749,0.56,0.557,0
1,57,2,0.77,2,0.15,0.749,0.56,0.3,0
1,57,3,0.33,3,0.15,0.749,0.56,0.3,1
1,57,4,1.18,4,0.294,0.749,0.56,0.588,0
1,58,0,0.98,0,0.734,1.258,0.56,1.467,1
1,58,1,7.3,1,0.856,1.258,0.56,1.712,0
1,58,2,0.94,2,0.428,1.258,0.56,0.856,1
1,58,3,0.32,3,0.5,1.258,0.56,0.999,0
1,58,4,0.38,4,0.25,1.258,0.56,0.5,1
1,58,5,0.44,5,0.292,1.258,0.56,0.583,0
1,58,6,0.32,6,0.15,1.258,0.56,0.3,1
1,59,0,0.68,0,0.66,0.881,0.56,1.319,1
1,59,1,2.21,1,1.0,0.881,0.56,2.197,0
1,59,2,0.76,2,0.549,0.881,0.56,1.099,0
1,59,3,0.7,3,0.275,0.881,0.56,0.549,0
2,0,0,0.33,0,0.74,1.207,1.311,1.479,1
2,0,1,0.31,1,1.0,1.207,1.311,2.075,1
2,0,2,0.67,2,1.0,1.207,1.311,2.911,1
2,1,0,0.44,0,0.284,1.041,1.311,0.569,0
2,2,0,1.88,0,0.686,1.907,1.311,1.371,1
2,2,1,0.46,1,0.609,1.907,1.311,1.217,1
2,2,2,0.66,2,0.54,1.907,1.311,1.081,1
2,2,3,0.66,3,0.48,1.907,1.311,0.959,0
2,2,4,0.52,4,0.24,1.907,1.311,0.48,1
2,2,5,1.31,5,0.213,1.907,1.311,0.426,0
2,2,6,0.56,6,0.15,1.907,1.311,0.3,0
2,3,0,1.61,0,0.53,1.432,1.311,1.059,0
2,3,1,1.06,1,0.265,1.432,1.311,0.53,0
2,3,2,0.32,2,0.15,1.432,1.311,0.3,1
2,3,3,0.3,3,0.177,1.432,1.311,0.355,0
2,4,0,0.81,0,0.4,0.946,1.311,0.8,1
2,4,1,2.4,1,0.716,0.946,1.311,1.432,0
2,4,2,2.56,2,0.358,0.946,1.311,0.716,0
2,4,3,0.49,3,0.179,0.946,1.311,0.358,0
2,4,4,0.37,4,0.15,0.946,1.311,0.3,0
2,4,5,0.48,5,0.15,0.946,1.311,0.3,0
2,5,0,2.38,0,0.619,1.233,1.311,1.238,0
2,6,0,0.32,0,0.689,1.744,1.311,1.379,0
2,7,0,1.3,0,0.319,1.197,1.311,0.638,0
2,7,1,0.51,1,0.159,1.197,1.311,0.319,0
2,7,2,0.36,2,0.15,1.197,1.311,0.3,0
2,8,0,2.49,0,0.442,0.656,1.311,0.885,0
2,8,1,1.58,1,0.221,0.656,1.311,0.442,0
2,8,2,0.41,2,0.15,0.656,1.311,0.3,0
2,8,3,0.36,3,0.15,0.656,1.311,0.3,0
2,8,4,0.43,4,0.15,0.656,1.311,0.3,0
2,9,0,0.8,0,0.487,1.171,1.311,0.974,1
2,10,0,1.23,0,0.36,0.511,1.311,0.719,0
2,10,1,0.36,1,0.18,0.511,1.311,0.36,0
2,10,2,0.31,2,0.15,0.511,1.311,0.3,1
2,11,0,0.81,0,0.516,1.727,1.311,1.032,0
2,11,1,0.55,1,0.258,1.727,1.311,0.516,0
2,11,2,0.42,2,0.15,1.727,1.311,0.3,0
2,12,0,1.25,0,0.607,1.861,1.311,1.214,0
2,12,1,0.84,1,0.304,1.861,1.311,0.607,0
2,12,2,0.3,2,0.152,1.861,1.311,0.304,1
2,12,3,0.7,3,0.138,1.861,1.311,0.276,0
2,13,0,0.72,0,0.65,1.498,1.311,1.3,0
2,13,1,0.33,1,0.325,1.498,1.311,0.65,1
2,13,2,0.53,2,0.367,1.498,1.311,0.735,0
2,13,3,0.42,3,0.184,1.498,1.311,0.367,0
2,14,0,0.4,0,0.568,0.515,1.311,1.136,1
2,14,1,3.83,1,1.0,0.515,1.311,3.734,0
2,14,2,2.61,2,0.933,0.515,1.311,1.867,0
2,14,3,0.36,3,0.467,0.515,1.311,0.933,1
2,14,4,5.47,4,1.0,0.515,1.311,3.068,0
2,14,5,2.12,5,0.767,0.515,1.311,1.534,1
2,15,0,1.36,0,0.676,1.081,1.311,1.352,0
2,15,1,0.58,1,0.338,1.081,1.311,0.676,0
2,15,2,0.71,2,0.169,1.081,1.311,0.338,0
2,15,3,0.4,3,0.15,1.081,1.311,0.3,0
2,16,0,0.9,0,0.594,1.558,1.311,1.188,1
2,16,1,1.6,1,0.646,1.558,1.311,1.291,0
2,16,2,0.49,2,0.323,1.558,1.311,0.646,1
2,16,3,0.54,3,0.351,1.558,1.311,0.702,0
2,16,4,0.52,4,0.175,1.558,1.311,0.351,0
2,16,5,0.47,5,0.15,1.558,1.311,0.3,1
2,16,6,0.34,6,0.163,1.558,1.311,0.326,1
2,17,0,0.54,0,0.354,0.649,1.311,0.709,1
2,17,1,0.33,1,0.925,0.649,1.311,1.85,1
2,17,2,8.08,2,1.0,0.649,1.311,4.826,1
2,18,0,0.63,0,0.407,1.934,1.311,0.814,1
2,18,1,0.77,1,0.356,1.934,1.311,0.713,1
2,18,2,0.31,2,0.312,1.934,1.311,0.624,1
2,18,3,0.37,3,0.273,1.934,1.311,0.546,1
2,18,4,0.91,4,0.239,1.934,1.311,0.478,0
2,18,5,0.34,5,0.15,1.934,1.311,0.3,0
2,18,6,0.54,6,0.15,1.934,1.311,0.3,0
2,19,0,0.75,0,0.541,0.748,1.311,1.083,0
2,19,1,0.55,1,0.271,0.748,1.311,0.541,0
2,19,2,0.5,2,0.15,0.748,1.311,0.3,1
2,19,3,0.54,3,0.34,0.748,1.311,0.679,0
2,19,4,0.36,4,0.17,0.748,1.311,0.34,0
2,20,0,0.82,0,0.611,1.864,1.311,1.222,0
2,20,1,0.57,1,0.306,1.864,1.311,0.611,1
2,20,2,1.66,2,0.278,1.864,1.311,0.555,0
2,20,3,0.6,3,0.15,1.864,1.311,0.3,0
2,20,4,0.38,4,0.15,1.864,1.311,0.3,0
2,21,0,0.82,0,0.553,1.162,1.311,1.106,0
2,21,1,1.08,1,0.276,1.162,1.311,0.553,0
2,21,2,0.6,2,0.15,1.162,1.311,0.3,0
2,21,3,0.96,3,0.15,1.162,1.311,0.3,0
2,21,4,0.42,4,0.15,1.162,1.311,0.3,0
2,21,5,0.77,5,0.15,1.162,1.311,0.3,0
2,21,6,0.85,6,0.15,1.162,1.311,0.3,1
2,21,7,0.5,7,0.219,1.162,1.311,0.437,0
2,22,0,1.26,0,0.4,0.702,1.311,0.799,0
2,22,1,0.67,1,0.2,0.702,1.311,0.4,0
2,22,2,0.35,2,0.15,0.702,1.311,0.3,0
2,22,3,0.32,3,0.15,0.702,1.311,0.3,1
2,22,4,0.3,4,0.362,0.702,1.311,0.724,0
2,22,5,0.74,5,0.181,0.702,1.311,0.362,0
2,22,6,0.32,6,0.15,0.702,1.311,0.3,0
2,22,7,0.57,7,0.15,0.702,1.311,0.3,1
2,23,0,1.51,0,0.525,0.959,1.311,1.049,0
2,23,1,0.33,1,0.262,0.959,1.311,0.525,1
2,23,2,0.35,2,0.463,0.959,1.311,0.926,1
2,23,3,2.11,3,0.817,0.959,1.311,1.635,1
2,23,4,1.34,4,1.0,0.959,1.311,2.886,1
2,23,5,1.24,5,1.0,0.959,1.311,5.094,0
2,24,0,1.16,0,0.703,1.108,1.311,1.406,0
2,24,1,0.69,1,0.352,1.108,1.311,0.703,0
2,24,2,0.35,2,0.176,1.108,1.311,0.352,0
2,24,3,0.72,3,0.15,1.108,1.311,0.3,0
2,24,4,0.51,4,0.15,1.108,1.311,0.3,0
2,25,0,1.14,0,0.367,1.195,1.311,0.735,1
2,25,1,1.39,1,0.521,1.195,1.311,1.041,1
2,25,2,1.01,2,0.738,1.195,1.311,1.476,0
2,25,3,0.33,3,0.369,1.195,1.311,0.738,0
2,25,4,0.4,4,0.184,1.195,1.311,0.369,1
2,26,0,1.04,0,0.603,0.914,1.311,1.207,0
2,26,1,0.48,1,0.302,0.914,1.311,0.603,0
2,26,2,0.48,2,0.151,0.914,1.311,0.302,0
2,26,3,0.9,3,0.15,0.914,1.311,0.3,0
2,26,4,0.54,4,0.15,0.914,1.311,0.3,0
2,26,5,0.31,5,0.15,0.914,1.311,0.3,0
2,26,6,0.54,6,0.15,0.914,1.311,0.3,1
2,27,0,3.56,0,0.688,0.881,1.311,1.376,0
2,27,1,1.03,1,0.344,0.881,1.311,0.688,0
2,27,2,0.31,2,0.172,0.881,1.311,0.344,0
2,27,3,0.42,3,0.15,0.881,1.311,0.3,0
2,27,4,0.35,4,0.15,0.881,1.311,0.3,1
2,28,0,0.64,0,0.458,1.651,1.311,0.917,0
2,28,1,0.45,1,0.229,1.651,1.311,0.458,0
2,28,2,0.63,2,0.15,1.651,1.311,0.3,0
2,28,3,0.31,3,0.15,1.651,1.311,0.3,1
2,28,4,0.59,4,0.154,1.651,1.311,0.308,0
2,29,0,0.48,0,0.591,0.578,1.311,1.182,1
2,29,1,0.45,1,1.0,0.578,1.311,3.462,1
2,29,2,5.45,2,1.0,0.578,1.311,10.136,1
2,29,3,10.2,3,1.0,0.578,1.311,29.677,1
2,29,4,1.49,4,1.0,0.578,1.311,86.897,1
2,29,5,92.56,5,1.0,0.578,1.311,254.44,1
2,30,0,1.05,0,0.255,1.393,1.311,0.51,0
2,30,1,0.43,1,0.15,1.393,1.311,0.3,0
2,30,2,0.35,2,0.15,1.393,1.311,0.3,0
2,31,0,0.31,0,0.341,1.052,1.311,0.682,1
2,31,1,1.44,1,0.549,1.052,1.311,1.098,0
2,31,2,0.3,2,0.274,1.052,1.311,0.549,1
2,31,3,0.94,3,0.442,1.052,1.311,0.884,0
2,31,4,0.46,4,0.221,1.052,1.311,0.442,1
2,31,5,0.33,5,0.356,1.052,1.311,0.712,1
2,31,6,1.4,6,0.573,1.052,1.311,1.146,0
2,32,0,0.58,0,0.729,0.587,1.311,1.458,1
2,33,0,0.53,0,0.638,1.342,1.311,1.277,1
2,34,0,0.6,0,0.561,0.711,1.311,1.122,1
2,34,1,2.23,1,1.0,0.711,1.311,2.672,0
2,35,0,0.67,0,0.419,1.921,1.311,0.837,1
2,35,1,0.38,1,0.369,1.921,1.311,0.738,1
2,35,2,0.75,2,0.325,1.921,1.311,0.651,0
2,35,3,0.47,3,0.163,1.921,1.311,0.325,0
2,35,4,0.45,4,0.15,1.921,1.311,0.3,0
2,35,5,0.65,5,0.15,1.921,1.311,0.3,0
2,36,0,0.84,0,0.466,1.32,1.311,0.933,0
2,36,1,0.67,1,0.233,1.32,1.311,0.466,1
2,36,2,2.52,2,0.299,1.32,1.311,0.598,0
2,36,3,0.32,3,0.15,1.32,1.311,0.3,0
2,36,4,0.44,4,0.15,1.32,1.311,0.3,0
2,36,5,0.35,5,0.15,1.32,1.311,0.3,0
2,37,0,0.76,0,0.338,1.879,1.311,0.676,0
2,37,1,0.34,1,0.169,1.879,1.311,0.338,0
2,37,2,0.57,2,0.15,1.879,1.311,0.3,0
2,37,3,0.34,3,0.15,1.879,1.311,0.3,0
2,37,4,0.61,4,0.15,1.879,1.311,0.3,1
2,37,5,0.38,5,0.135,1.879,1.311,0.27,0
2,38,0,1.61,0,0.567,0.843,1.311,1.134,0
2,38,1,0.42,1,0.284,0.843,1.311,0.567,1
2,38,2,0.71,2,0.57,0.843,1.311,1.139,1
2,38,3,1.92,3,1.0,0.843,1.311,2.288,1
2,38,4,0.41,4,1.0,0.843,1.311,4.596,1
2,38,5,6.59,5,1.0,0.843,1.311,9.232,0
2,38,6,1.88,6,1.0,0.843,1.311,4.616,0
2,38,7,4.06,7,1.0,0.843,1.311,2.308,0
2,39,0,0.39,0,0.264,1.962,1.311,0.528,1
2,39,1,1.26,1,0.228,1.962,1.311,0.455,0
2,39,2,0.42,2,0.15,1.962,1.311,0.3,0
2,40,0,1.7,0,0.427,0.924,1.311,0.853,0
2,40,1,0.45,1,0.213,0.924,1.311,0.427,0
2,40,2,0.47,2,0.15,0.924,1.311,0.3,1
2,40,3,0.41,3,0.275,0.924,1.311,0.55,1
2,40,4,1.01,4,0.504,0.924,1.311,1.008,0
2,40,5,0.42,5,0.252,0.924,1.311,0.504,1
2,40,6,1.43,6,0.462,0.924,1.311,0.924,1
2,41,0,1.25,0,0.637,1.59,1.311,1.274,0
2,41,1,0.32,1,0.318,1.59,1.311,0.637,1
2,41,2,0.99,2,0.339,1.59,1.311,0.678,0
2,41,3,0.36,3,0.17,1.59,1.311,0.339,1
2,41,4,0.39,4,0.181,1.59,1.311,0.361,0
2,41,5,0.7,5,0.15,1.59,1.311,0.3,0
2,41,6,0.38,6,0.15,1.59,1.311,0.3,0
2,41,7,0.34,7,0.15,1.59,1.311,0.3,0
2,42,0,0.53,0,0.653,1.853,1.311,1.307,1
2,42,1,0.7,1,0.597,1.853,1.311,1.194,1
2,42,2,1.37,2,0.546,1.853,1.311,1.091,0
2,42,3,0.55,3,0.273,1.853,1.311,0.546,1
2,42,4,1.34,4,0.249,1.853,1.311,0.499,0
2,42,5,0.62,5,0.15,1.853,1.311,0.3,0
2,42,6,0.34,6,0.15,1.853,1.311,0.3,1
2,43,0,1.36,0,0.299,0.77,1.311,0.598,0
2,43,1,0.57,1,0.15,0.77,1.311,0.3,0
2,43,2,0.35,2,0.15,0.77,1.311,0.3,1
2,43,3,0.49,3,0.33,0.77,1.311,0.659,0
2,43,4,0.98,4,0.165,0.77,1.311,0.33,0
2,43,5,0.4,5,0.15,0.77,1.311,0.3,0
2,44,0,0.35,0,0.263,1.077,1.311,0.525,0
2,44,1,0.5,1,0.15,1.077,1.311,0.3,0
2,44,2,0.46,2,0.15,1.077,1.311,0.3,0
2,44,3,0.42,3,0.15,1.077,1.311,0.3,1
2,45,0,0.73,0,0.607,1.942,1.311,1.214,1
2,45,1,1.79,1,0.529,1.942,1.311,1.059,0
2,45,2,1.06,2,0.265,1.942,1.311,0.529,0
2,46,0,1.74,0,0.375,1.695,1.311,0.75,0
2,46,1,0.35,1,0.188,1.695,1.311,0.375,1
2,46,2,0.43,2,0.187,1.695,1.311,0.375,0
2,46,3,0.42,3,0.15,1.695,1.311,0.3,0
2,46,4,0.5,4,0.15,1.695,1.311,0.3,1
2,46,5,0.39,5,0.15,1.695,1.311,0.3,0
2,46,6,0.32,6,0.15,1.695,1.311,0.3,0
2,46,7,0.62,7,0.15,1.695,1.311,0.3,0
2,47,0,1.55,0,0.64,0.674,1.311,1.281,0
2,47,1,0.55,1,0.32,0.674,1.311,0.64,0
2,47,2,0.32,2,0.16,0.674,1.311,0.32,0
2,47,3,0.33,3,0.15,0.674,1.311,0.3,0
2,47,4,0.58,4,0.15,0.674,1.311,0.3,0
2,47,5,0.41,5,0.15,0.674,1.311,0.3,1
2,47,6,0.42,6,0.377,0.674,1.311,0.753,1
2,47,7,1.72,7,0.946,0.674,1.311,1.892,0
2,48,0,1.35,0,0.288,1.405,1.311,0.577,0
2,48,1,0.43,1,0.15,1.405,1.311,0.3,1
2,48,2,0.5,2,0.181,1.405,1.311,0.361,0
2,48,3,0.47,3,0.15,1.405,1.311,0.3,0
2,48,4,0.53,4,0.15,1.405,1.311,0.3,0
2,49,0,0.35,0,0.337,0.503,1.311,0.674,1
2,49,1,4.9,1,1.0,0.503,1.311,2.269,0
2,49,2,1.0,2,0.567,0.503,1.311,1.135,0
2,50,0,0.61,0,0.454,1.52,1.311,0.908,0
2,51,0,0.48,0,0.613,0.831,1.311,1.226,1
2,51,1,6.9,1,1.0,0.831,1.311,2.498,0
2,51,2,2.45,2,0.625,0.831,1.311,1.249,0
2,51,3,0.43,3,0.312,0.831,1.311,0.625,1
2,51,4,1.09,4,0.637,0.831,1.311,1.273,0
2,51,5,0.75,5,0.318,0.831,1.311,0.637,1
2,52,0,2.64,0,0.689,0.799,1.311,1.377,1
2,52,1,1.2,1,1.0,0.799,1.311,2.92,1
2,52,2,1.35,2,1.0,0.799,1.311,6.188,1
2,52,3,8.59,3,1.0,0.799,1.311,13.116,0
2,52,4,2.52,4,1.0,0.799,1.311,6.558,1
2,52,5,3.54,5,1.0,0.799,1.311,13.899,1
2,52,6,6.33,6,1.0,0.799,1.311,29.46,0
2,52,7,3.85,7,1.0,0.799,1.311,14.73,1
2,53,0,0.57,0,0.417,1.7,1.311,0.834,0
2,53,1,0.62,1,0.208,1.7,1.311,0.417,0
2,53,2,0.36,2,0.15,1.7,1.311,0.3,0
2,53,3,0.42,3,0.15,1.7,1.311,0.3,0
2,54,0,1.73,0,0.662,0.596,1.311,1.325,0
2,54,1,0.4,1,0.331,0.596,1.311,0.662,0
2,54,2,0.31,2,0.166,0.596,1.311,0.331,1
2,54,3,0.52,3,0.47,0.596,1.311,0.941,1
2,54,4,1.66,4,1.0,0.596,1.311,2.673,0
2,54,5,2.97,5,0.668,0.596,1.311,1.337,0
2,55,0,0.64,0,0.653,1.169,1.311,1.306,1
2,56,0,1.28,0,0.518,1.273,1.311,1.036,0
2,56,1,0.86,1,0.259,1.273,1.311,0.518,0
2,56,2,0.4,2,0.15,1.273,1.311,0.3,0
2,56,3,0.79,3,0.15,1.273,1.311,0.3,0
2,56,4,0.67,4,0.15,1.273,1.311,0.3,0
2,57,0,1.12,0,0.422,1.827,1.311,0.845,0
2,57,1,0.58,1,0.211,1.827,1.311,0.422,1
2,57,2,0.62,2,0.196,1.827,1.311,0.392,0
2,57,3,0.33,3,0.15,1.827,1.311,0.3,0
2,57,4,0.34,4,0.15,1.827,1.311,0.3,1
2,57,5,0.3,5,0.139,1.827,1.311,0.278,1
2,57,6,0.35,6,0.129,1.827,1.311,0.258,0
2,57,7,0.5,7,0.15,1.827,1.311,0.3,0
2,58,0,0.72,0,0.558,1.94,1.311,1.116,0
2,58,1,1.1,1,0.279,1.94,1.311,0.558,0
2,58,2,0.35,2,0.15,1.94,1.311,0.3,1
2,58,3,0.45,3,0.131,1.94,1.311,0.262,0
2,58,4,0.55,4,0.15,1.94,1.311,0.3,0
2,59,0,1.07,0,0.47,1.9,1.311,0.939,0
2,59,1,0.38,1,0.235,1.9,1.311,0.47,0
2,59,2,0.41,2,0.15,1.9,1.311,0.3,0
2,59,3,0.51,3,0.15,1.9,1.311,0.3,0
2,59,4,0.36,4,0.15,1.9,1.311,0.3,0
2,59,5,0.69,5,0.15,1.9,1.311,0.3,0
2,59,6,0.39,6,0.15,1.9,1.311,0.3,1
2,59,7,0.66,7,0.134,1.9,1.311,0.267,0
3,0,0,0.6,0,0.652,1.082,0.8,1.304,1
3,0,1,0.36,1,0.928,1.082,0.8,1.856,0
3,0,2,1.52,2,0.464,1.082,0.8,0.928,0
3,1,0,1.38,0,0.475,1.973,0.8,0.95,0
3,1,1,0.44,1,0.238,1.973,0.8,0.475,1
3,1,2,0.32,2,0.186,1.973,0.8,0.371,0
3,1,3,0.52,3,0.15,1.973,0.8,0.3,0
3,1,4,0.3,4,0.15,1.973,0.8,0.3,0
3,2,0,0.4,0,0.652,0.508,0.8,1.304,1
3,2,1,2.71,1,1.0,0.508,0.8,3.955,1
3,2,2,3.92,2,1.0,0.508,0.8,11.99,0
3,2,3,6.26,3,1.0,0.508,0.8,5.995,0
3,2,4,1.19,4,1.0,0.508,0.8,2.997,1
3,3,0,0.78,0,0.379,0.738,0.8,0.758,0
3,3,1,0.57,1,0.19,0.738,0.8,0.379,1
3,3,2,0.66,2,0.396,0.738,0.8,0.791,1
3,3,3,0.74,3,0.825,0.738,0.8,1.651,1
3,3,4,0.88,4,1.0,0.738,0.8,3.445,1
3,3,5,1.35,5,1.0,0.738,0.8,7.188,1
3,3,6,12.81,6,1.0,0.738,0.8,14.998,0
3,4,0,0.71,0,0.386,1.694,0.8,0.772,0
3,4,1,0.67,1,0.193,1.694,0.8,0.386,0
3,4,2,0.43,2,0.15,1.694,0.8,0.3,0
3,4,3,0.52,3,0.15,1.694,0.8,0.3,0
3,4,4,1.16,4,0.15,1.694,0.8,0.3,0
3,4,5,0.61,5,0.15,1.694,0.8,0.3,0
3,5,0,1.43,0,0.382,1.196,0.8,0.764,0
3,5,1,0.52,1,0.191,1.196,0.8,0.382,0
3,5,2,0.78,2,0.15,1.196,0.8,0.3,0
3,5,3,0.38,3,0.15,1.196,0.8,0.3,1
3,5,4,0.53,4,0.193,1.196,0.8,0.386,1
3,6,0,3.15,0,0.749,0.642,0.8,1.499,1
3,6,1,1.88,1,1.0,0.642,0.8,3.593,1
3,6,2,2.49,2,1.0,0.642,0.8,8.615,0
3,7,0,0.54,0,0.453,1.774,0.8,0.906,0
3,7,1,0.38,1,0.227,1.774,0.8,0.453,1
3,7,2,0.8,2,0.197,1.774,0.8,0.393,0
3,7,3,0.47,3,0.15,1.774,0.8,0.3,0
3,7,4,0.48,4,0.15,1.774,0.8,0.3,0
3,7,5,0.6,5,0.15,1.774,0.8,0.3,0
3,8,0,0.67,0,0.548,0.843,0.8,1.097,1
3,8,1,1.65,1,1.0,0.843,0.8,2.003,0
3,8,2,0.78,2,0.501,0.843,0.8,1.001,0
3,8,3,0.52,3,0.25,0.843,0.8,0.501,0
3,8,4,0.68,4,0.15,0.843,0.8,0.3,0
3,8,5,0.72,5,0.15,0.843,0.8,0.3,0
3,8,6,1.07,6,0.15,0.843,0.8,0.3,0
3,8,7,0.47,7,0.15,0.843,0.8,0.3,0
3,9,0,0.72,0,0.271,0.806,0.8,0.542,0
3,9,1,0.34,1,0.15,0.806,0.8,0.3,0
3,10,0,1.34,0,0.73,1.704,0.8,1.461,0
3,10,1,1.39,1,0.365,1.704,0.8,0.73,0
3,10,2,0.32,2,0.183,1.704,0.8,0.365,0
3,11,0,0.32,0,0.547,0.642,0.8,1.094,1
3,11,1,4.21,1,1.0,0.642,0.8,2.623,0
3,11,2,1.29,2,0.656,0.642,0.8,1.311,0
3,11,3,0.4,3,0.328,0.642,0.8,0.656,0
3,12,0,0.5,0,0.651,0.93,0.8,1.303,1
3,12,1,1.76,1,1.0,0.93,0.8,2.158,0
3,12,2,1.43,2,0.539,0.93,0.8,1.079,0
3,13,0,2.58,0,0.585,1.094,0.8,1.169,0
3,13,1,0.5,1,0.292,1.094,0.8,0.585,1
3,14,0,0.65,0,0.334,0.651,0.8,0.667,0
3,14,1,0.34,1,0.167,0.651,0.8,0.334,0
3,14,2,0.35,2,0.15,0.651,0.8,0.3,1
3,14,3,1.17,3,0.355,0.651,0.8,0.709,0
3,14,4,1.22,4,0.177,0.651,0.8,0.355,0
3,15,0,2.09,0,0.638,1.847,0.8,1.277,0
3,15,1,1.03,1,0.319,1.847,0.8,0.638,1
3,15,2,0.62,2,0.266,1.847,0.8,0.532,0
3,15,3,0.37,3,0.15,1.847,0.8,0.3,0
3,15,4,0.32,4,0.15,1.847,0.8,0.3,0
3,15,5,0.31,5,0.15,1.847,0.8,0.3,0
3,16,0,0.98,0,0.613,1.188,0.8,1.225,0
3,16,1,1.51,1,0.306,1.188,0.8,0.613,1
3,16,2,0.71,2,0.397,1.188,0.8,0.794,1
3,16,3,1.14,3,0.515,1.188,0.8,1.03,0
3,16,4,0.34,4,0.257,1.188,0.8,0.515,0
3,16,5,0.41,5,0.15,1.188,0.8,0.3,0
3,16,6,0.79,6,0.15,1.188,0.8,0.3,0
3,16,7,0.73,7,0.15,1.188,0.8,0.3,0
3,17,0,1.39,0,0.716,1.955,0.8,1.432,1
3,17,1,0.56,1,0.564,1.955,0.8,1.128,1
3,17,2,0.43,2,0.444,1.955,0.8,0.888,0
3,17,3,1.39,3,0.222,1.955,0.8,0.444,0
3,17,4,0.33,4,0.15,1.955,0.8,0.3,1
3,18,0,0.93,0,0.528,0.631,0.8,1.057,1
3,18,1,8.37,1,1.0,0.631,0.8,2.581,0
3,18,2,1.56,2,0.645,0.631,0.8,1.291,0
3,18,3,0.71,3,0.323,0.631,0.8,0.645,1
3,18,4,0.64,4,0.788,0.631,0.8,1.576,1
3,18,5,0.9,5,1.0,0.631,0.8,3.849,0
3,18,6,4.2,6,0.962,0.631,0.8,1.925,0
3,19,0,0.87,0,0.643,1.887,0.8,1.286,1
3,19,1,0.79,1,0.525,1.887,0.8,1.049,1
3,19,2,0.84,2,0.428,1.887,0.8,0.857,1
3,19,3,0.32,3,0.35,1.887,0.8,0.699,1
3,19,4,0.47,4,0.285,1.887,0.8,0.571,0
3,20,0,0.99,0,0.501,1.265,0.8,1.001,1
3,20,1,1.94,1,0.61,1.265,0.8,1.219,1
3,20,2,0.73,2,0.742,1.265,0.8,1.484,1
3,20,3,2.18,3,0.904,1.265,0.8,1.807,0
3,20,4,0.44,4,0.452,1.265,0.8,0.904,1
3,20,5,0.95,5,0.55,1.265,0.8,1.1,0
3,20,6,1.05,6,0.275,1.265,0.8,0.55,0
3,21,0,0.31,0,0.433,1.891,0.8,0.866,0
3,21,1,0.38,1,0.216,1.891,0.8,0.433,1
3,21,2,0.31,2,0.176,1.891,0.8,0.353,0
3,21,3,0.36,3,0.15,1.891,0.8,0.3,0
3,21,4,0.54,4,0.15,1.891,0.8,0.3,0
3,21,5,0.75,5,0.15,1.891,0.8,0.3,0
3,22,0,0.63,0,0.391,0.916,0.8,0.782,1
3,22,1,0.83,1,0.657,0.916,0.8,1.314,0
3,23,0,0.56,0,0.321,0.917,0.8,0.642,0
3,23,1,0.92,1,0.161,0.917,0.8,0.321,0
3,23,2,0.4,2,0.15,0.917,0.8,0.3,0
3,23,3,0.42,3,0.15,0.917,0.8,0.3,0
3,23,4,0.36,4,0.15,0.917,0.8,0.3,0
3,23,5,0.59,5,0.15,0.917,0.8,0.3,0
3,23,6,0.79,6,0.15,0.917,0.8,0.3,1
3,23,7,0.3,7,0.252,0.917,0.8,0.504,1
3,24,0,1.54,0,0.456,1.495,0.8,0.911,0
3,24,1,0.41,1,0.228,1.495,0.8,0.456,1
3,25,0,0.66,0,0.615,1.16,0.8,1.23,1
3,25,1,1.82,1,0.816,1.16,0.8,1.632,0
3,25,2,0.49,2,0.408,1.16,0.8,0.816,0
3,26,0,0.53,0,0.332,1.151,0.8,0.664,1
3,27,0,0.84,0,0.359,0.568,0.8,0.718,0
3,27,1,0.43,1,0.179,0.568,0.8,0.359,1
3,27,2,0.31,2,0.487,0.568,0.8,0.973,1
3,27,3,1.89,3,1.0,0.568,0.8,2.64,1
3,27,4,0.93,4,1.0,0.568,0.8,7.159,1
3,27,5,0.75,5,1.0,0.568,0.8,19.414,1
3,27,6,28.31,6,1.0,0.568,0.8,52.648,0
3,28,0,0.33,0,0.742,1.728,0.8,1.484,1
3,29,0,0.32,0,0.322,0.86,0.8,0.644,1
3,29,1,1.07,1,0.577,0.86,0.8,1.154,1
3,29,2,1.55,2,1.0,0.86,0.8,2.066,0
3,29,3,0.77,3,0.516,0.86,0.8,1.033,1
3,29,4,0.88,4,0.925,0.86,0.8,1.849,1
3,29,5,0.51,5,1.0,0.86,0.8,3.311,1
3,29,6,3.03,6,1.0,0.86,0.8,5.928,1
3,30,0,1.71,0,0.662,1.713,0.8,1.324,1
3,30,1,0.49,1,0.595,1.713,0.8,1.19,1
3,30,2,2.37,2,0.535,1.713,0.8,1.07,0
3,31,0,3.16,0,0.577,0.875,0.8,1.154,1
3,31,1,1.07,1,1.0,0.875,0.8,2.032,1
3,32,0,1.49,0,0.719,1.419,0.8,1.438,0
3,32,1,1.72,1,0.36,1.419,0.8,0.719,1
3,32,2,0.51,2,0.39,1.419,0.8,0.78,0
3,32,3,0.46,3,0.195,1.419,0.8,0.39,0
3,33,0,0.35,0,0.519,1.297,0.8,1.038,1
3,33,1,1.81,1,0.616,1.297,0.8,1.232,1
3,33,2,0.86,2,0.731,1.297,0.8,1.462,0
3,33,3,0.97,3,0.365,1.297,0.8,0.731,0
3,33,4,0.36,4,0.183,1.297,0.8,0.365,0
3,34,0,0.34,0,0.626,1.105,0.8,1.252,1
3,34,1,0.92,1,0.873,1.105,0.8,1.746,1
3,35,0,0.87,0,0.722,0.512,0.8,1.443,1
3,35,1,7.79,1,1.0,0.512,0.8,4.34,0
3,35,2,1.4,2,1.0,0.512,0.8,2.17,1
3,35,3,4.19,3,1.0,0.512,0.8,6.526,1
3,35,4,0.39,4,1.0,0.512,0.8,19.625,0
3,36,0,0.45,0,0.448,1.949,0.8,0.895,1
3,37,0,0.49,0,0.441,0.699,0.8,0.882,0
3,37,1,0.31,1,0.221,0.699,0.8,0.441,0
3,37,2,0.33,2,0.15,0.699,0.8,0.3,0
3,37,3,0.34,3,0.15,0.699,0.8,0.3,0
3,37,4,0.47,4,0.15,0.699,0.8,0.3,0
3,37,5,0.34,5,0.15,0.699,0.8,0.3,0
3,37,6,0.78,6,0.15,0.699,0.8,0.3,0
3,38,0,0.32,0,0.3,1.09,0.8,0.6,1
3,39,0,3.72,0,0.665,0.852,0.8,1.33,0
3,39,1,0.42,1,0.333,0.852,0.8,0.665,1
3,39,2,1.02,2,0.601,0.852,0.8,1.201,1
3,39,3,0.34,3,1.0,0.852,0.8,2.17,1
3,39,4,1.3,4,1.0,0.852,0.8,3.921,1
3,39,5,4.7,5,1.0,0.852,0.8,7.083,0
3,40,0,1.48,0,0.605,0.913,0.8,1.209,1
3,40,1,1.33,1,1.0,0.913,0.8,2.04,1
3,40,2,1.22,2,1.0,0.913,0.8,3.442,1
3,40,3,0.67,3,1.0,0.913,0.8,5.807,1
3,40,4,2.55,4,1.0,0.913,0.8,9.796,1
3,40,5,12.88,5,1.0,0.913,0.8,16.526,0
3,40,6,4.13,6,1.0,0.913,0.8,8.263,0
3,41,0,1.12,0,0.358,1.329,0.8,0.716,1
3,41,1,0.48,1,0.415,1.329,0.8,0.83,1
3,41,2,0.65,2,0.481,1.329,0.8,0.962,1
3,41,3,0.69,3,0.557,1.329,0.8,1.114,0
3,41,4,0.38,4,0.279,1.329,0.8,0.557,0
3,42,0,0.37,0,0.399,1.844,0.8,0.797,1
3,42,1,1.27,1,0.333,1.844,0.8,0.666,0
3,42,2,0.33,2,0.167,1.844,0.8,0.333,1
3,42,3,0.51,3,0.139,1.844,0.8,0.278,1
3,42,4,1.05,4,0.116,1.844,0.8,0.232,0
3,42,5,0.42,5,0.15,1.844,0.8,0.3,0
3,42,6,0.39,6,0.15,1.844,0.8,0.3,0
3,43,0,0.8,0,0.569,1.261,0.8,1.138,0
3,43,1,0.46,1,0.284,1.261,0.8,0.569,1
3,43,2,1.22,2,0.348,1.261,0.8,0.695,0
3,43,3,0.67,3,0.174,1.261,0.8,0.348,1
3,43,4,0.81,4,0.212,1.261,0.8,0.425,0
3,43,5,0.72,5,0.15,1.261,0.8,0.3,0
3,43,6,0.33,6,0.15,1.261,0.8,0.3,0
3,44,0,0.3,0,0.552,1.391,0.8,1.103,1
3,44,1,0.71,1,0.61,1.391,0.8,1.221,1
3,44,2,1.32,2,0.676,1.391,0.8,1.351,0
3,44,3,0.44,3,0.338,1.391,0.8,0.676,1
3,44,4,0.93,4,0.374,1.391,0.8,0.748,1
3,44,5,3.65,5,0.414,1.391,0.8,0.828,0
3,44,6,0.34,6,0.207,1.391,0.8,0.414,1
3,44,7,0.61,7,0.229,1.391,0.8,0.458,0
3,45,0,0.46,0,0.586,1.666,0.8,1.173,1
3,45,1,1.13,1,0.542,1.666,0.8,1.084,0
3,45,2,0.56,2,0.271,1.666,0.8,0.542,1
3,45,3,0.33,3,0.25,1.666,0.8,0.501,0
3,46,0,2.44,0,0.322,1.11,0.8,0.643,0
3,46,1,0.65,1,0.161,1.11,0.8,0.322,0
3,46,2,0.48,2,0.15,1.11,0.8,0.3,0
3,46,3,0.6,3,0.15,1.11,0.8,0.3,0
3,47,0,1.21,0,0.592,0.564,0.8,1.185,0
3,48,0,1.45,0,0.317,1.014,0.8,0.635,0
3,48,1,0.8,1,0.159,1.014,0.8,0.317,0
3,48,2,0.37,2,0.15,1.014,0.8,0.3,1
3,48,3,0.42,3,0.228,1.014,0.8,0.456,0
3,49,0,1.09,0,0.296,0.722,0.8,0.592,0
3,49,1,0.32,1,0.15,0.722,0.8,0.3,0
3,49,2,0.4,2,0.15,0.722,0.8,0.3,0
3,49,3,0.32,3,0.15,0.722,0.8,0.3,1
3,49,4,0.35,4,0.32,0.722,0.8,0.64,0
3,49,5,1.51,5,0.16,0.722,0.8,0.32,0
3,49,6,0.65,6,0.15,0.722,0.8,0.3,0
3,49,7,0.53,7,0.15,0.722,0.8,0.3,0
3,50,0,0.89,0,0.317,0.973,0.8,0.633,0
3,50,1,0.37,1,0.158,0.973,0.8,0.317,0
3,50,2,0.42,2,0.15,0.973,0.8,0.3,0
3,51,0,1.62,0,0.496,0.961,0.8,0.992,1
3,51,1,0.45,1,0.795,0.961,0.8,1.589,1
3,51,2,0.46,2,1.0,0.961,0.8,2.546,1
3,51,3,0.62,3,1.0,0.961,0.8,4.079,1
3,51,4,4.94,4,1.0,0.961,0.8,6.534,0
3,52,0,0.66,0,0.499,0.562,0.8,0.998,1
3,52,1,7.52,1,1.0,0.562,0.8,2.733,0
3,52,2,0.44,2,0.683,0.562,0.8,1.367,1
3,52,3,7.74,3,1.0,0.562,0.8,3.742,0
3,52,4,2.03,4,0.936,0.562,0.8,1.871,0
3,52,5,0.95,5,0.468,0.562,0.8,0.936,0
3,52,6,0.67,6,0.234,0.562,0.8,0.468,0
3,52,7,0.63,7,0.15,0.562,0.8,0.3,0
3,53,0,0.34,0,0.423,1.37,0.8,0.846,1
3,54,0,0.43,0,0.749,1.487,0.8,1.498,0
3,54,1,1.38,1,0.374,1.487,0.8,0.749,1
3,54,2,0.82,2,0.388,1.487,0.8,0.775,0
3,54,3,0.47,3,0.194,1.487,0.8,0.388,0
3,54,4,0.58,4,0.15,1.487,0.8,0.3,0
3,54,5,0.35,5,0.15,1.487,0.8,0.3,0
3,54,6,0.32,6,0.15,1.487,0.8,0.3,0
3,54,7,0.37,7,0.15,1.487,0.8,0.3,1
3,55,0,0.97,0,0.599,1.43,0.8,1.198,0
3,55,1,1.16,1,0.3,1.43,0.8,0.599,0
3,55,2,0.46,2,0.15,1.43,0.8,0.3,1
3,55,3,0.49,3,0.162,1.43,0.8,0.323,0
3,56,0,0.51,0,0.326,0.715,0.8,0.651,0
3,56,1,0.47,1,0.163,0.715,0.8,0.326,0
3,56,2,0.35,2,0.15,0.715,0.8,0.3,0
3,57,0,1.82,0,0.708,1.687,0.8,1.416,1
3,57,1,2.18,1,0.646,1.687,0.8,1.292,0
3,57,2,0.39,2,0.323,1.687,0.8,0.646,1
3,57,3,1.43,3,0.295,1.687,0.8,0.59,0
3,58,0,1.18,0,0.655,1.222,0.8,1.31,1
3,58,1,0.6,1,0.825,1.222,0.8,1.651,1
3,58,2,0.93,2,1.0,1.222,0.8,2.08,1
3,58,3,0.55,3,1.0,1.222,0.8,2.622,1
3,58,4,1.72,4,1.0,1.222,0.8,3.304,0
3,58,5,0.55,5,0.826,1.222,0.8,1.652,1
3,59,0,1.16,0,0.382,0.799,0.8,0.764,0
3,59,1,0.71,1,0.191,0.799,0.8,0.382,0
4,0,0,0.31,0,0.553,1.312,1.131,1.105,1
4,0,1,0.32,1,0.691,1.312,1.131,1.381,1
4,0,2,0.7,2,0.863,1.312,1.131,1.726,0
4,0,3,0.77,3,0.431,1.312,1.131,0.863,1
4,1,0,0.73,0,0.621,0.714,1.131,1.242,1
4,1,1,1.31,1,1.0,0.714,1.131,2.85,1
4,1,2,8.66,2,1.0,0.714,1.131,6.539,1
4,1,3,7.7,3,1.0,0.714,1.131,15.004,0
4,1,4,4.59,4,1.0,0.714,1.131,7.502,0
4,2,0,1.02,0,0.299,0.573,1.131,0.598,0
4,2,1,0.38,1,0.15,0.573,1.131,0.3,0
4,2,2,0.43,2,0.15,0.573,1.131,0.3,0
4,2,3,0.63,3,0.15,0.573,1.131,0.3,0
4,2,4,0.54,4,0.15,0.573,1.131,0.3,1
4,2,5,1.88,5,0.429,0.573,1.131,0.858,1
4,3,0,1.21,0,0.586,0.929,1.131,1.172,0
4,3,1,0.52,1,0.293,0.929,1.131,0.586,1
4,3,2,0.6,2,0.517,0.929,1.131,1.034,0
4,3,3,0.44,3,0.259,0.929,1.131,0.517,1
4,3,4,0.47,4,0.456,0.929,1.131,0.913,1
4,3,5,1.03,5,0.805,0.929,1.131,1.611,0
4,3,6,0.34,6,0.403,0.929,1.131,0.805,0
4,4,0,1.99,0,0.37,1.989,1.131,0.741,0
4,4,1,0.47,1,0.185,1.989,1.131,0.37,0
4,4,2,0.3,2,0.15,1.989,1.131,0.3,1
4,4,3,0.59,3,0.124,1.989,1.131,0.247,0
4,4,4,0.45,4,0.15,1.989,1.131,0.3,1
4,4,5,0.33,5,0.124,1.989,1.131,0.247,0
4,5,0,0.41,0,0.534,1.428,1.131,1.069,1
4,5,1,0.73,1,0.613,1.428,1.131,1.227,0
4,5,2,0.58,2,0.307,1.428,1.131,0.613,0
4,5,3,0.4,3,0.153,1.428,1.131,0.307,1
4,5,4,0.46,4,0.176,1.428,1.131,0.352,0
4,5,5,0.48,5,0.15,1.428,1.131,0.3,1
4,6,0,1.38,0,0.64,1.032,1.131,1.28,0
4,6,1,0.91,1,0.32,1.032,1.131,0.64,0
4,6,2,0.33,2,0.16,1.032,1.131,0.32,0
4,6,3,0.38,3,0.15,1.032,1.131,0.3,0
4,7,0,1.61,0,0.704,1.123,1.131,1.408,1
4,7,1,1.56,1,1.0,1.123,1.131,2.055,0
4,7,2,0.88,2,0.514,1.123,1.131,1.027,1
4,7,3,1.07,3,0.75,1.123,1.131,1.499,1
4,7,4,3.33,4,1.0,1.123,1.131,2.188,0
4,8,0,1.57,0,0.548,1.836,1.131,1.097,0
4,8,1,0.45,1,0.274,1.836,1.131,0.548,1
4,8,2,0.37,2,0.245,1.836,1.131,0.49,0
4,9,0,1.03,0,0.545,1.391,1.131,1.09,1
4,9,1,0.38,1,0.642,1.391,1.131,1.284,1
4,9,2,0.65,2,0.756,1.391,1.131,1.513,1
4,9,3,2.38,3,0.891,1.391,1.131,1.783,0
4,9,4,0.31,4,0.446,1.391,1.131,0.891,1
4,9,5,1.9,5,0.525,1.391,1.131,1.05,0
4,10,0,1.63,0,0.716,1.519,1.131,1.432,0
4,10,1,0.37,1,0.358,1.519,1.131,0.716,1
4,11,0,0.35,0,0.25,0.706,1.131,0.501,0
4,11,1,0.45,1,0.15,0.706,1.131,0.3,0
4,11,2,0.6,2,0.15,0.706,1.131,0.3,0
4,11,3,0.41,3,0.15,0.706,1.131,0.3,0
4,11,4,0.62,4,0.15,0.706,1.131,0.3,0
4,12,0,0.36,0,0.733,1.537,1.131,1.466,1
4,12,1,0.8,1,0.781,1.537,1.131,1.563,1
4,12,2,0.57,2,0.833,1.537,1.131,1.666,1
4,12,3,0.31,3,0.888,1.537,1.131,1.776,1
4,13,0,0.72,0,0.656,1.882,1.131,1.312,0
4,14,0,0.33,0,0.728,0.774,1.131,1.456,1
4,14,1,5.34,1,1.0,0.774,1.131,3.083,1
4,14,2,4.49,2,1.0,0.774,1.131,6.528,0
4,14,3,2.1,3,1.0,0.774,1.131,3.264,0
4,14,4,0.42,4,0.816,0.774,1.131,1.632,0
4,14,5,0.53,5,0.408,0.774,1.131,0.816,1
4,14,6,0.64,6,0.864,0.774,1.131,1.728,1
4,15,0,0.37,0,0.339,0.596,1.131,0.677,0
4,15,1,0.63,1,0.169,0.596,1.131,0.339,0
4,15,2,0.91,2,0.15,0.596,1.131,0.3,0
4,15,3,0.56,3,0.15,0.596,1.131,0.3,0
4,15,4,0.54,4,0.15,0.596,1.131,0.3,1
4,16,0,0.51,0,0.609,0.58,1.131,1.217,1
4,16,1,0.82,1,1.0,0.58,1.131,3.438,1
4,16,2,3.79,2,1.0,0.58,1.131,9.709,1
4,17,0,1.51,0,0.489,0.962,1.131,0.977,1
4,17,1,2.43,1,0.833,0.962,1.131,1.665,0
4,17,2,1.0,2,0.416,0.962,1.131,0.833,0
4,17,3,0.33,3,0.208,0.962,1.131,0.416,1
4,17,4,1.38,4,0.355,0.962,1.131,0.71,0
4,17,5,0.37,5,0.177,0.962,1.131,0.355,0
4,17,6,0.37,6,0.15,0.962,1.131,0.3,1
4,17,7,0.3,7,0.256,0.962,1.131,0.511,1
4,18,0,0.76,0,0.435,1.964,1.131,0.869,0
4,18,1,0.31,1,0.217,1.964,1.131,0.435,1
4,18,2,0.44,2,0.181,1.964,1.131,0.363,0
4,18,3,0.43,3,0.15,1.964,1.131,0.3,0
4,19,0,1.34,0,0.484,1.295,1.131,0.968,0
4,19,1,0.48,1,0.242,1.295,1.131,0.484,0
4,19,2,0.36,2,0.15,1.295,1.131,0.3,0
4,19,3,0.49,3,0.15,1.295,1.131,0.3,0
4,19,4,0.42,4,0.15,1.295,1.131,0.3,1
4,20,0,0.37,0,0.459,0.806,1.131,0.919,1
4,21,0,0.4,0,0.391,1.269,1.131,0.781,1
4,21,1,0.39,1,0.504,1.269,1.131,1.009,1
4,22,0,1.06,0,0.437,1.023,1.131,0.875,0
4,22,1,0.34,1,0.219,1.023,1.131,0.437,1
4,22,2,0.98,2,0.35,1.023,1.131,0.701,1
4,22,3,0.77,3,0.561,1.023,1.131,1.122,0
4,22,4,0.76,4,0.281,1.023,1.131,0.561,0
4,22,5,0.53,5,0.15,1.023,1.131,0.3,1
4,22,6,0.56,6,0.24,1.023,1.131,0.481,1
4,22,7,1.12,7,0.385,1.023,1.131,0.77,0
4,23,0,1.47,0,0.681,1.098,1.131,1.363,0
4,23,1,0.5,1,0.341,1.098,1.131,0.681,0
4,23,2,0.3,2,0.17,1.098,1.131,0.341,1
4,23,3,0.33,3,0.254,1.098,1.131,0.509,1
4,23,4,0.73,4,0.38,1.098,1.131,0.759,0
4,24,0,1.62,0,0.703,1.814,1.131,1.405,0
4,24,1,1.2,1,0.351,1.814,1.131,0.703,0
4,24,2,0.39,2,0.176,1.814,1.131,0.351,0
4,24,3,0.69,3,0.15,1.814,1.131,0.3,0
4,24,4,0.38,4,0.15,1.814,1.131,0.3,1
4,25,0,0.6,0,0.271,1.641,1.131,0.543,1
4,25,1,1.03,1,0.271,1.641,1.131,0.542,1
4,25,2,0.57,2,0.271,1.641,1.131,0.541,1
4,25,3,0.43,3,0.27,1.641,1.131,0.541,1
4,25,4,0.49,4,0.27,1.641,1.131,0.54,0
4,26,0,1.3,0,0.405,0.751,1.131,0.81,0
4,26,1,0.45,1,0.203,0.751,1.131,0.405,0
4,26,2,0.63,2,0.15,0.751,1.131,0.3,0
4,26,3,0.34,3,0.15,0.751,1.131,0.3,0
4,26,4,0.33,4,0.15,0.751,1.131,0.3,0
4,27,0,4.0,0,0.665,1.256,1.131,1.329,0
4,27,1,0.76,1,0.332,1.256,1.131,0.665,1
4,27,2,0.4,2,0.434,1.256,1.131,0.868,0
4,27,3,0.32,3,0.217,1.256,1.131,0.434,1
4,27,4,0.45,4,0.283,1.256,1.131,0.566,1
4,27,5,0.77,5,0.37,1.256,1.131,0.739,0
4,27,6,0.42,6,0.185,1.256,1.131,0.37,1
4,27,7,0.42,7,0.241,1.256,1.131,0.483,0
4,28,0,1.49,0,0.598,1.401,1.131,1.196,0
4,28,1,0.57,1,0.299,1.401,1.131,0.598,1
4,28,2,0.66,2,0.35,1.401,1.131,0.699,0
4,28,3,0.32,3,0.175,1.401,1.131,0.35,0
4,28,4,0.7,4,0.15,1.401,1.131,0.3,0
4,28,5,0.35,5,0.15,1.401,1.131,0.3,0
4,28,6,0.35,6,0.15,1.401,1.131,0.3,0
4,29,0,0.49,0,0.373,1.096,1.131,0.746,0
4,29,1,0.35,1,0.186,1.096,1.131,0.373,0
4,29,2,0.47,2,0.15,1.096,1.131,0.3,0
4,29,3,0.35,3,0.15,1.096,1.131,0.3,0
4,29,4,0.39,4,0.15,1.096,1.131,0.3,0
4,29,5,0.58,5,0.15,1.096,1.131,0.3,1
4,29,6,0.39,6,0.224,1.096,1.131,0.449,0
4,29,7,0.35,7,0.15,1.096,1.131,0.3,0
4,30,0,2.11,0,0.731,1.013,1.131,1.462,1
4,30,1,4.42,1,1.0,1.013,1.131,2.365,0
4,31,0,1.92,0,0.613,0.968,1.131,1.225,0
4,32,0,0.72,0,0.72,1.691,1.131,1.441,0
4,32,1,0.6,1,0.36,1.691,1.131,0.72,1
4,32,2,0.33,2,0.349,1.691,1.131,0.698,1
4,32,3,0.76,3,0.339,1.691,1.131,0.677,0
4,32,4,0.56,4,0.169,1.691,1.131,0.339,0
4,32,5,0.44,5,0.15,1.691,1.131,0.3,1
4,32,6,0.4,6,0.145,1.691,1.131,0.291,0
4,33,0,2.39,0,0.653,1.42,1.131,1.306,0
4,34,0,0.88,0,0.376,1.561,1.131,0.752,1
4,34,1,0.31,1,0.395,1.561,1.131,0.79,1
4,35,0,0.8,0,0.444,1.0,1.131,0.888,0
4,35,1,0.71,1,0.222,1.0,1.131,0.444,0
4,35,2,1.08,2,0.15,1.0,1.131,0.3,0
4,35,3,0.31,3,0.15,1.0,1.131,0.3,0
4,35,4,0.33,4,0.15,1.0,1.131,0.3,0
4,35,5,0.41,5,0.15,1.0,1.131,0.3,0
4,35,6,0.7,6,0.15,1.0,1.131,0.3,1
4,35,7,0.82,7,0.246,1.0,1.131,0.492,0
4,36,0,1.18,0,0.465,0.773,1.131,0.93,1
4,36,1,0.77,1,0.987,0.773,1.131,1.974,1
4,37,0,2.13,0,0.668,1.622,1.131,1.337,0
4,37,1,0.89,1,0.334,1.622,1.131,0.668,0
4,37,2,0.48,2,0.167,1.622,1.131,0.334,0
4,37,3,0.46,3,0.15,1.622,1.131,0.3,0
4,37,4,0.49,4,0.15,1.622,1.131,0.3,0
4,37,5,1.04,5,0.15,1.622,1.131,0.3,0
4,38,0,0.48,0,0.631,1.884,1.131,1.262,1
4,38,1,0.52,1,0.549,1.884,1.131,1.098,1
4,39,0,0.4,0,0.318,0.919,1.131,0.636,1
4,39,1,0.76,1,0.567,0.919,1.131,1.134,0
4,39,2,0.53,2,0.284,0.919,1.131,0.567,1
4,39,3,2.21,3,0.506,0.919,1.131,1.011,0
4,40,0,1.35,0,0.414,1.254,1.131,0.828,0
4,40,1,0.31,1,0.207,1.254,1.131,0.414,1
4,40,2,0.67,2,0.271,1.254,1.131,0.541,0
4,40,3,0.39,3,0.15,1.254,1.131,0.3,1
4,40,4,0.39,4,0.196,1.254,1.131,0.392,0
4,40,5,0.59,5,0.15,1.254,1.131,0.3,0
4,41,0,0.6,0,0.307,1.769,1.131,0.614,1
4,41,1,0.32,1,0.285,1.769,1.131,0.569,0
4,42,0,1.4,0,0.273,0.677,1.131,0.545,0
4,42,1,0.5,1,0.15,0.677,1.131,0.3,0
4,42,2,0.39,2,0.15,0.677,1.131,0.3,0
4,42,3,0.75,3,0.15,0.677,1.131,0.3,0
4,42,4,0.41,4,0.15,0.677,1.131,0.3,1
4,42,5,0.67,5,0.363,0.677,1.131,0.726,0
4,42,6,0.59,6,0.182,0.677,1.131,0.363,0
4,42,7,0.34,7,0.15,0.677,1.131,0.3,1
4,43,0,1.35,0,0.307,1.129,1.131,0.613,0
4,43,1,0.39,1,0.153,1.129,1.131,0.307,0
4,44,0,1.98,0,0.507,1.339,1.131,1.015,0
4,44,1,0.72,1,0.254,1.339,1.131,0.507,1
4,44,2,0.52,2,0.311,1.339,1.131,0.621,1
4,44,3,1.03,3,0.38,1.339,1.131,0.761,0
4,45,0,1.97,0,0.519,0.741,1.131,1.037,0
4,45,1,0.38,1,0.259,0.741,1.131,0.519,0
4,45,2,0.6,2,0.15,0.741,1.131,0.3,0
4,46,0,1.11,0,0.487,1.635,1.131,0.974,0
4,46,1,2.14,1,0.244,1.635,1.131,0.487,0
4,46,2,0.69,2,0.15,1.635,1.131,0.3,0
4,47,0,0.63,0,0.421,1.928,1.131,0.842,1
4,47,1,0.6,1,0.358,1.928,1.131,0.716,0
4,47,2,0.84,2,0.179,1.928,1.131,0.358,0
4,47,3,0.4,3,0.15,1.928,1.131,0.3,0
4,47,4,0.33,4,0.15,1.928,1.131,0.3,0
4,47,5,0.88,5,0.15,1.928,1.131,0.3,0
4,47,6,0.38,6,0.15,1.928,1.131,0.3,0
4,48,0,0.64,0,0.649,0.807,1.131,1.298,1
4,48,1,0.81,1,1.0,0.807,1.131,2.636,1
4,48,2,4.01,2,1.0,0.807,1.131,5.352,0
4,48,3,3.86,3,1.0,0.807,1.131,2.676,0
4,48,4,0.6,4,0.669,0.807,1.131,1.338,1
4,48,5,1.58,5,1.0,0.807,1.131,2.717,1
4,49,0,0.63,0,0.365,1.886,1.131,0.73,1
4,49,1,0.49,1,0.317,1.886,1.131,0.635,0
4,50,0,0.49,0,0.326,1.827,1.131,0.652,0
4,51,0,0.68,0,0.391,0.616,1.131,0.782,1
4,51,1,5.93,1,1.0,0.616,1.131,2.081,0
4,51,2,0.81,2,0.52,0.616,1.131,1.04,0
4,51,3,0.88,3,0.26,0.616,1.131,0.52,0
4,52,0,0.74,0,0.488,1.185,1.131,0.975,0
4,52,1,2.26,1,0.244,1.185,1.131,0.488,0
4,52,2,0.32,2,0.15,1.185,1.131,0.3,1
4,52,3,0.32,3,0.207,1.185,1.131,0.415,0
4,53,0,0.7,0,0.451,0.967,1.131,0.902,1
4,54,0,2.32,0,0.399,0.694,1.131,0.798,0
4,54,1,0.3,1,0.199,0.694,1.131,0.399,0
4,54,2,0.3,2,0.15,0.694,1.131,0.3,0
4,54,3,0.38,3,0.15,0.694,1.131,0.3,1
4,55,0,0.39,0,0.603,1.028,1.131,1.206,0
4,55,1,0.44,1,0.301,1.028,1.131,0.603,0
4,55,2,0.42,2,0.151,1.028,1.131,0.301,1
4,55,3,0.81,3,0.24,1.028,1.131,0.481,0
4,55,4,0.44,4,0.15,1.028,1.131,0.3,0
4,56,0,0.95,0,0.697,1.831,1.131,1.394,1
4,56,1,0.86,1,0.624,1.831,1.131,1.248,1
4,57,0,6.53,0,0.662,1.928,1.131,1.324,0
4,58,0,0.34,0,0.47,0.732,1.131,0.94,1
4,58,1,0.48,1,1.0,0.732,1.131,2.105,1
4,58,2,1.95,2,1.0,0.732,1.131,4.714,1
4,58,3,3.45,3,1.0,0.732,1.131,10.56,0
4,58,4,4.51,4,1.0,0.732,1.131,5.28,0
4,58,5,2.04,5,1.0,0.732,1.131,2.64,0
4,59,0,0.47,0,0.357,1.623,1.131,0.713,0
4,59,1,0.49,1,0.178,1.623,1.131,0.357,0
5,0,0,0.34,0,0.499,1.78,0.916,0.998,1
5,0,1,0.36,1,0.442,1.78,0.916,0.883,0
5,0,2,0.34,2,0.221,1.78,0.916,0.442,1
5,0,3,0.92,3,0.195,1.78,0.916,0.391,1
5,0,4,0.37,4,0.173,1.78,0.916,0.346,0
5,0,5,0.63,5,0.15,1.78,0.916,0.3,0
5,0,6,0.56,6,0.15,1.78,0.916,0.3,0
5,0,7,0.33,7,0.15,1.78,0.916,0.3,1
5,1,0,2.72,0,0.506,0.773,0.916,1.013,1
5,1,1,1.52,1,1.0,0.773,0.916,2.063,0
5,1,2,0.93,2,0.516,0.773,0.916,1.032,1
5,1,3,1.2,3,1.0,0.773,0.916,2.102,1
5,1,4,6.35,4,1.0,0.773,0.916,4.281,0
5,1,5,1.18,5,1.0,0.773,0.916,2.14,1
5,1,6,2.58,6,1.0,0.773,0.916,4.36,0
5,1,7,0.38,7,1.0,0.773,0.916,2.18,1
5,2,0,0.33,0,0.427,1.079,0.916,0.853,1
5,3,0,0.72,0,0.507,1.646,0.916,1.014,0
5,3,1,1.75,1,0.254,1.646,0.916,0.507,0
5,4,0,0.3,0,0.294,1.411,0.916,0.589,1
5,4,1,2.28,1,0.328,1.411,0.916,0.657,0
5,4,2,0.69,2,0.164,1.411,0.916,0.328,0
5,4,3,0.38,3,0.15,1.411,0.916,0.3,1
5,4,4,0.32,4,0.167,1.411,0.916,0.335,0
5,4,5,0.35,5,0.15,1.411,0.916,0.3,1
5,4,6,0.59,6,0.167,1.411,0.916,0.335,0
5,5,0,0.51,0,0.611,1.64,0.916,1.222,0
5,6,0,0.63,0,0.65,1.932,0.916,1.3,0
5,7,0,1.11,0,0.384,1.038,0.916,0.768,0
5,8,0,0.87,0,0.406,1.531,0.916,0.813,0
5,8,1,0.73,1,0.203,1.531,0.916,0.406,0
5,8,2,0.42,2,0.15,1.531,0.916,0.3,1
5,9,0,1.5,0,0.658,1.793,0.916,1.316,0
5,9,1,1.44,1,0.329,1.793,0.916,0.658,0
5,9,2,0.62,2,0.165,1.793,0.916,0.329,0
5,9,3,0.39,3,0.15,1.793,0.916,0.3,0
5,10,0,1.24,0,0.535,1.834,0.916,1.069,0
5,10,1,0.43,1,0.267,1.834,0.916,0.535,0
5,11,0,0.54,0,0.576,0.687,0.916,1.152,0
5,11,1,1.12,1,0.288,0.687,0.916,0.576,0
5,12,0,2.35,0,0.638,0.659,0.916,1.276,1
5,12,1,1.78,1,1.0,0.659,0.916,3.048,0
5,13,0,0.33,0,0.653,0.898,0.916,1.307,1
5,13,1,0.86,1,1.0,0.898,0.916,2.291,1
5,13,2,0.7,2,1.0,0.898,0.916,4.016,1
5,13,3,0.84,3,1.0,0.898,0.916,7.04,1
5,13,4,18.41,4,1.0,0.898,0.916,12.342,0
5,14,0,1.6,0,0.684,1.474,0.916,1.368,0
5,14,1,0.48,1,0.342,1.474,0.916,0.684,0
5,14,2,0.85,2,0.171,1.474,0.916,0.342,0
5,14,3,0.4,3,0.15,1.474,0.916,0.3,0
5,14,4,0.87,4,0.15,1.474,0.916,0.3,0
5,15,0,0.5,0,0.468,0.756,0.916,0.937,1
5,15,1,1.93,1,0.976,0.756,0.916,1.952,0
5,15,2,1.54,2,0.488,0.756,0.916,0.976,1
5,15,3,1.79,3,1.0,0.756,0.916,2.033,0
5,15,4,2.03,4,0.508,0.756,0.916,1.017,0
5,15,5,0.92,5,0.254,0.756,0.916,0.508,0
5,16,0,0.54,0,0.278,1.189,0.916,0.555,0
5,16,1,0.39,1,0.15,1.189,0.916,0.3,0
5,17,0,1.23,0,0.581,1.972,0.916,1.162,1
5,17,1,0.55,1,0.464,1.972,0.916,0.928,1
5,18,0,0.36,0,0.27,1.483,0.916,0.54,0
5,18,1,0.58,1,0.15,1.483,0.916,0.3,0
5,18,2,0.48,2,0.15,1.483,0.916,0.3,0
5,18,3,0.39,3,0.15,1.483,0.916,0.3,0
5,18,4,0.51,4,0.15,1.483,0.916,0.3,0
5,19,0,1.37,0,0.541,1.291,0.916,1.083,0
5,19,1,0.38,1,0.271,1.291,0.916,0.541,1
5,19,2,0.71,2,0.33,1.291,0.916,0.66,0
5,19,3,0.3,3,0.165,1.291,0.916,0.33,0
5,19,4,0.38,4,0.15,1.291,0.916,0.3,0
5,19,5,0.49,5,0.15,1.291,0.916,0.3,0
5,20,0,1.26,0,0.588,1.613,0.916,1.175,1
5,20,1,1.25,1,0.574,1.613,0.916,1.148,0
5,20,2,0.33,2,0.287,1.613,0.916,0.574,0
5,20,3,0.39,3,0.15,1.613,0.916,0.3,1
5,20,4,0.61,4,0.146,1.613,0.916,0.293,0
5,20,5,0.53,5,0.15,1.613,0.916,0.3,0
5,20,6,0.93,6,0.15,1.613,0.916,0.3,0
5,21,0,0.32,0,0.466,0.529,0.916,0.932,0
5,21,1,0.36,1,0.233,0.529,0.916,0.466,1
5,21,2,0.96,2,0.694,0.529,0.916,1.388,1
5,21,3,7.33,3,1.0,0.529,0.916,4.134,0
5,21,4,1.8,4,1.0,0.529,0.916,2.067,0
5,22,0,2.43,0,0.627,1.391,0.916,1.255,0
5,22,1,0.38,1,0.314,1.391,0.916,0.627,1
5,22,2,1.35,2,0.355,1.391,0.916,0.711,1
5,23,0,0.39,0,0.353,1.921,0.916,0.706,0
5,23,1,0.58,1,0.176,1.921,0.916,0.353,0
5,23,2,0.34,2,0.15,1.921,0.916,0.3,1
5,23,3,0.32,3,0.123,1.921,0.916,0.246,0
5,23,4,0.63,4,0.15,1.921,0.916,0.3,0
5,23,5,0.34,5,0.15,1.921,0.916,0.3,0
5,23,6,0.66,6,0.15,1.921,0.916,0.3,0
5,24,0,0.31,0,0.591,1.516,0.916,1.183,1
5,24,1,0.46,1,0.614,1.516,0.916,1.229,1
5,24,2,0.79,2,0.638,1.516,0.916,1.277,0
5,24,3,0.39,3,0.319,1.516,0.916,0.638,0
5,24,4,0.36,4,0.16,1.516,0.916,0.319,1
5,24,5,0.81,5,0.166,1.516,0.916,0.332,0
5,24,6,0.66,6,0.15,1.516,0.916,0.3,0
5,25,0,0.49,0,0.359,1.234,0.916,0.718,1
5,25,1,0.34,1,0.458,1.234,0.916,0.916,1
5,25,2,2.29,2,0.585,1.234,0.916,1.169,0
5,25,3,0.82,3,0.292,1.234,0.916,0.585,1
5,26,0,0.38,0,0.563,1.063,0.916,1.127,1
5,27,0,0.58,0,0.653,0.511,0.916,1.305,0
5,27,1,1.84,1,0.326,0.511,0.916,0.653,0
5,27,2,0.33,2,0.163,0.511,0.916,0.326,0
5,27,3,1.0,3,0.15,0.511,0.916,0.3,0
5,27,4,0.37,4,0.15,0.511,0.916,0.3,0
5,28,0,0.51,0,0.294,1.067,0.916,0.588,0
5,28,1,0.8,1,0.15,1.067,0.916,0.3,0
5,29,0,0.32,0,0.259,0.582,0.916,0.519,0
5,29,1,0.44,1,0.15,0.582,0.916,0.3,0
5,29,2,0.42,2,0.15,0.582,0.916,0.3,1
5,29,3,0.55,3,0.406,0.582,0.916,0.812,0
5,29,4,0.32,4,0.203,0.582,0.916,0.406,0
5,29,5,0.44,5,0.15,0.582,0.916,0.3,0
5,30,0,2.31,0,0.648,1.148,0.916,1.296,0
5,30,1,1.39,1,0.324,1.148,0.916,0.648,1
5,31,0,1.07,0,0.264,1.44,0.916,0.529,0
5,31,1,0.38,1,0.15,1.44,0.916,0.3,0
5,31,2,0.34,2,0.15,1.44,0.916,0.3,0
5,31,3,0.33,3,0.15,1.44,0.916,0.3,1
5,32,0,0.87,0,0.543,0.53,0.916,1.087,0
5,32,1,0.36,1,0.272,0.53,0.916,0.543,0
5,32,2,0.37,2,0.15,0.53,0.916,0.3,1
5,32,3,0.57,3,0.446,0.53,0.916,0.891,1
5,32,4,0.43,4,1.0,0.53,0.916,2.649,1
5,32,5,0.46,5,1.0,0.53,0.916,7.872,1
5,33,0,1.13,0,0.601,0.579,0.916,1.201,0
5,33,1,1.35,1,0.3,0.579,0.916,0.601,0
5,33,2,0.43,2,0.15,0.579,0.916,0.3,0
5,33,3,0.34,3,0.15,0.579,0.916,0.3,0
5,33,4,0.36,4,0.15,0.579,0.916,0.3,0
5,34,0,2.11,0,0.566,1.3,0.916,1.132,0
5,34,1,0.36,1,0.283,1.3,0.916,0.566,1
5,34,2,0.47,2,0.343,1.3,0.916,0.686,1
5,34,3,0.67,3,0.415,1.3,0.916,0.831,0
5,34,4,0.43,4,0.208,1.3,0.916,0.415,0
5,34,5,0.56,5,0.15,1.3,0.916,0.3,0
5,35,0,1.13,0,0.395,1.947,0.916,0.789,0
5,35,1,0.56,1,0.197,1.947,0.916,0.395,0
5,35,2,0.4,2,0.15,1.947,0.916,0.3,0
5,35,3,0.54,3,0.15,1.947,0.916,0.3,0
5,36,0,0.53,0,0.367,1.117,0.916,0.734,1
5,36,1,1.18,1,0.518,1.117,0.916,1.036,0
5,36,2,1.01,2,0.259,1.117,0.916,0.518,0
5,37,0,1.07,0,0.575,1.97,0.916,1.15,1
5,37,1,0.6,1,0.46,1.97,0.916,0.919,0
5,37,2,0.84,2,0.23,1.97,0.916,0.46,0
5,37,3,0.61,3,0.15,1.97,0.916,0.3,0
5,37,4,0.78,4,0.15,1.97,0.916,0.3,0
5,37,5,0.7,5,0.15,1.97,0.916,0.3,0
5,37,6,0.94,6,0.15,1.97,0.916,0.3,0
5,37,7,0.3,7,0.15,1.97,0.916,0.3,0
5,38,0,0.84,0,0.322,0.567,0.916,0.643,0
5,38,1,0.83,1,0.161,0.567,0.916,0.322,0
5,39,0,0.87,0,0.584,1.727,0.916,1.167,1
5,40,0,0.41,0,0.336,1.472,0.916,0.672,1
5,40,1,0.34,1,0.36,1.472,0.916,0.719,1
5,40,2,0.47,2,0.385,1.472,0.916,0.769,1
5,40,3,0.37,3,0.411,1.472,0.916,0.823,1
5,40,4,1.12,4,0.44,1.472,0.916,0.88,0
5,41,0,0.38,0,0.585,1.281,0.916,1.169,0
5,41,1,0.34,1,0.292,1.281,0.916,0.585,1
5,41,2,0.45,2,0.359,1.281,0.916,0.719,0
5,41,3,0.41,3,0.18,1.281,0.916,0.359,0
5,41,4,0.36,4,0.15,1.281,0.916,0.3,0
5,41,5,0.73,5,0.15,1.281,0.916,0.3,1
5,41,6,0.82,6,0.184,1.281,0.916,0.369,0
5,41,7,0.34,7,0.15,1.281,0.916,0.3,0
5,42,0,0.33,0,0.303,1.638,0.916,0.606,1
5,43,0,1.66,0,0.515,1.038,0.916,1.029,0
5,43,1,0.53,1,0.257,1.038,0.916,0.515,0
5,43,2,0.41,2,0.15,1.038,0.916,0.3,0
5,43,3,0.44,3,0.15,1.038,0.916,0.3,0
5,43,4,0.44,4,0.15,1.038,0.916,0.3,0
5,43,5,0.32,5,0.15,1.038,0.916,0.3,0
5,44,0,1.09,0,0.268,0.961,0.916,0.535,0
5,44,1,0.32,1,0.15,0.961,0.916,0.3,1
5,44,2,0.41,2,0.246,0.961,0.916,0.492,1
5,44,3,0.69,3,0.403,0.961,0.916,0.806,1
5,44,4,1.31,4,0.661,0.961,0.916,1.322,1
5,44,5,1.32,5,1.0,0.961,0.916,2.167,0
5,44,6,2.19,6,0.542,0.961,0.916,1.083,0
5,44,7,0.54,7,0.271,0.961,0.916,0.542,1
5,45,0,1.84,0,0.464,1.731,0.916,0.929,1
5,45,1,0.42,1,0.422,1.731,0.916,0.845,1
5,45,2,1.85,2,0.384,1.731,0.916,0.769,0
5,46,0,0.44,0,0.712,1.064,0.916,1.423,1
5,46,1,0.36,1,1.0,1.064,0.916,2.106,1
5,47,0,0.3,0,0.351,1.292,0.916,0.702,1
5,47,1,0.4,1,0.428,1.292,0.916,0.856,1
5,47,2,0.64,2,0.521,1.292,0.916,1.043,1
5,47,3,0.32,3,0.636,1.292,0.916,1.271,1
5,48,0,2.2,0,0.717,1.116,0.916,1.433,0
5,48,1,0.98,1,0.358,1.116,0.916,0.717,1
5,48,2,1.3,2,0.506,1.116,0.916,1.011,1
5,48,3,1.59,3,0.714,1.116,0.916,1.428,0
5,48,4,0.87,4,0.357,1.116,0.916,0.714,0
5,48,5,0.57,5,0.178,1.116,0.916,0.357,0
5,48,6,0.84,6,0.15,1.116,0.916,0.3,0
5,49,0,0.85,0,0.401,1.474,0.916,0.803,1
5,49,1,1.39,1,0.429,1.474,0.916,0.857,0
5,49,2,0.36,2,0.214,1.474,0.916,0.429,1
5,49,3,0.42,3,0.229,1.474,0.916,0.458,1
5,49,4,1.5,4,0.245,1.474,0.916,0.489,1
5,49,5,0.89,5,0.261,1.474,0.916,0.522,0
5,49,6,0.33,6,0.15,1.474,0.916,0.3,0
5,49,7,0.52,7,0.15,1.474,0.916,0.3,0
5,50,0,0.77,0,0.355,1.763,0.916,0.709,1
5,50,1,1.3,1,0.317,1.763,0.916,0.634,0
5,50,2,0.88,2,0.158,1.763,0.916,0.317,0
5,50,3,0.38,3,0.15,1.763,0.916,0.3,0
5,51,0,1.07,0,0.372,1.539,0.916,0.744,0
5,51,1,0.34,1,0.186,1.539,0.916,0.372,1
5,51,2,0.73,2,0.19,1.539,0.916,0.38,0
5,51,3,0.34,3,0.15,1.539,0.916,0.3,0
5,52,0,0.76,0,0.743,0.682,0.916,1.486,1
5,52,1,1.93,1,1.0,0.682,0.916,3.431,1
5,53,0,0.79,0,0.33,1.958,0.916,0.659,0
5,53,1,0.82,1,0.165,1.958,0.916,0.33,0
5,53,2,0.5,2,0.15,1.958,0.916,0.3,1
5,53,3,0.57,3,0.121,1.958,0.916,0.241,0
5,54,0,0.37,0,0.419,0.761,0.916,0.837,1
5,54,1,0.35,1,0.867,0.761,0.916,1.733,0
5,54,2,1.6,2,0.433,0.761,0.916,0.867,0
5,54,3,0.52,3,0.217,0.761,0.916,0.433,0
5,54,4,0.31,4,0.15,0.761,0.916,0.3,0
5,54,5,0.39,5,0.15,0.761,0.916,0.3,0
5,54,6,0.68,6,0.15,0.761,0.916,0.3,0
5,54,7,0.61,7,0.15,0.761,0.916,0.3,0
5,55,0,1.61,0,0.652,1.312,0.916,1.304,0
5,55,1,0.41,1,0.326,1.312,0.916,0.652,1
5,55,2,2.16,2,0.391,1.312,0.916,0.783,0
5,55,3,0.34,3,0.196,1.312,0.916,0.391,1
5,55,4,0.97,4,0.235,1.312,0.916,0.47,0
5,55,5,0.39,5,0.15,1.312,0.916,0.3,0
5,55,6,0.62,6,0.15,1.312,0.916,0.3,0
5,55,7,0.44,7,0.15,1.312,0.916,0.3,0
5,56,0,0.86,0,0.434,1.064,0.916,0.867,0
5,56,1,0.97,1,0.217,1.064,0.916,0.434,0
5,56,2,0.39,2,0.15,1.064,0.916,0.3,1
5,56,3,0.56,3,0.222,1.064,0.916,0.444,0
5,56,4,0.56,4,0.15,1.064,0.916,0.3,0
5,56,5,0.32,5,0.15,1.064,0.916,0.3,0
5,56,6,0.38,6,0.15,1.064,0.916,0.3,0
5,56,7,0.73,7,0.15,1.064,0.916,0.3,0
5,57,0,0.39,0,0.313,0.642,0.916,0.626,1
5,58,0,0.88,0,0.374,0.929,0.916,0.747,0
5,58,1,0.83,1,0.187,0.929,0.916,0.374,0
5,58,2,0.55,2,0.15,0.929,0.916,0.3,0
5,58,3,0.42,3,0.15,0.929,0.916,0.3,0
5,58,4,0.83,4,0.15,0.929,0.916,0.3,0
5,59,0,0.74,0,0.521,1.859,0.916,1.042,0
5,59,1,0.46,1,0.26,1.859,0.916,0.521,0
5,59,2,0.53,2,0.15,1.859,0.916,0.3,0
5,59,3,0.88,3,0.15,1.859,0.916,0.3,0
5,59,4,0.31,4,0.15,1.859,0.916,0.3,1
5,59,5,0.41,5,0.127,1.859,0.916,0.254,0
5,59,6,0.37,6,0.15,1.859,0.916,0.3,0
6,0,0,0.79,0,0.597,1.625,0.957,1.193,0
6,0,1,1.09,1,0.298,1.625,0.957,0.597,0
6,1,0,2.18,0,0.648,1.323,0.957,1.296,1
6,1,1,2.69,1,0.777,1.323,0.957,1.555,0
6,2,0,0.39,0,0.274,1.911,0.957,0.548,1
6,2,1,0.34,1,0.227,1.911,0.957,0.455,0
6,2,2,0.58,2,0.15,1.911,0.957,0.3,0
6,2,3,0.37,3,0.15,1.911,0.957,0.3,1
6,3,0,0.49,0,0.444,1.595,0.957,0.887,0
6,4,0,0.98,0,0.721,1.582,0.957,1.441,0
6,4,1,0.54,1,0.36,1.582,0.957,0.721,0
6,4,2,0.82,2,0.18,1.582,0.957,0.36,0
6,4,3,0.52,3,0.15,1.582,0.957,0.3,1
6,4,4,0.33,4,0.15,1.582,0.957,0.301,0
6,4,5,0.31,5,0.15,1.582,0.957,0.3,1
6,4,6,0.31,6,0.15,1.582,0.957,0.301,1
6,4,7,0.57,7,0.151,1.582,0.957,0.302,0
6,5,0,1.5,0,0.741,1.528,0.957,1.482,0
6,5,1,1.05,1,0.37,1.528,0.957,0.741,0
6,5,2,0.75,2,0.185,1.528,0.957,0.37,0
6,5,3,0.84,3,0.15,1.528,0.957,0.3,0
6,5,4,0.33,4,0.15,1.528,0.957,0.3,0
6,5,5,0.44,5,0.15,1.528,0.957,0.3,0
6,5,6,0.3,6,0.15,1.528,0.957,0.3,0
6,5,7,0.4,7,0.15,1.528,0.957,0.3,0
6,6,0,1.25,0,0.552,1.572,0.957,1.104,0
6,6,1,1.16,1,0.276,1.572,0.957,0.552,0
6,7,0,0.46,0,0.512,0.718,0.957,1.024,1
6,7,1,0.44,1,1.0,0.718,0.957,2.265,0
6,7,2,1.47,2,0.566,0.718,0.957,1.132,0
6,7,3,1.04,3,0.283,0.718,0.957,0.566,0
6,7,4,0.45,4,0.15,0.718,0.957,0.3,0
6,8,0,0.75,0,0.328,1.971,0.957,0.656,0
6,8,1,1.04,1,0.164,1.971,0.957,0.328,0
6,8,2,0.58,2,0.15,1.971,0.957,0.3,1
6,8,3,0.38,3,0.121,1.971,0.957,0.242,1
6,8,4,0.35,4,0.097,1.971,0.957,0.195,0
6,8,5,0.84,5,0.15,1.971,0.957,0.3,0
6,8,6,0.56,6,0.15,1.971,0.957,0.3,0
6,9,0,0.53,0,0.529,1.956,0.957,1.059,0
6,9,1,0.56,1,0.265,1.956,0.957,0.529,1
6,9,2,0.48,2,0.215,1.956,0.957,0.43,0
6,9,3,0.3,3,0.15,1.956,0.957,0.3,0
6,9,4,0.56,4,0.15,1.956,0.957,0.3,0
6,10,0,0.79,0,0.37,1.933,0.957,0.74,0
6,10,1,0.59,1,0.185,1.933,0.957,0.37,1
6,10,2,0.53,2,0.152,1.933,0.957,0.304,0
6,10,3,0.59,3,0.15,1.933,0.957,0.3,0
6,10,4,0.51,4,0.15,1.933,0.957,0.3,0
6,10,5,0.67,5,0.15,1.933,0.957,0.3,0
6,11,0,1.39,0,0.581,1.255,0.957,1.162,1
6,11,1,1.44,1,0.735,1.255,0.957,1.47,1
6,12,0,0.48,0,0.645,0.787,0.957,1.291,0
6,12,1,0.73,1,0.323,0.787,0.957,0.645,0
6,12,2,0.31,2,0.161,0.787,0.957,0.323,0
6,12,3,0.79,3,0.15,0.787,0.957,0.3,0
6,12,4,0.35,4,0.15,0.787,0.957,0.3,0
6,12,5,0.44,5,0.15,0.787,0.957,0.3,0
6,12,6,0.62,6,0.15,0.787,0.957,0.3,0
6,12,7,0.32,7,0.15,0.787,0.957,0.3,0
6,13,0,0.68,0,0.581,1.296,0.957,1.163,1
6,14,0,0.75,0,0.307,1.588,0.957,0.613,0
6,14,1,0.37,1,0.153,1.588,0.957,0.307,1
6,14,2,0.39,2,0.153,1.588,0.957,0.306,0
6,14,3,0.47,3,0.15,1.588,0.957,0.3,0
6,14,4,0.92,4,0.15,1.588,0.957,0.3,0
6,15,0,1.2,0,0.454,0.884,0.957,0.907,0
6,15,1,0.52,1,0.227,0.884,0.957,0.454,0
6,16,0,2.48,0,0.698,1.848,0.957,1.396,0
6,16,1,0.41,1,0.349,1.848,0.957,0.698,0
6,16,2,0.52,2,0.175,1.848,0.957,0.349,0
6,16,3,0.33,3,0.15,1.848,0.957,0.3,0
6,16,4,0.39,4,0.15,1.848,0.957,0.3,0
6,16,5,0.4,5,0.15,1.848,0.957,0.3,1
6,16,6,0.79,6,0.129,1.848,0.957,0.258,0
6,17,0,1.2,0,0.39,1.689,0.957,0.779,0
6,17,1,0.5,1,0.195,1.689,0.957,0.39,0
6,17,2,0.36,2,0.15,1.689,0.957,0.3,0
6,17,3,0.3,3,0.15,1.689,0.957,0.3,1
6,17,4,0.39,4,0.141,1.689,0.957,0.282,0
6,17,5,0.35,5,0.15,1.689,0.957,0.3,0
6,17,6,0.64,6,0.15,1.689,0.957,0.3,0
6,17,7,0.39,7,0.15,1.689,0.957,0.3,0
6,18,0,0.3,0,0.536,0.942,0.957,1.071,0
6,18,1,0.9,1,0.268,0.942,0.957,0.536,0
6,18,2,0.36,2,0.15,0.942,0.957,0.3,0
6,18,3,0.42,3,0.15,0.942,0.957,0.3,0
6,18,4,0.33,4,0.15,0.942,0.957,0.3,0
6,18,5,0.49,5,0.15,0.942,0.957,0.3,0
6,18,6,0.76,6,0.15,0.942,0.957,0.3,1
6,19,0,0.88,0,0.679,1.325,0.957,1.358,1
6,19,1,3.39,1,0.814,1.325,0.957,1.627,0
6,19,2,1.94,2,0.407,1.325,0.957,0.814,1
6,19,3,0.49,3,0.487,1.325,0.957,0.975,0
6,19,4,0.52,4,0.244,1.325,0.957,0.487,0
6,19,5,0.54,5,0.15,1.325,0.957,0.3,0
6,19,6,0.38,6,0.15,1.325,0.957,0.3,1
6,20,0,0.43,0,0.475,0.502,0.957,0.95,1
6,21,0,0.56,0,0.551,1.397,0.957,1.102,0
6,21,1,1.21,1,0.275,1.397,0.957,0.551,0
6,21,2,0.73,2,0.15,1.397,0.957,0.3,0
6,21,3,0.34,3,0.15,1.397,0.957,0.3,0
6,21,4,0.43,4,0.15,1.397,0.957,0.3,0
6,22,0,0.78,0,0.428,0.582,0.957,0.855,0
6,22,1,0.75,1,0.214,0.582,0.957,0.428,0
6,22,2,0.72,2,0.15,0.582,0.957,0.3,0
6,22,3,0.33,3,0.15,0.582,0.957,0.3,1
6,22,4,0.97,4,0.409,0.582,0.957,0.818,0
6,22,5,0.36,5,0.204,0.582,0.957,0.409,1
6,22,6,0.38,6,0.558,0.582,0.957,1.115,1
6,23,0,1.51,0,0.644,1.303,0.957,1.288,0
6,24,0,0.36,0,0.408,1.001,0.957,0.816,0
6,24,1,0.5,1,0.204,1.001,0.957,0.408,1
6,24,2,0.65,2,0.324,1.001,0.957,0.648,0
6,24,3,0.66,3,0.162,1.001,0.957,0.324,0
6,24,4,0.61,4,0.15,1.001,0.957,0.3,1
6,25,0,0.53,0,0.312,1.276,0.957,0.624,0
6,26,0,2.24,0,0.506,0.634,0.957,1.012,0
6,26,1,0.69,1,0.253,0.634,0.957,0.506,0
6,26,2,0.48,2,0.15,0.634,0.957,0.3,0
6,26,3,0.45,3,0.15,0.634,0.957,0.3,0
6,26,4,0.68,4,0.15,0.634,0.957,0.3,0
6,26,5,0.71,5,0.15,0.634,0.957,0.3,0
6,26,6,0.4,6,0.15,0.634,0.957,0.3,1
6,26,7,0.67,7,0.376,0.634,0.957,0.752,0
6,27,0,0.36,0,0.565,1.988,0.957,1.129,1
6,27,1,0.61,1,0.451,1.988,0.957,0.901,1
6,27,2,0.73,2,0.36,1.988,0.957,0.72,1
6,27,3,0.69,3,0.287,1.988,0.957,0.575,1
6,27,4,0.92,4,0.229,1.988,0.957,0.459,0
6,27,5,0.61,5,0.15,1.988,0.957,0.3,0
6,27,6,0.61,6,0.15,1.988,0.957,0.3,0
6,28,0,0.41,0,0.716,1.915,0.957,1.432,0
6,28,1,0.63,1,0.358,1.915,0.957,0.716,0
6,28,2,0.75,2,0.179,1.915,0.957,0.358,0
6,28,3,0.44,3,0.15,1.915,0.957,0.3,0
6,28,4,0.54,4,0.15,1.915,0.957,0.3,0
6,28,5,0.51,5,0.15,1.915,0.957,0.3,0
6,29,0,0.9,0,0.651,0.911,0.957,1.301,1
6,30,0,0.81,0,0.35,1.967,0.957,0.701,0
6,30,1,0.49,1,0.175,1.967,0.957,0.35,1
6,30,2,0.63,2,0.141,1.967,0.957,0.283,0
6,31,0,0.68,0,0.525,1.817,0.957,1.049,0
6,31,1,0.74,1,0.262,1.817,0.957,0.525,1
6,31,2,0.48,2,0.229,1.817,0.957,0.458,1
6,31,3,1.13,3,0.2,1.817,0.957,0.4,0
6,31,4,0.44,4,0.15,1.817,0.957,0.3,0
6,32,0,0.3,0,0.684,1.718,0.957,1.367,0
6,32,1,0.38,1,0.342,1.718,0.957,0.684,0
6,32,2,1.17,2,0.171,1.718,0.957,0.342,0
6,32,3,0.32,3,0.15,1.718,0.957,0.3,0
6,32,4,0.76,4,0.15,1.718,0.957,0.3,0
6,33,0,0.66,0,0.504,1.063,0.957,1.009,0
6,33,1,0.66,1,0.252,1.063,0.957,0.504,0
6,33,2,0.39,2,0.15,1.063,0.957,0.3,0
6,33,3,0.43,3,0.15,1.063,0.957,0.3,1
6,33,4,0.47,4,0.224,1.063,0.957,0.448,0
6,33,5,0.42,5,0.15,1.063,0.957,0.3,0
6,34,0,0.92,0,0.347,0.558,0.957,0.694,0
6,34,1,0.4,1,0.174,0.558,0.957,0.347,1
6,34,2,1.43,2,0.493,0.558,0.957,0.987,0
6,34,3,0.97,3,0.247,0.558,0.957,0.493,0
6,35,0,1.37,0,0.698,0.739,0.957,1.396,0
6,35,1,0.51,1,0.349,0.739,0.957,0.698,1
6,35,2,2.17,2,0.749,0.739,0.957,1.499,0
6,35,3,0.53,3,0.375,0.739,0.957,0.749,1
6,35,4,0.61,4,0.804,0.739,0.957,1.608,1
6,35,5,1.0,5,1.0,0.739,0.957,3.452,1
6,35,6,3.94,6,1.0,0.739,0.957,7.41,0
6,36,0,1.21,0,0.289,0.862,0.957,0.579,0
6,36,1,0.71,1,0.15,0.862,0.957,0.3,0
6,36,2,0.41,2,0.15,0.862,0.957,0.3,0
6,37,0,0.42,0,0.255,0.504,0.957,0.509,0
6,38,0,1.95,0,0.473,1.38,0.957,0.946,0
6,38,1,0.53,1,0.236,1.38,0.957,0.473,1
6,38,2,1.33,2,0.272,1.38,0.957,0.544,0
6,38,3,0.63,3,0.15,1.38,0.957,0.3,0
6,39,0,2.77,0,0.665,1.171,0.957,1.329,0
6,40,0,0.57,0,0.373,1.704,0.957,0.747,0
6,41,0,1.13,0,0.392,0.523,0.957,0.784,1
6,41,1,1.45,1,1.0,0.523,0.957,2.38,1
6,41,2,1.32,2,1.0,0.523,0.957,7.225,1
6,41,3,1.49,3,1.0,0.523,0.957,21.937,1
6,41,4,9.7,4,1.0,0.523,0.957,66.606,1
6,41,5,190.07,5,1.0,0.523,0.957,202.23,1
6,41,6,622.93,6,1.0,0.523,0.957,614.015,0
6,41,7,4.28,7,1.0,0.523,0.957,307.008,1
6,42,0,3.26,0,0.405,1.428,0.957,0.81,0
6,43,0,1.32,0,0.405,0.565,0.957,0.81,1
6,43,1,0.73,1,1.0,0.565,0.957,2.275,1
6,43,2,0.43,2,1.0,0.565,0.957,6.395,1
6,43,3,27.13,3,1.0,0.565,0.957,17.972,0
6,43,4,3.6,4,1.0,0.565,0.957,8.986,1
6,44,0,0.69,0,0.704,1.276,0.957,1.408,1
6,44,1,2.18,1,0.876,1.276,0.957,1.752,0
6,44,2,0.35,2,0.438,1.276,0.957,0.876,0
6,44,3,1.04,3,0.219,1.276,0.957,0.438,0
6,45,0,1.49,0,0.632,1.291,0.957,1.264,0
6,45,1,0.36,1,0.316,1.291,0.957,0.632,0
6,45,2,0.33,2,0.158,1.291,0.957,0.316,0
6,45,3,0.57,3,0.15,1.291,0.957,0.3,0
6,45,4,0.35,4,0.15,1.291,0.957,0.3,0
6,45,5,0.32,5,0.15,1.291,0.957,0.3,0
6,46,0,0.68,0,0.385,1.835,0.957,0.77,1
6,46,1,0.92,1,0.333,1.835,0.957,0.666,1
6,46,2,1.11,2,0.288,1.835,0.957,0.576,0
6,46,3,0.51,3,0.15,1.835,0.957,0.3,1
6,46,4,0.56,4,0.13,1.835,0.957,0.259,0
6,46,5,0.39,5,0.15,1.835,0.957,0.3,0
6,47,0,2.31,0,0.3,1.035,0.957,0.601,0
6,47,1,0.36,1,0.15,1.035,0.957,0.3,0
6,47,2,0.62,2,0.15,1.035,0.957,0.3,0
6,47,3,0.49,3,0.15,1.035,0.957,0.3,0
6,47,4,0.45,4,0.15,1.035,0.957,0.3,0
6,48,0,1.33,0,0.338,1.257,0.957,0.676,1
6,48,1,0.45,1,0.427,1.257,0.957,0.854,0
6,48,2,0.6,2,0.213,1.257,0.957,0.427,0
6,48,3,0.32,3,0.15,1.257,0.957,0.3,0
6,48,4,0.42,4,0.15,1.257,0.957,0.3,0
6,48,5,0.41,5,0.15,1.257,0.957,0.3,1
6,48,6,0.33,6,0.189,1.257,0.957,0.379,1
6,49,0,0.51,0,0.524,0.517,0.957,1.049,0
6,49,1,1.61,1,0.262,0.517,0.957,0.524,0
6,49,2,0.32,2,0.15,0.517,0.957,0.3,1
6,49,3,0.68,3,0.461,0.517,0.957,0.921,1
6,49,4,1.85,4,1.0,0.517,0.957,2.828,0
6,49,5,2.31,5,0.707,0.517,0.957,1.414,0
6,49,6,0.58,6,0.353,0.517,0.957,0.707,1
6,50,0,0.93,0,0.584,0.571,0.957,1.169,1
6,50,1,1.19,1,1.0,0.571,0.957,3.251,0
6,50,2,1.43,2,0.813,0.571,0.957,1.625,1
6,50,3,1.23,3,1.0,0.571,0.957,4.521,1
6,50,4,3.78,4,1.0,0.571,0.957,12.576,0
6,50,5,0.67,5,1.0,0.571,0.957,6.288,1
6,50,6,27.97,6,1.0,0.571,0.957,17.492,1
6,51,0,0.55,0,0.324,0.685,0.957,0.647,1
6,51,1,1.79,1,0.75,0.685,0.957,1.5,0
6,52,0,1.12,0,0.277,1.355,0.957,0.554,0
6,52,1,0.85,1,0.15,1.355,0.957,0.3,0
6,52,2,0.47,2,0.15,1.355,0.957,0.3,0
6,53,0,3.36,0,0.571,0.596,0.957,1.143,0
6,53,1,0.57,1,0.286,0.596,0.957,0.571,1
6,54,0,0.9,0,0.387,1.145,0.957,0.775,1
6,55,0,1.62,0,0.607,0.885,0.957,1.214,0
6,55,1,0.33,1,0.303,0.885,0.957,0.607,0
6,56,0,0.61,0,0.577,0.559,0.957,1.155,0
6,57,0,0.41,0,0.354,1.104,0.957,0.708,1
6,57,1,1.25,1,0.509,1.104,0.957,1.018,1
6,57,2,2.33,2,0.732,1.104,0.957,1.463,0
6,58,0,1.21,0,0.426,1.278,0.957,0.852,0
6,58,1,0.46,1,0.213,1.278,0.957,0.426,1
6,59,0,1.26,0,0.56,0.684,0.957,1.12,1
6,59,1,1.55,1,1.0,0.684,0.957,2.597,1
6,59,2,1.08,2,1.0,0.684,0.957,6.022,1
6,59,3,7.9,3,1.0,0.684,0.957,13.966,0
6,59,4,3.5,4,1.0,0.684,0.957,6.983,1
7,0,0,1.02,0,0.7,0.784,0.415,1.401,1
7,0,1,0.84,1,1.0,0.784,0.415,2.547,1
7,1,0,0.35,0,0.375,1.044,0.415,0.751,0
7,1,1,0.52,1,0.188,1.044,0.415,0.375,0
7,1,2,0.38,2,0.15,1.044,0.415,0.3,0
7,1,3,0.31,3,0.15,1.044,0.415,0.3,0
7,1,4,0.46,4,0.15,1.044,0.415,0.3,1
7,1,5,0.95,5,0.205,1.044,0.415,0.409,0
7,1,6,0.36,6,0.15,1.044,0.415,0.3,0
7,2,0,0.74,0,0.432,1.107,0.415,0.864,0
7,2,1,0.42,1,0.216,1.107,0.415,0.432,0
7,2,2,0.38,2,0.15,1.107,0.415,0.3,0
7,2,3,0.72,3,0.15,1.107,0.415,0.3,0
7,3,0,0.63,0,0.472,1.424,0.415,0.944,1
7,3,1,0.72,1,0.472,1.424,0.415,0.944,1
7,3,2,1.02,2,0.472,1.424,0.415,0.944,0
7,3,3,0.41,3,0.236,1.424,0.415,0.472,1
7,4,0,2.23,0,0.698,0.535,0.415,1.397,1
7,4,1,0.39,1,1.0,0.535,0.415,3.722,1
7,4,2,10.03,2,1.0,0.535,0.415,9.92,0
7,4,3,5.43,3,1.0,0.535,0.415,4.96,1
7,4,4,16.89,4,1.0,0.535,0.415,13.219,1
7,5,0,0.92,0,0.479,1.839,0.415,0.959,1
7,5,1,0.45,1,0.371,1.839,0.415,0.743,1
7,5,2,0.48,2,0.288,1.839,0.415,0.575,1
7,5,3,0.45,3,0.223,1.839,0.415,0.446,0
7,5,4,0.52,4,0.15,1.839,0.415,0.3,0
7,5,5,0.31,5,0.15,1.839,0.415,0.3,0
7,6,0,1.51,0,0.449,1.269,0.415,0.898,1
7,6,1,0.37,1,0.504,1.269,0.415,1.008,1
7,6,2,1.32,2,0.566,1.269,0.415,1.132,1
7,6,3,2.17,3,0.635,1.269,0.415,1.271,0
7,6,4,1.71,4,0.318,1.269,0.415,0.635,0
7,7,0,0.34,0,0.356,0.908,0.415,0.713,0
7,7,1,0.36,1,0.178,0.908,0.415,0.356,0
7,7,2,0.33,2,0.15,0.908,0.415,0.3,1
7,7,3,0.57,3,0.235,0.908,0.415,0.471,0
7,7,4,0.5,4,0.15,0.908,0.415,0.3,0
7,8,0,3.71,0,0.748,1.755,0.415,1.495,0
7,8,1,0.72,1,0.374,1.755,0.415,0.748,0
7,8,2,0.7,2,0.187,1.755,0.415,0.374,0
7,8,3,0.97,3,0.15,1.755,0.415,0.3,0
7,8,4,0.63,4,0.15,1.755,0.415,0.3,0
7,8,5,0.42,5,0.15,1.755,0.415,0.3,1
7,8,6,0.38,6,0.122,1.755,0.415,0.243,0
7,9,0,0.46,0,0.268,1.239,0.415,0.537,1
7,9,1,0.52,1,0.309,1.239,0.415,0.617,1
7,9,2,0.32,2,0.355,1.239,0.415,0.71,0
7,9,3,0.37,3,0.178,1.239,0.415,0.355,0
7,9,4,0.41,4,0.15,1.239,0.415,0.3,0
7,9,5,0.43,5,0.15,1.239,0.415,0.3,0
7,9,6,0.45,6,0.15,1.239,0.415,0.3,0
7,9,7,0.65,7,0.15,1.239,0.415,0.3,1
7,10,0,0.59,0,0.5,1.581,0.415,1.0,0
7,10,1,0.41,1,0.25,1.581,0.415,0.5,0
7,10,2,0.5,2,0.15,1.581,0.415,0.3,0
7,10,3,0.37,3,0.15,1.581,0.415,0.3,0
7,11,0,1.18,0,0.565,1.232,0.415,1.13,0
7,12,0,0.59,0,0.31,0.502,0.415,0.62,0
7,13,0,1.51,0,0.472,1.413,0.415,0.944,0
7,14,0,1.02,0,0.309,1.842,0.415,0.618,0
7,14,1,0.38,1,0.154,1.842,0.415,0.309,1
7,14,2,0.56,2,0.119,1.842,0.415,0.239,0
7,15,0,0.67,0,0.636,1.771,0.415,1.272,1
7,15,1,0.57,1,0.511,1.771,0.415,1.023,1
7,15,2,0.52,2,0.411,1.771,0.415,0.822,0
7,15,3,1.32,3,0.206,1.771,0.415,0.411,0
7,15,4,0.34,4,0.15,1.771,0.415,0.3,0
7,15,5,0.45,5,0.15,1.771,0.415,0.3,0
7,15,6,0.79,6,0.15,1.771,0.415,0.3,0
7,16,0,1.98,0,0.552,1.233,0.415,1.103,0
7,16,1,1.71,1,0.276,1.233,0.415,0.552,0
7,17,0,0.88,0,0.356,1.034,0.415,0.713,0
7,17,1,0.52,1,0.178,1.034,0.415,0.356,1
7,17,2,0.35,2,0.246,1.034,0.415,0.491,0
7,17,3,0.53,3,0.15,1.034,0.415,0.3,0
7,17,4,0.52,4,0.15,1.034,0.415,0.3,0
7,17,5,0.45,5,0.15,1.034,0.415,0.3,0
7,18,0,1.75,0,0.571,0.916,0.415,1.143,1
7,18,1,0.78,1,0.889,0.916,0.415,1.777,0
7,19,0,1.28,0,0.506,1.979,0.415,1.013,0
7,19,1,0.33,1,0.253,1.979,0.415,0.506,0
7,20,0,1.02,0,0.406,1.621,0.415,0.812,1
7,20,1,1.37,1,0.357,1.621,0.415,0.713,0
7,20,2,0.33,2,0.178,1.621,0.415,0.357,0
7,20,3,0.36,3,0.15,1.621,0.415,0.3,0
7,20,4,0.32,4,0.15,1.621,0.415,0.3,0
7,20,5,0.63,5,0.15,1.621,0.415,0.3,0
7,21,0,1.56,0,0.49,0.51,0.415,0.98,0
7,21,1,0.5,1,0.245,0.51,0.415,0.49,1
7,21,2,3.25,2,0.684,0.51,0.415,1.369,0
7,21,3,1.58,3,0.342,0.51,0.415,0.684,1
7,21,4,2.15,4,0.956,0.51,0.415,1.912,0
7,21,5,0.82,5,0.478,0.51,0.415,0.956,0
7,21,6,0.35,6,0.239,0.51,0.415,0.478,0
7,22,0,0.44,0,0.583,0.813,0.415,1.165,0
7,22,1,0.36,1,0.291,0.813,0.415,0.583,1
7,22,2,0.31,2,0.51,0.813,0.415,1.021,0
7,22,3,0.35,3,0.255,0.813,0.415,0.51,0
7,22,4,0.45,4,0.15,0.813,0.415,0.3,0
7,22,5,0.53,5,0.15,0.813,0.415,0.3,0
7,23,0,0.5,0,0.29,0.522,0.415,0.581,0
7,23,1,0.53,1,0.15,0.522,0.415,0.3,0
7,23,2,0.32,2,0.15,0.522,0.415,0.3,0
7,23,3,0.45,3,0.15,0.522,0.415,0.3,0
7,23,4,0.39,4,0.15,0.522,0.415,0.3,1
7,24,0,0.82,0,0.652,1.012,0.415,1.303,1
7,24,1,1.61,1,0.918,1.012,0.415,1.835,1
7,24,2,0.93,2,1.0,1.012,0.415,2.585,1
7,25,0,0.45,0,0.446,1.518,0.415,0.892,1
7,25,1,0.92,1,0.418,1.518,0.415,0.837,1
7,25,2,0.37,2,0.393,1.518,0.415,0.785,0
7,25,3,0.4,3,0.196,1.518,0.415,0.393,1
7,25,4,0.31,4,0.184,1.518,0.415,0.368,1
7,26,0,0.56,0,0.302,0.585,0.415,0.603,0
7,27,0,0.47,0,0.285,1.48,0.415,0.57,0
7,27,1,0.41,1,0.15,1.48,0.415,0.3,0
7,27,2,0.91,2,0.15,1.48,0.415,0.3,0
7,27,3,0.47,3,0.15,1.48,0.415,0.3,0
7,27,4,0.34,4,0.15,1.48,0.415,0.3,0
7,27,5,0.5,5,0.15,1.48,0.415,0.3,0
7,27,6,0.48,6,0.15,1.48,0.415,0.3,0
7,28,0,1.55,0,0.482,0.601,0.415,0.965,1
7,28,1,4.21,1,1.0,0.601,0.415,2.287,1
7,28,2,4.24,2,1.0,0.601,0.415,5.423,0
7,28,3,0.58,3,1.0,0.601,0.415,2.712,1
7,28,4,2.66,4,1.0,0.601,0.415,6.429,1
7,28,5,3.95,5,1.0,0.601,0.415,15.243,1
7,28,6,21.94,6,1.0,0.601,0.415,36.142,1
7,29,0,0.31,0,0.742,1.145,0.415,1.484,0
7,30,0,1.25,0,0.72,0.548,0.415,1.44,0
7,30,1,0.57,1,0.36,0.548,0.415,0.72,0
7,30,2,0.32,2,0.18,0.548,0.415,0.36,1
7,31,0,0.54,0,0.442,1.598,0.415,0.884,1
7,31,1,0.39,1,0.394,1.598,0.415,0.788,1
7,32,0,4.13,0,0.674,1.236,0.415,1.349,0
7,32,1,0.55,1,0.337,1.236,0.415,0.674,0
7,32,2,0.64,2,0.169,1.236,0.415,0.337,0
7,32,3,0.31,3,0.15,1.236,0.415,0.3,0
7,32,4,0.32,4,0.15,1.236,0.415,0.3,0
7,33,0,0.34,0,0.616,1.504,0.415,1.232,1
7,33,1,0.73,1,0.584,1.504,0.415,1.168,0
7,33,2,0.81,2,0.292,1.504,0.415,0.584,0
7,33,3,0.61,3,0.15,1.504,0.415,0.3,0
7,33,4,0.39,4,0.15,1.504,0.415,0.3,0
7,33,5,0.48,5,0.15,1.504,0.415,0.3,0
7,33,6,0.44,6,0.15,1.504,0.415,0.3,0
7,34,0,2.44,0,0.441,0.746,0.415,0.881,0
7,34,1,0.78,1,0.22,0.746,0.415,0.441,0
7,34,2,0.32,2,0.15,0.746,0.415,0.3,0
7,34,3,0.62,3,0.15,0.746,0.415,0.3,0
7,35,0,1.25,0,0.741,0.892,0.415,1.482,1
7,35,1,0.83,1,1.0,0.892,0.415,2.367,0
7,35,2,3.66,2,0.592,0.892,0.415,1.184,0
7,35,3,0.37,3,0.296,0.892,0.415,0.592,1
7,35,4,1.99,4,0.473,0.892,0.415,0.945,0
7,35,5,0.74,5,0.236,0.892,0.415,0.473,0
7,35,6,0.54,6,0.15,0.892,0.415,0.3,0
7,35,7,0.42,7,0.15,0.892,0.415,0.3,0
7,36,0,1.39,0,0.669,1.688,0.415,1.339,0
7,37,0,0.54,0,0.53,1.413,0.415,1.06,0
7,37,1,0.34,1,0.265,1.413,0.415,0.53,0
7,38,0,0.34,0,0.298,1.531,0.415,0.596,0
7,38,1,0.32,1,0.15,1.531,0.415,0.3,0
7,39,0,1.13,0,0.586,0.585,0.415,1.173,0
7,40,0,1.3,0,0.559,1.21,0.415,1.118,1
7,40,1,0.56,1,0.658,1.21,0.415,1.316,1
7,41,0,0.43,0,0.357,1.618,0.415,0.714,0
7,41,1,0.71,1,0.178,1.618,0.415,0.357,0
7,41,2,0.32,2,0.15,1.618,0.415,0.3,0
7,41,3,0.32,3,0.15,1.618,0.415,0.3,1
7,42,0,3.25,0,0.74,1.96,0.415,1.48,0
7,42,1,0.36,1,0.37,1.96,0.415,0.74,1
7,42,2,0.54,2,0.269,1.96,0.415,0.538,0
7,42,3,0.42,3,0.15,1.96,0.415,0.3,0
7,42,4,0.52,4,0.15,1.96,0.415,0.3,0
7,42,5,0.39,5,0.15,1.96,0.415,0.3,0
7,42,6,0.71,6,0.15,1.96,0.415,0.3,0
7,42,7,0.42,7,0.15,1.96,0.415,0.3,1
7,43,0,0.61,0,0.369,0.515,0.415,0.738,0
7,43,1,0.45,1,0.185,0.515,0.415,0.369,0
7,43,2,0.68,2,0.15,0.515,0.415,0.3,0
7,43,3,0.5,3,0.15,0.515,0.415,0.3,0
7,43,4,0.38,4,0.15,0.515,0.415,0.3,1
7,43,5,0.44,5,0.415,0.515,0.415,0.83,0
7,43,6,1.17,6,0.208,0.515,0.415,0.415,0
7,43,7,0.31,7,0.15,0.515,0.415,0.3,0
7,44,0,0.82,0,0.703,1.298,0.415,1.405,0
7,44,1,0.36,1,0.351,1.298,0.415,0.703,0
7,44,2,0.42,2,0.176,1.298,0.415,0.351,0
7,44,3,0.81,3,0.15,1.298,0.415,0.3,0
7,45,0,0.6,0,0.592,1.44,0.415,1.185,0
7,45,1,0.75,1,0.296,1.44,0.415,0.592,0
7,46,0,1.04,0,0.336,0.863,0.415,0.672,0
7,47,0,0.65,0,0.742,1.519,0.415,1.485,1
7,47,1,3.75,1,0.696,1.519,0.415,1.393,0
7,47,2,0.86,2,0.348,1.519,0.415,0.696,0
7,47,3,0.49,3,0.174,1.519,0.415,0.348,0
7,48,0,0.33,0,0.602,0.68,0.415,1.204,1
7,48,1,0.94,1,1.0,0.68,0.415,2.52,0
7,48,2,0.7,2,0.63,0.68,0.415,1.26,1
7,49,0,0.38,0,0.303,1.843,0.415,0.606,0
7,49,1,0.4,1,0.151,1.843,0.415,0.303,0
7,49,2,0.33,2,0.15,1.843,0.415,0.3,0
7,50,0,0.31,0,0.438,1.221,0.415,0.876,0
7,50,1,0.6,1,0.219,1.221,0.415,0.438,0
7,50,2,0.35,2,0.15,1.221,0.415,0.3,0
7,50,3,1.15,3,0.15,1.221,0.415,0.3,0
7,50,4,0.33,4,0.15,1.221,0.415,0.3,0
7,50,5,0.46,5,0.15,1.221,0.415,0.3,0
7,50,6,0.39,6,0.15,1.221,0.415,0.3,1
7,51,0,0.97,0,0.425,0.846,0.415,0.851,0
7,51,1,0.56,1,0.213,0.846,0.415,0.425,0
7,51,2,0.53,2,0.15,0.846,0.415,0.3,0
7,51,3,0.33,3,0.15,0.846,0.415,0.3,1
7,51,4,0.37,4,0.253,0.846,0.415,0.505,0
7,51,5,0.3,5,0.15,0.846,0.415,0.3,0
7,51,6,0.47,6,0.15,0.846,0.415,0.3,0
7,51,7,0.37,7,0.15,0.846,0.415,0.3,1
7,52,0,0.48,0,0.699,0.646,0.415,1.398,1
7,53,0,0.96,0,0.631,1.963,0.415,1.261,0
7,53,1,0.69,1,0.315,1.963,0.415,0.631,1
7,53,2,0.55,2,0.229,1.963,0.415,0.458,0
7,54,0,1.21,0,0.605,0.729,0.415,1.21,0
7,54,1,0.56,1,0.303,0.729,0.415,0.605,0
7,55,0,1.89,0,0.445,0.561,0.415,0.891,0
7,55,1,0.3,1,0.223,0.561,0.415,0.445,0
7,55,2,0.36,2,0.15,0.561,0.415,0.3,0
7,55,3,0.5,3,0.15,0.561,0.415,0.3,1
7,55,4,1.21,4,0.381,0.561,0.415,0.762,1
7,55,5,1.75,5,0.968,0.561,0.415,1.935,0
7,55,6,0.58,6,0.484,0.561,0.415,0.968,1
7,56,0,1.1,0,0.544,0.604,0.415,1.089,1
7,57,0,0.45,0,0.263,0.839,0.415,0.525,0
7,57,1,0.69,1,0.15,0.839,0.415,0.3,0
7,57,2,0.45,2,0.15,0.839,0.415,0.3,0
7,58,0,0.59,0,0.285,1.54,0.415,0.571,0
7,58,1,0.55,1,0.15,1.54,0.415,0.3,0
7,58,2,0.3,2,0.15,1.54,0.415,0.3,1
7,58,3,0.33,3,0.139,1.54,0.415,0.278,0
7,58,4,0.6,4,0.15,1.54,0.415,0.3,0
7,59,0,0.78,0,0.68,1.46,0.415,1.36,1
7,59,1,2.17,1,0.664,1.46,0.415,1.327,0
7,59,2,0.37,2,0.332,1.46,0.415,0.664,0
8,0,0,1.43,0,0.663,0.598,0.93,1.325,0
8,0,1,1.39,1,0.331,0.598,0.93,0.663,0
8,0,2,0.42,2,0.166,0.598,0.93,0.331,0
8,0,3,0.34,3,0.15,0.598,0.93,0.3,0
8,0,4,0.34,4,0.15,0.598,0.93,0.3,1
8,0,5,0.32,5,0.396,0.598,0.93,0.793,0
8,0,6,0.49,6,0.198,0.598,0.93,0.396,0
8,0,7,0.68,7,0.15,0.598,0.93,0.3,0
8,1,0,0.45,0,0.75,1.292,0.93,1.5,1
8,1,1,1.08,1,0.917,1.292,0.93,1.833,1
8,1,2,2.75,2,1.0,1.292,0.93,2.241,0
8,1,3,0.39,3,0.56,1.292,0.93,1.12,1
8,1,4,1.6,4,0.685,1.292,0.93,1.37,0
8,1,5,0.54,5,0.342,1.292,0.93,0.685,0
8,1,6,0.43,6,0.171,1.292,0.93,0.342,0
8,1,7,0.34,7,0.15,1.292,0.93,0.3,1
8,2,0,0.66,0,0.738,1.237,0.93,1.476,1
8,2,1,4.42,1,0.942,1.237,0.93,1.883,0
8,2,2,0.87,2,0.471,1.237,0.93,0.942,1
8,2,3,0.57,3,0.601,1.237,0.93,1.202,1
8,2,4,2.34,4,0.767,1.237,0.93,1.533,0
8,2,5,0.54,5,0.383,1.237,0.93,0.767,1
8,2,6,0.35,6,0.489,1.237,0.93,0.978,1
8,2,7,0.95,7,0.624,1.237,0.93,1.249,0
8,3,0,1.12,0,0.409,1.832,0.93,0.818,1
8,3,1,0.72,1,0.353,1.832,0.93,0.705,1
8,3,2,0.36,2,0.304,1.832,0.93,0.608,1
8,4,0,2.43,0,0.743,0.675,0.93,1.486,0
8,4,1,0.51,1,0.371,0.675,0.93,0.743,0
8,4,2,0.59,2,0.186,0.675,0.93,0.371,1
8,4,3,0.78,3,0.434,0.675,0.93,0.869,1
8,4,4,1.56,4,1.0,0.675,0.93,2.031,1
8,4,5,7.84,5,1.0,0.675,0.93,4.748,0
8,4,6,2.48,6,1.0,0.675,0.93,2.374,0
8,4,7,0.49,7,0.593,0.675,0.93,1.187,0
8,5,0,1.73,0,0.629,1.528,0.93,1.259,1
8,5,1,0.31,1,0.65,1.528,0.93,1.301,1
8,5,2,0.61,2,0.672,1.528,0.93,1.344,0
8,5,3,0.87,3,0.336,1.528,0.93,0.672,1
8,5,4,0.81,4,0.347,1.528,0.93,0.694,1
8,5,5,0.44,5,0.358,1.528,0.93,0.717,0
8,6,0,0.43,0,0.61,1.898,0.93,1.221,0
8,6,1,1.16,1,0.305,1.898,0.93,0.61,0
8,6,2,0.39,2,0.153,1.898,0.93,0.305,1
8,6,3,0.66,3,0.127,1.898,0.93,0.254,0
8,7,0,0.47,0,0.713,1.413,0.93,1.427,1
8,7,1,0.53,1,0.797,1.413,0.93,1.594,1
8,7,2,1.86,2,0.891,1.413,0.93,1.782,1
8,7,3,4.65,3,0.995,1.413,0.93,1.991,0
8,7,4,0.73,4,0.498,1.413,0.93,0.995,1
8,7,5,0.43,5,0.556,1.413,0.93,1.112,1
8,8,0,0.58,0,0.261,1.306,0.93,0.523,0
8,9,0,1.26,0,0.445,0.642,0.93,0.89,0
8,9,1,0.42,1,0.223,0.642,0.93,0.445,0
8,9,2,0.54,2,0.15,0.642,0.93,0.3,0
8,10,0,1.36,0,0.449,1.489,0.93,0.898,1
8,10,1,2.62,1,0.476,1.489,0.93,0.952,0
8,10,2,0.45,2,0.238,1.489,0.93,0.476,1
8,10,3,0.42,3,0.253,1.489,0.93,0.505,1
8,10,4,0.71,4,0.268,1.489,0.93,0.536,0
8,10,5,0.63,5,0.15,1.489,0.93,0.3,0
8,11,0,0.71,0,0.494,0.619,0.93,0.988,1
8,11,1,0.9,1,1.0,0.619,0.93,2.521,1
8,11,2,9.19,2,1.0,0.619,0.93,6.432,1
8,11,3,5.15,3,1.0,0.619,0.93,16.413,1
8,11,4,9.53,4,1.0,0.619,0.93,41.881,1
8,12,0,1.32,0,0.485,1.195,0.93,0.97,0
8,12,1,0.56,1,0.243,1.195,0.93,0.485,0
8,12,2,0.49,2,0.15,1.195,0.93,0.3,0
8,12,3,0.3,3,0.15,1.195,0.93,0.3,1
8,12,4,0.49,4,0.198,1.195,0.93,0.396,0
8,12,5,0.66,5,0.15,1.195,0.93,0.3,0
8,12,6,0.32,6,0.15,1.195,0.93,0.3,0
8,13,0,1.77,0,0.435,0.732,0.93,0.87,1
8,13,1,1.52,1,0.938,0.732,0.93,1.875,1
8,13,2,5.91,2,1.0,0.732,0.93,4.044,0
8,13,3,0.65,3,1.0,0.732,0.93,2.022,1
8,13,4,1.91,4,1.0,0.732,0.93,4.36,0
8,13,5,1.23,5,1.0,0.732,0.93,2.18,0
8,13,6,1.01,6,0.545,0.732,0.93,1.09,1
8,14,0,0.56,0,0.518,0.898,0.93,1.036,0
8,14,1,0.62,1,0.259,0.898,0.93,0.518,0
8,15,0,0.62,0,0.5,1.941,0.93,1.0,1
8,15,1,0.74,1,0.407,1.941,0.93,0.813,0
8,16,0,1.76,0,0.456,1.151,0.93,0.912,0
8,16,1,1.34,1,0.228,1.151,0.93,0.456,0
8,16,2,0.35,2,0.15,1.151,0.93,0.3,0
8,17,0,0.45,0,0.267,1.319,0.93,0.534,0
8,17,1,0.33,1,0.15,1.319,0.93,0.3,1
8,17,2,0.72,2,0.18,1.319,0.93,0.359,0
8,17,3,0.48,3,0.15,1.319,0.93,0.3,0
8,17,4,0.32,4,0.15,1.319,0.93,0.3,0
8,17,5,0.53,5,0.15,1.319,0.93,0.3,0
8,17,6,0.3,6,0.15,1.319,0.93,0.3,0
8,18,0,0.72,0,0.486,1.384,0.93,0.971,1
8,18,1,1.07,1,0.554,1.384,0.93,1.108,0
8,18,2,1.22,2,0.277,1.384,0.93,0.554,0
8,19,0,1.12,0,0.357,1.511,0.93,0.715,0
8,19,1,0.85,1,0.179,1.511,0.93,0.357,0
8,19,2,0.46,2,0.15,1.511,0.93,0.3,0
8,19,3,0.38,3,0.15,1.511,0.93,0.3,0
8,19,4,0.35,4,0.15,1.511,0.93,0.3,0
8,20,0,0.84,0,0.357,1.106,0.93,0.715,0
8,20,1,0.34,1,0.179,1.106,0.93,0.357,0
8,20,2,0.37,2,0.15,1.106,0.93,0.3,0
8,20,3,0.42,3,0.15,1.106,0.93,0.3,0
8,20,4,0.34,4,0.15,1.106,0.93,0.3,0
8,20,5,0.36,5,0.15,1.106,0.93,0.3,0
8,20,6,0.86,6,0.15,1.106,0.93,0.3,0
8,20,7,0.59,7,0.15,1.106,0.93,0.3,0
8,21,0,0.5,0,0.357,1.042,0.93,0.713,1
8,21,1,0.81,1,0.541,1.042,0.93,1.081,1
8,21,2,2.17,2,0.819,1.042,0.93,1.638,0
8,21,3,0.38,3,0.41,1.042,0.93,0.819,1
8,21,4,0.57,4,0.621,1.042,0.93,1.241,1
8,21,5,1.0,5,0.941,1.042,0.93,1.881,1
8,22,0,0.62,0,0.404,1.787,0.93,0.809,1
8,22,1,0.31,1,0.357,1.787,0.93,0.715,1
8,22,2,0.48,2,0.316,1.787,0.93,0.632,0
8,22,3,0.46,3,0.158,1.787,0.93,0.316,0
8,22,4,0.3,4,0.15,1.787,0.93,0.3,0
8,23,0,0.96,0,0.329,1.225,0.93,0.658,0
8,23,1,0.57,1,0.164,1.225,0.93,0.329,0
8,23,2,0.41,2,0.15,1.225,0.93,0.3,0
8,23,3,0.69,3,0.15,1.225,0.93,0.3,0
8,23,4,0.52,4,0.15,1.225,0.93,0.3,0
8,24,0,0.88,0,0.421,1.366,0.93,0.842,1
8,24,1,2.65,1,0.487,1.366,0.93,0.974,0
8,24,2,0.47,2,0.243,1.366,0.93,0.487,0
8,24,3,0.69,3,0.15,1.366,0.93,0.3,0
8,24,4,0.3,4,0.15,1.366,0.93,0.3,0
8,25,0,0.8,0,0.404,1.5,0.93,0.809,1
8,25,1,1.55,1,0.426,1.5,0.93,0.851,1
8,25,2,1.13,2,0.448,1.5,0.93,0.896,0
8,25,3,0.31,3,0.224,1.5,0.93,0.448,0
8,25,4,0.43,4,0.15,1.5,0.93,0.3,0
8,26,0,0.76,0,0.537,0.597,0.93,1.074,1
8,27,0,0.31,0,0.642,1.753,0.93,1.284,1
8,27,1,1.15,1,0.578,1.753,0.93,1.156,1
8,27,2,2.11,2,0.521,1.753,0.93,1.041,1
8,27,3,2.0,3,0.469,1.753,0.93,0.938,0
8,28,0,0.41,0,0.417,0.642,0.93,0.833,1
8,28,1,0.39,1,1.0,0.642,0.93,2.048,1
8,28,2,2.1,2,1.0,0.642,0.93,5.034,1
8,28,3,16.66,3,1.0,0.642,0.93,12.374,0
8,28,4,4.25,4,1.0,0.642,0.93,6.187,0
8,28,5,1.92,5,1.0,0.642,0.93,3.093,1
8,28,6,1.22,6,1.0,0.642,0.93,7.604,1
8,29,0,2.14,0,0.306,1.531,0.93,0.612,0
8,29,1,0.62,1,0.153,1.531,0.93,0.306,1
8,29,2,0.45,2,0.158,1.531,0.93,0.315,0
8,29,3,0.67,3,0.15,1.531,0.93,0.3,0
8,29,4,0.31,4,0.15,1.531,0.93,0.3,0
8,29,5,0.67,5,0.15,1.531,0.93,0.3,0
8,30,0,0.35,0,0.312,0.746,0.93,0.623,1
8,30,1,1.5,1,0.66,0.746,0.93,1.319,1
8,30,2,3.41,2,1.0,0.746,0.93,2.791,1
8,30,3,5.1,3,1.0,0.746,0.93,5.905,0
8,31,0,0.51,0,0.407,0.672,0.93,0.814,0
8,31,1,0.73,1,0.204,0.672,0.93,0.407,0
8,31,2,0.3,2,0.15,0.672,0.93,0.3,0
8,31,3,0.39,3,0.15,0.672,0.93,0.3,0
8,31,4,0.5,4,0.15,0.672,0.93,0.3,0
8,31,5,0.36,5,0.15,0.672,0.93,0.3,1
8,31,6,0.7,6,0.353,0.672,0.93,0.705,0
8,32,0,0.78,0,0.618,1.388,0.93,1.236,1
8,32,1,0.79,1,0.703,1.388,0.93,1.406,1
8,32,2,0.51,2,0.8,1.388,0.93,1.6,1
8,32,3,0.89,3,0.91,1.388,0.93,1.82,1
8,32,4,2.37,4,1.0,1.388,0.93,2.071,0
8,32,5,0.64,5,0.518,1.388,0.93,1.036,0
8,33,0,1.04,0,0.594,1.754,0.93,1.188,1
8,33,1,0.78,1,0.535,1.754,0.93,1.07,1
8,33,2,0.79,2,0.482,1.754,0.93,0.963,0
8,33,3,0.49,3,0.241,1.754,0.93,0.482,0
8,33,4,0.39,4,0.15,1.754,0.93,0.3,0
8,34,0,0.64,0,0.393,1.369,0.93,0.787,0
8,34,1,0.98,1,0.197,1.369,0.93,0.393,0
8,34,2,0.49,2,0.15,1.369,0.93,0.3,0
8,34,3,0.54,3,0.15,1.369,0.93,0.3,0
8,34,4,0.32,4,0.15,1.369,0.93,0.3,0
8,34,5,0.45,5,0.15,1.369,0.93,0.3,1
8,35,0,0.55,0,0.391,0.562,0.93,0.782,0
8,35,1,0.47,1,0.195,0.562,0.93,0.391,0
8,36,0,0.37,0,0.356,1.604,0.93,0.712,1
8,36,1,0.57,1,0.35,1.604,0.93,0.701,1
8,36,2,0.65,2,0.345,1.604,0.93,0.69,0
8,36,3,1.46,3,0.173,1.604,0.93,0.345,0
8,36,4,0.68,4,0.15,1.604,0.93,0.3,0
8,36,5,0.37,5,0.15,1.604,0.93,0.3,0
8,36,6,0.37,6,0.15,1.604,0.93,0.3,0
8,36,7,0.91,7,0.15,1.604,0.93,0.3,0
8,37,0,0.95,0,0.662,0.767,0.93,1.325,1
8,37,1,0.57,1,1.0,0.767,0.93,2.727,1
8,37,2,3.16,2,1.0,0.767,0.93,5.613,1
8,37,3,11.22,3,1.0,0.767,0.93,11.556,0
8,37,4,1.23,4,1.0,0.767,0.93,5.778,1
8,37,5,5.58,5,1.0,0.767,0.93,11.894,1
8,38,0,1.32,0,0.45,0.707,0.93,0.899,1
8,38,1,0.97,1,1.0,0.707,0.93,2.007,1
8,38,2,2.18,2,1.0,0.707,0.93,4.48,0
8,38,3,2.94,3,1.0,0.707,0.93,2.24,0
8,38,4,0.43,4,0.56,0.707,0.93,1.12,1
8,39,0,0.39,0,0.425,0.783,0.93,0.851,0
8,39,1,1.15,1,0.213,0.783,0.93,0.425,0
8,39,2,0.46,2,0.15,0.783,0.93,0.3,0
8,39,3,0.49,3,0.15,0.783,0.93,0.3,0
8,39,4,0.88,4,0.15,0.783,0.93,0.3,0
8,39,5,0.4,5,0.15,0.783,0.93,0.3,0
8,39,6,0.41,6,0.15,0.783,0.93,0.3,0
8,39,7,0.36,7,0.15,0.783,0.93,0.3,0
8,40,0,0.78,0,0.384,1.281,0.93,0.769,0
8,40,1,0.42,1,0.192,1.281,0.93,0.384,0
8,40,2,0.46,2,0.15,1.281,0.93,0.3,1
8,40,3,0.56,3,0.185,1.281,0.93,0.37,0
8,40,4,0.45,4,0.15,1.281,0.93,0.3,0
8,40,5,0.66,5,0.15,1.281,0.93,0.3,0
8,41,0,1.05,0,0.578,0.966,0.93,1.156,0
8,41,1,0.71,1,0.289,0.966,0.93,0.578,0
8,41,2,0.4,2,0.15,0.966,0.93,0.3,0
8,41,3,0.37,3,0.15,0.966,0.93,0.3,1
8,41,4,0.96,4,0.245,0.966,0.93,0.491,0
8,41,5,0.64,5,0.15,0.966,0.93,0.3,0
8,41,6,0.3,6,0.15,0.966,0.93,0.3,1
8,42,0,4.34,0,0.601,1.514,0.93,1.202,0
8,42,1,0.46,1,0.301,1.514,0.93,0.601,0
8,42,2,0.44,2,0.15,1.514,0.93,0.301,0
8,42,3,0.67,3,0.15,1.514,0.93,0.3,0
8,42,4,0.41,4,0.15,1.514,0.93,0.3,0
8,42,5,0.33,5,0.15,1.514,0.93,0.3,0
8,43,0,1.62,0,0.6,0.743,0.93,1.201,0
8,43,1,1.31,1,0.3,0.743,0.93,0.6,0
8,43,2,0.46,2,0.15,0.743,0.93,0.3,0
8,43,3,0.69,3,0.15,0.743,0.93,0.3,0
8,43,4,0.78,4,0.15,0.743,0.93,0.3,0
8,43,5,0.41,5,0.15,0.743,0.93,0.3,0
8,44,0,0.41,0,0.311,1.214,0.93,0.623,1
8,44,1,1.21,1,0.405,1.214,0.93,0.81,0
8,44,2,0.34,2,0.202,1.214,0.93,0.405,0
8,44,3,0.3,3,0.15,1.214,0.93,0.3,1
8,45,0,0.7,0,0.474,0.855,0.93,0.948,1
8,45,1,0.75,1,0.875,0.855,0.93,1.75,1
8,45,2,1.12,2,1.0,0.855,0.93,3.229,0
8,45,3,0.75,3,0.807,0.855,0.93,1.615,0
8,45,4,0.38,4,0.404,0.855,0.93,0.807,1
8,46,0,0.46,0,0.594,1.26,0.93,1.187,1
8,46,1,3.58,1,0.744,1.26,0.93,1.488,0
8,46,2,0.43,2,0.372,1.26,0.93,0.744,1
8,46,3,0.35,3,0.466,1.26,0.93,0.932,0
8,46,4,1.52,4,0.233,1.26,0.93,0.466,0
8,46,5,0.77,5,0.15,1.26,0.93,0.3,0
8,46,6,0.67,6,0.15,1.26,0.93,0.3,0
8,47,0,0.87,0,0.563,1.201,0.93,1.126,0
8,47,1,0.6,1,0.282,1.201,0.93,0.563,0
8,48,0,0.38,0,0.651,1.814,0.93,1.301,1
8,48,1,1.54,1,0.567,1.814,0.93,1.133,1
8,48,2,0.44,2,0.493,1.814,0.93,0.986,0
8,48,3,0.53,3,0.247,1.814,0.93,0.493,1
8,48,4,0.43,4,0.215,1.814,0.93,0.429,0
8,48,5,0.47,5,0.15,1.814,0.93,0.3,0
8,48,6,0.62,6,0.15,1.814,0.93,0.3,0
8,48,7,0.39,7,0.15,1.814,0.93,0.3,0
8,49,0,2.22,0,0.481,1.984,0.93,0.962,0
8,49,1,0.38,1,0.241,1.984,0.93,0.481,0
8,49,2,0.6,2,0.15,1.984,0.93,0.3,0
8,49,3,0.56,3,0.15,1.984,0.93,0.3,0
8,49,4,1.08,4,0.15,1.984,0.93,0.3,0
8,49,5,0.43,5,0.15,1.984,0.93,0.3,0
8,50,0,0.66,0,0.279,1.643,0.93,0.558,0
8,50,1,0.38,1,0.15,1.643,0.93,0.3,0
8,50,2,0.35,2,0.15,1.643,0.93,0.3,0
8,51,0,1.82,0,0.603,0.943,0.93,1.205,0
8,52,0,1.45,0,0.665,1.28,0.93,1.33,1
8,52,1,0.38,1,0.82,1.28,0.93,1.641,1
8,52,2,1.65,2,1.0,1.28,0.93,2.024,1
8,52,3,2.05,3,1.0,1.28,0.93,2.496,0
8,52,4,1.23,4,0.624,1.28,0.93,1.248,0
8,52,5,0.33,5,0.312,1.28,0.93,0.624,0
8,53,0,0.95,0,0.582,1.719,0.93,1.165,0
8,53,1,2.98,1,0.291,1.719,0.93,0.582,0
8,54,0,0.35,0,0.255,0.512,0.93,0.509,0
8,55,0,0.69,0,0.34,1.094,0.93,0.68,0
8,55,1,0.36,1,0.17,1.094,0.93,0.34,0
8,55,2,0.35,2,0.15,1.094,0.93,0.3,0
8,56,0,1.27,0,0.305,1.631,0.93,0.61,0
8,56,1,0.61,1,0.153,1.631,0.93,0.305,1
8,56,2,0.35,2,0.148,1.631,0.93,0.295,0
8,56,3,0.4,3,0.15,1.631,0.93,0.3,0
8,56,4,0.84,4,0.15,1.631,0.93,0.3,0
8,57,0,0.67,0,0.75,1.492,0.93,1.499,1
8,57,1,1.69,1,0.793,1.492,0.93,1.586,1
8,57,2,0.43,2,0.839,1.492,0.93,1.678,1
8,57,3,0.36,3,0.888,1.492,0.93,1.776,0
8,57,4,1.08,4,0.444,1.492,0.93,0.888,0
8,57,5,0.61,5,0.222,1.492,0.93,0.444,1
8,57,6,0.37,6,0.235,1.492,0.93,0.47,1
8,57,7,1.01,7,0.248,1.492,0.93,0.497,0
8,58,0,0.79,0,0.592,1.013,0.93,1.184,1
8,58,1,1.92,1,0.923,1.013,0.93,1.846,0
8,58,2,0.51,2,0.461,1.013,0.93,0.923,0
8,58,3,0.34,3,0.231,1.013,0.93,0.461,1
8,58,4,0.49,4,0.36,1.013,0.93,0.72,1
8,59,0,0.37,0,0.437,0.617,0.93,0.874,1
8,59,1,1.79,1,1.0,0.617,0.93,2.237,1
9,0,0,0.7,0,0.34,1.023,0.431,0.679,1
9,0,1,0.72,1,0.475,1.023,0.431,0.949,0
9,0,2,0.33,2,0.237,1.023,0.431,0.475,1
9,1,0,0.37,0,0.27,0.538,0.431,0.539,0
9,1,1,0.46,1,0.15,0.538,0.431,0.3,0
9,1,2,0.34,2,0.15,0.538,0.431,0.3,0
9,2,0,0.51,0,0.515,1.58,0.431,1.029,0
9,2,1,0.42,1,0.257,1.58,0.431,0.515,1
9,2,2,0.5,2,0.233,1.58,0.431,0.465,0
9,2,3,0.34,3,0.15,1.58,0.431,0.3,1
9,2,4,0.35,4,0.136,1.58,0.431,0.271,0
9,2,5,0.49,5,0.15,1.58,0.431,0.3,1
9,3,0,0.51,0,0.355,0.604,0.431,0.71,1
9,3,1,0.49,1,0.841,0.604,0.431,1.681,1
9,3,2,2.07,2,1.0,0.604,0.431,3.979,0
9,3,3,0.46,3,0.995,0.604,0.431,1.99,1
9,3,4,4.24,4,1.0,0.604,0.431,4.709,1
9,3,5,9.46,5,1.0,0.604,0.431,11.146,0
9,3,6,2.16,6,1.0,0.604,0.431,5.573,0
9,4,0,2.2,0,0.662,1.244,0.431,1.325,0
9,4,1,0.41,1,0.331,1.244,0.431,0.662,0
9,5,0,0.43,0,0.376,0.737,0.431,0.752,1
9,5,1,1.11,1,0.73,0.737,0.431,1.46,1
9,5,2,3.4,2,1.0,0.737,0.431,2.832,0
9,6,0,1.37,0,0.619,0.692,0.431,1.239,1
9,7,0,1.31,0,0.429,1.235,0.431,0.858,0
9,7,1,0.37,1,0.215,1.235,0.431,0.429,1
9,7,2,1.11,2,0.248,1.235,0.431,0.496,1
9,7,3,1.93,3,0.287,1.235,0.431,0.574,0
9,7,4,0.57,4,0.15,1.235,0.431,0.3,1
9,7,5,0.44,5,0.174,1.235,0.431,0.347,0
9,7,6,0.4,6,0.15,1.235,0.431,0.3,0
9,8,0,5.3,0,0.686,1.393,0.431,1.372,0
9,8,1,0.45,1,0.343,1.393,0.431,0.686,0
9,8,2,0.9,2,0.172,1.393,0.431,0.343,0
9,9,0,0.42,0,0.584,0.79,0.431,1.168,1
9,9,1,1.95,1,1.0,0.79,0.431,2.114,0
9,10,0,2.0,0,0.394,0.801,0.431,0.787,0
9,10,1,0.63,1,0.197,0.801,0.431,0.394,0
9,10,2,0.82,2,0.15,0.801,0.431,0.3,0
9,10,3,0.37,3,0.15,0.801,0.431,0.3,1
9,10,4,0.64,4,0.268,0.801,0.431,0.535,1
9,10,5,0.34,5,0.478,0.801,0.431,0.955,1
9,10,6,1.33,6,0.852,0.801,0.431,1.705,0
9,10,7,0.99,7,0.426,0.801,0.431,0.852,0
9,11,0,0.8,0,0.507,0.711,0.431,1.013,1
9,11,1,1.31,1,1.0,0.711,0.431,2.036,1
9,11,2,1.26,2,1.0,0.711,0.431,4.092,1
9,12,0,0.41,0,0.668,1.075,0.431,1.336,0
9,13,0,1.63,0,0.7,0.81,0.431,1.4,0
9,13,1,1.11,1,0.35,0.81,0.431,0.7,0
9,13,2,0.69,2,0.175,0.81,0.431,0.35,0
9,13,3,0.34,3,0.15,0.81,0.431,0.3,0
9,14,0,0.8,0,0.344,1.332,0.431,0.688,0
9,15,0,0.47,0,0.489,0.72,0.431,0.979,0
9,15,1,0.8,1,0.245,0.72,0.431,0.489,0
9,15,2,0.56,2,0.15,0.72,0.431,0.3,0
9,15,3,0.66,3,0.15,0.72,0.431,0.3,0
9,15,4,0.34,4,0.15,0.72,0.431,0.3,0
9,15,5,0.59,5,0.15,0.72,0.431,0.3,0
9,16,0,0.48,0,0.259,1.53,0.431,0.518,0
9,16,1,0.45,1,0.15,1.53,0.431,0.3,0
9,16,2,0.53,2,0.15,1.53,0.431,0.3,0
9,16,3,0.86,3,0.15,1.53,0.431,0.3,0
9,16,4,0.52,4,0.15,1.53,0.431,0.3,0
9,16,5,1.19,5,0.15,1.53,0.431,0.3,0
9,16,6,0.32,6,0.15,1.53,0.431,0.3,0
9,17,0,2.83,0,0.613,0.503,0.431,1.226,0
9,17,1,0.4,1,0.306,0.503,0.431,0.613,0
9,17,2,0.34,2,0.153,0.503,0.431,0.306,0
9,17,3,0.39,3,0.15,0.503,0.431,0.3,0
9,17,4,0.43,4,0.15,0.503,0.431,0.3,0
9,17,5,1.42,5,0.15,0.503,0.431,0.3,0
9,17,6,0.4,6,0.15,0.503,0.431,0.3,0
9,18,0,1.08,0,0.521,1.907,0.431,1.042,1
9,18,1,0.34,1,0.391,1.907,0.431,0.781,0
9,18,2,0.54,2,0.195,1.907,0.431,0.391,0
9,18,3,0.73,3,0.15,1.907,0.431,0.3,0
9,19,0,0.98,0,0.318,0.991,0.431,0.636,0
9,20,0,0.57,0,0.645,1.34,0.431,1.29,1
9,20,1,0.32,1,0.688,1.34,0.431,1.376,1
9,20,2,0.39,2,0.734,1.34,0.431,1.467,1
9,20,3,2.6,3,0.783,1.34,0.431,1.565,0
9,20,4,1.0,4,0.391,1.34,0.431,0.783,0
9,20,5,0.48,5,0.196,1.34,0.431,0.391,0
9,20,6,0.4,6,0.15,1.34,0.431,0.3,1
9,21,0,4.91,0,0.609,0.874,0.431,1.219,0
9,21,1,1.01,1,0.305,0.874,0.431,0.609,0
9,21,2,1.32,2,0.152,0.874,0.431,0.305,0
9,21,3,0.41,3,0.15,0.874,0.431,0.3,0
9,21,4,0.4,4,0.15,0.874,0.431,0.3,0
9,22,0,1.01,0,0.278,1.959,0.431,0.556,0
9,22,1,0.73,1,0.15,1.959,0.431,0.3,0
9,22,2,0.41,2,0.15,1.959,0.431,0.3,0
9,22,3,0.47,3,0.15,1.959,0.431,0.3,0
9,22,4,0.31,4,0.15,1.959,0.431,0.3,1
9,22,5,0.52,5,0.109,1.959,0.431,0.219,0
9,22,6,0.34,6,0.15,1.959,0.431,0.3,0
9,23,0,1.12,0,0.459,1.244,0.431,0.918,0
9,23,1,0.45,1,0.23,1.244,0.431,0.459,0
9,23,2,0.31,2,0.15,1.244,0.431,0.3,0
9,24,0,0.42,0,0.398,0.776,0.431,0.796,0
9,24,1,0.75,1,0.199,0.776,0.431,0.398,0
9,24,2,0.48,2,0.15,0.776,0.431,0.3,1
9,24,3,1.07,3,0.276,0.776,0.431,0.552,0
9,24,4,0.41,4,0.15,0.776,0.431,0.3,0
9,25,0,0.3,0,0.732,1.015,0.431,1.463,1
9,26,0,0.5,0,0.476,1.41,0.431,0.951,0
9,26,1,0.45,1,0.238,1.41,0.431,0.476,0
9,27,0,0.84,0,0.511,0.531,0.431,1.022,1
9,28,0,1.87,0,0.75,1.168,0.431,1.5,0
9,29,0,0.42,0,0.726,1.847,0.431,1.453,1
9,29,1,1.19,1,0.562,1.847,0.431,1.124,0
9,29,2,0.32,2,0.281,1.847,0.431,0.562,1
9,29,3,0.63,3,0.217,1.847,0.431,0.435,0
9,29,4,0.37,4,0.15,1.847,0.431,0.3,0
9,29,5,0.42,5,0.15,1.847,0.431,0.3,1
9,29,6,0.35,6,0.116,1.847,0.431,0.232,1
9,30,0,1.71,0,0.621,1.024,0.431,1.242,0
9,30,1,0.3,1,0.31,1.024,0.431,0.621,1
9,30,2,1.11,2,0.433,1.024,0.431,0.866,0
9,30,3,0.42,3,0.217,1.024,0.431,0.433,0
9,30,4,0.67,4,0.15,1.024,0.431,0.3,0
9,31,0,2.17,0,0.445,1.205,0.431,0.89,0
9,31,1,0.44,1,0.222,1.205,0.431,0.445,0
9,31,2,0.73,2,0.15,1.205,0.431,0.3,0
9,31,3,0.38,3,0.15,1.205,0.431,0.3,0
9,31,4,0.43,4,0.15,1.205,0.431,0.3,0
9,31,5,0.33,5,0.15,1.205,0.431,0.3,1
9,32,0,1.73,0,0.416,1.06,0.431,0.833,0
9,32,1,1.09,1,0.208,1.06,0.431,0.416,0
9,32,2,0.31,2,0.15,1.06,0.431,0.3,0
9,32,3,0.56,3,0.15,1.06,0.431,0.3,1
9,32,4,0.58,4,0.202,1.06,0.431,0.404,1
9,33,0,0.5,0,0.465,1.34,0.431,0.929,0
9,33,1,1.03,1,0.232,1.34,0.431,0.465,0
9,33,2,0.53,2,0.15,1.34,0.431,0.3,0
9,33,3,0.37,3,0.15,1.34,0.431,0.3,0
9,33,4,0.32,4,0.15,1.34,0.431,0.3,0
9,33,5,0.5,5,0.15,1.34,0.431,0.3,0
9,34,0,2.26,0,0.629,0.501,0.431,1.257,0
9,34,1,0.62,1,0.314,0.501,0.431,0.629,1
9,34,2,0.82,2,0.896,0.501,0.431,1.792,0
9,34,3,0.78,3,0.448,0.501,0.431,0.896,0
9,35,0,0.42,0,0.554,0.682,0.431,1.109,1
9,35,1,1.44,1,1.0,0.682,0.431,2.322,0
9,35,2,2.54,2,0.581,0.682,0.431,1.161,0
9,36,0,0.84,0,0.387,1.974,0.431,0.774,0
9,36,1,0.38,1,0.194,1.974,0.431,0.387,0
9,36,2,0.41,2,0.15,1.974,0.431,0.3,1
9,36,3,0.45,3,0.109,1.974,0.431,0.217,0
9,37,0,0.8,0,0.739,1.23,0.431,1.479,1
9,37,1,1.83,1,0.859,1.23,0.431,1.718,0
9,37,2,0.88,2,0.429,1.23,0.431,0.859,0
9,37,3,0.42,3,0.215,1.23,0.431,0.429,1
9,38,0,0.66,0,0.41,1.268,0.431,0.82,0
9,39,0,0.34,0,0.262,0.927,0.431,0.524,0
9,40,0,0.84,0,0.375,0.531,0.431,0.749,1
9,40,1,3.09,1,1.0,0.531,0.431,2.018,1
9,40,2,4.25,2,1.0,0.531,0.431,5.433,1
9,40,3,2.6,3,1.0,0.531,0.431,14.63,1
9,40,4,18.68,4,1.0,0.531,0.431,39.395,0
9,40,5,24.52,5,1.0,0.531,0.431,19.697,0
9,40,6,2.64,6,1.0,0.531,0.431,9.849,0
9,41,0,1.22,0,0.435,1.802,0.431,0.87,0
9,41,1,0.45,1,0.218,1.802,0.431,0.435,0
9,41,2,0.36,2,0.15,1.802,0.431,0.3,0
9,41,3,0.41,3,0.15,1.802,0.431,0.3,1
9,42,0,0.9,0,0.701,0.848,0.431,1.401,1
9,43,0,0.5,0,0.267,1.278,0.431,0.534,1
9,44,0,0.31,0,0.479,1.247,0.431,0.958,1
9,44,1,1.81,1,0.549,1.247,0.431,1.097,0
9,45,0,1.18,0,0.485,1.534,0.431,0.969,0
9,45,1,0.46,1,0.242,1.534,0.431,0.485,0
9,45,2,0.44,2,0.15,1.534,0.431,0.3,0
9,45,3,0.38,3,0.15,1.534,0.431,0.3,1
9,45,4,0.73,4,0.14,1.534,0.431,0.279,0
9,45,5,0.36,5,0.15,1.534,0.431,0.3,0
9,46,0,0.61,0,0.403,0.758,0.431,0.805,1
9,46,1,1.05,1,0.759,0.758,0.431,1.518,0
9,47,0,2.62,0,0.699,1.521,0.431,1.397,0
9,47,1,0.68,1,0.349,1.521,0.431,0.699,1
9,47,2,0.82,2,0.328,1.521,0.431,0.656,0
9,47,3,0.35,3,0.164,1.521,0.431,0.328,1
9,47,4,0.46,4,0.154,1.521,0.431,0.308,0
9,47,5,0.64,5,0.15,1.521,0.431,0.3,0
9,48,0,0.31,0,0.416,1.66,0.431,0.833,1
9,49,0,3.23,0,0.613,1.005,0.431,1.226,0
9,50,0,3.08,0,0.742,1.681,0.431,1.484,0
9,50,1,1.63,1,0.371,1.681,0.431,0.742,0
9,50,2,0.37,2,0.186,1.681,0.431,0.371,1
9,50,3,0.46,3,0.158,1.681,0.431,0.315,0
9,50,4,0.85,4,0.15,1.681,0.431,0.3,0
9,50,5,0.62,5,0.15,1.681,0.431,0.3,0
9,50,6,0.44,6,0.15,1.681,0.431,0.3,1
9,50,7,0.47,7,0.128,1.681,0.431,0.255,0
9,51,0,3.02,0,0.749,1.377,0.431,1.497,1
9,51,1,1.35,1,0.777,1.377,0.431,1.553,1
9,51,2,1.13,2,0.806,1.377,0.431,1.611,0
9,51,3,1.47,3,0.403,1.377,0.431,0.806,0
9,51,4,0.31,4,0.201,1.377,0.431,0.403,0
9,51,5,0.36,5,0.15,1.377,0.431,0.3,0
9,51,6,0.8,6,0.15,1.377,0.431,0.3,0
9,52,0,0.42,0,0.391,1.965,0.431,0.781,1
9,52,1,1.42,1,0.284,1.965,0.431,0.568,1
9,52,2,0.75,2,0.207,1.965,0.431,0.413,0
9,52,3,0.64,3,0.15,1.965,0.431,0.3,0
9,52,4,1.07,4,0.15,1.965,0.431,0.3,0
9,53,0,1.45,0,0.4,1.719,0.431,0.801,1
9,53,1,0.85,1,0.333,1.719,0.431,0.666,1
9,53,2,0.9,2,0.277,1.719,0.431,0.554,0
9,53,3,0.71,3,0.15,1.719,0.431,0.3,0
9,54,0,1.1,0,0.321,1.348,0.431,0.642,1
9,54,1,0.46,1,0.34,1.348,0.431,0.68,0
9,55,0,1.18,0,0.409,1.206,0.431,0.817,0
9,55,1,0.91,1,0.204,1.206,0.431,0.409,0
9,55,2,0.96,2,0.15,1.206,0.431,0.3,0
9,55,3,0.49,3,0.15,1.206,0.431,0.3,0
9,55,4,0.4,4,0.15,1.206,0.431,0.3,0
9,56,0,0.34,0,0.497,1.996,0.431,0.994,1
9,56,1,1.09,1,0.356,1.996,0.431,0.711,0
9,56,2,0.3,2,0.178,1.996,0.431,0.356,0
9,56,3,0.33,3,0.15,1.996,0.431,0.3,1
9,56,4,0.4,4,0.107,1.996,0.431,0.215,0
9,56,5,0.43,5,0.15,1.996,0.431,0.3,0
9,57,0,0.48,0,0.393,1.439,0.431,0.787,1
9,57,1,0.42,1,0.391,1.439,0.431,0.781,1
9,57,2,0.39,2,0.388,1.439,0.431,0.776,0
9,57,3,0.72,3,0.194,1.439,0.431,0.388,0
9,57,4,0.67,4,0.15,1.439,0.431,0.3,0
9,57,5,0.32,5,0.15,1.439,0.431,0.3,1
9,58,0,0.48,0,0.551,1.172,0.431,1.101,1
9,58,1,0.7,1,0.671,1.172,0.431,1.342,1
9,58,2,0.7,2,0.818,1.172,0.431,1.636,0
9,58,3,4.52,3,0.409,1.172,0.431,0.818,0
9,58,4,0.46,4,0.205,1.172,0.431,0.409,1
9,58,5,0.9,5,0.249,1.172,0.431,0.499,0
9,59,0,0.57,0,0.383,0.731,0.431,0.765,0
9,59,1,0.47,1,0.191,0.731,0.431,0.383,0
9,59,2,0.3,2,0.15,0.731,0.431,0.3,0
9,59,3,0.45,3,0.15,0.731,0.431,0.3,0
9,59,4,0.34,4,0.15,0.731,0.431,0.3,0
9,59,5,0.42,5,0.15,0.731,0.431,0.3,0
9,59,6,0.48,6,0.15,0.731,0.431,0.3,0
10,0,0,0.56,0,0.468,1.571,0.919,0.935,1
10,1,0,1.33,0,0.617,1.938,0.919,1.235,1
10,2,0,0.9,0,0.255,1.773,0.919,0.51,0
10,2,1,0.33,1,0.15,1.773,0.919,0.3,1
10,3,0,0.61,0,0.624,1.264,0.919,1.247,1
10,3,1,0.34,1,0.777,1.264,0.919,1.555,1
10,3,2,1.12,2,0.969,1.264,0.919,1.938,0
10,3,3,1.15,3,0.484,1.264,0.919,0.969,0
10,3,4,0.43,4,0.242,1.264,0.919,0.484,0
10,3,5,0.52,5,0.15,1.264,0.919,0.3,0
10,4,0,1.07,0,0.603,1.61,0.919,1.206,0
10,4,1,0.34,1,0.301,1.61,0.919,0.603,0
10,4,2,0.42,2,0.151,1.61,0.919,0.301,0
10,4,3,0.72,3,0.15,1.61,0.919,0.3,0
10,4,4,0.41,4,0.15,1.61,0.919,0.3,0
10,4,5,0.63,5,0.15,1.61,0.919,0.3,0
10,4,6,0.67,6,0.15,1.61,0.919,0.3,1
10,4,7,0.34,7,0.147,1.61,0.919,0.294,0
10,5,0,0.42,0,0.497,1.435,0.919,0.995,1
10,5,1,0.69,1,0.546,1.435,0.919,1.092,0
10,5,2,0.57,2,0.273,1.435,0.919,0.546,1
10,6,0,0.53,0,0.405,1.787,0.919,0.81,0
10,6,1,0.51,1,0.202,1.787,0.919,0.405,0
10,6,2,0.4,2,0.15,1.787,0.919,0.3,0
10,6,3,0.43,3,0.15,1.787,0.919,0.3,0
10,6,4,0.35,4,0.15,1.787,0.919,0.3,0
10,6,5,0.71,5,0.15,1.787,0.919,0.3,0
10,6,6,0.34,6,0.15,1.787,0.919,0.3,1
10,6,7,0.51,7,0.132,1.787,0.919,0.264,0
10,7,0,1.23,0,0.411,0.742,0.919,0.821,0
10,7,1,0.45,1,0.205,0.742,0.919,0.411,1
10,7,2,1.5,2,0.436,0.742,0.919,0.872,0
10,8,0,0.46,0,0.487,0.637,0.919,0.974,0
10,8,1,0.44,1,0.243,0.637,0.919,0.487,1
10,8,2,3.08,2,0.603,0.637,0.919,1.205,1
10,8,3,1.06,3,1.0,0.637,0.919,2.984,1
10,8,4,14.08,4,1.0,0.637,0.919,7.385,0
10,9,0,1.6,0,0.449,1.702,0.919,0.897,0
10,9,1,0.41,1,0.224,1.702,0.919,0.449,0
10,9,2,0.79,2,0.15,1.702,0.919,0.3,0
10,9,3,0.46,3,0.15,1.702,0.919,0.3,1
10,10,0,0.68,0,0.528,1.287,0.919,1.055,0
10,10,1,0.74,1,0.264,1.287,0.919,0.528,0
10,10,2,0.57,2,0.15,1.287,0.919,0.3,0
10,10,3,0.44,3,0.15,1.287,0.919,0.3,1
10,10,4,0.49,4,0.184,1.287,0.919,0.367,0
10,10,5,0.43,5,0.15,1.287,0.919,0.3,0
10,10,6,0.4,6,0.15,1.287,0.919,0.3,0
10,10,7,0.44,7,0.15,1.287,0.919,0.3,0
10,11,0,0.73,0,0.52,0.771,0.919,1.041,1
10,11,1,3.48,1,1.0,0.771,0.919,2.127,0
10,11,2,0.96,2,0.532,0.771,0.919,1.063,1
10,11,3,3.94,3,1.0,0.771,0.919,2.173,0
10,11,4,0.47,4,0.543,0.771,0.919,1.086,1
10,11,5,0.62,5,1.0,0.771,0.919,2.22,1
10,11,6,2.35,6,1.0,0.771,0.919,4.535,1
10,11,7,4.25,7,1.0,0.771,0.919,9.266,1
10,12,0,0.32,0,0.372,1.698,0.919,0.743,0
10,12,1,0.85,1,0.186,1.698,0.919,0.372,0
10,12,2,0.31,2,0.15,1.698,0.919,0.3,1
10,12,3,0.3,3,0.139,1.698,0.919,0.278,1
10,12,4,0.36,4,0.129,1.698,0.919,0.258,0
10,12,5,0.38,5,0.15,1.698,0.919,0.3,0
10,13,0,0.57,0,0.58,0.641,0.919,1.159,1
10,13,1,0.85,1,1.0,0.641,0.919,2.851,1
10,13,2,1.59,2,1.0,0.641,0.919,7.009,1
10,13,3,6.36,3,1.0,0.641,0.919,17.234,1
10,13,4,18.34,4,1.0,0.641,0.919,42.376,1
10,13,5,139.83,5,1.0,0.641,0.919,104.195,0
10,13,6,34.69,6,1.0,0.641,0.919,52.097,0
10,14,0,0.55,0,0.362,1.23,0.919,0.725,0
10,14,1,0.31,1,0.181,1.23,0.919,0.362,0
10,14,2,0.3,2,0.15,1.23,0.919,0.3,0
10,14,3,0.34,3,0.15,1.23,0.919,0.3,0
10,14,4,0.38,4,0.15,1.23,0.919,0.3,0
10,15,0,0.48,0,0.626,0.927,0.919,1.252,0
10,15,1,0.32,1,0.313,0.927,0.919,0.626,1
10,16,0,0.45,0,0.363,1.558,0.919,0.727,0
10,16,1,0.36,1,0.182,1.558,0.919,0.363,0
10,16,2,0.44,2,0.15,1.558,0.919,0.3,0
10,17,0,0.41,0,0.332,1.71,0.919,0.664,0
10,17,1,0.46,1,0.166,1.71,0.919,0.332,0
10,17,2,0.32,2,0.15,1.71,0.919,0.3,1
10,17,3,0.3,3,0.138,1.71,0.919,0.277,0
10,18,0,1.33,0,0.66,1.008,0.919,1.319,1
10,18,1,1.91,1,1.0,1.008,0.919,2.062,1
10,18,2,1.98,2,1.0,1.008,0.919,3.222,0
10,19,0,0.58,0,0.579,1.393,0.919,1.158,1
10,19,1,1.25,1,0.655,1.393,0.919,1.31,0
10,19,2,0.36,2,0.327,1.393,0.919,0.655,1
10,19,3,1.44,3,0.371,1.393,0.919,0.741,0
10,19,4,0.36,4,0.185,1.393,0.919,0.371,1
10,19,5,1.21,5,0.21,1.393,0.919,0.419,0
10,19,6,0.55,6,0.15,1.393,0.919,0.3,0
10,20,0,0.46,0,0.512,1.778,0.919,1.024,1
10,20,1,2.37,1,0.454,1.778,0.919,0.908,1
10,20,2,0.77,2,0.402,1.778,0.919,0.805,1
10,20,3,1.04,3,0.357,1.778,0.919,0.713,0
10,20,4,0.48,4,0.178,1.778,0.919,0.357,0
10,20,5,0.32,5,0.15,1.778,0.919,0.3,0
10,21,0,0.7,0,0.606,1.969,0.919,1.212,0
10,21,1,0.97,1,0.303,1.969,0.919,0.606,0
10,21,2,0.33,2,0.151,1.969,0.919,0.303,0
10,21,3,0.5,3,0.15,1.969,0.919,0.3,1
10,21,4,0.42,4,0.12,1.969,0.919,0.24,1
10,22,0,0.69,0,0.269,1.954,0.919,0.539,0
10,22,1,1.83,1,0.15,1.954,0.919,0.3,0
10,22,2,0.59,2,0.15,1.954,0.919,0.3,0
10,22,3,0.41,3,0.15,1.954,0.919,0.3,0
10,22,4,0.32,4,0.15,1.954,0.919,0.3,1
10,23,0,0.34,0,0.546,0.816,0.919,1.093,1
10,23,1,2.83,1,1.0,0.816,0.919,2.111,1
10,23,2,0.5,2,1.0,0.816,0.919,4.077,1
10,24,0,0.93,0,0.406,0.692,0.919,0.812,0
10,24,1,0.4,1,0.203,0.692,0.919,0.406,1
10,24,2,0.98,2,0.463,0.692,0.919,0.925,0
10,24,3,0.41,3,0.231,0.692,0.919,0.463,1
10,24,4,1.01,4,0.527,0.692,0.919,1.054,1
10,24,5,2.03,5,1.0,0.692,0.919,2.4,0
10,24,6,3.27,6,0.6,0.692,0.919,1.2,0
10,24,7,1.38,7,0.3,0.692,0.919,0.6,0
10,25,0,0.55,0,0.378,0.845,0.919,0.756,1
10,25,1,0.51,1,0.705,0.845,0.919,1.41,0
10,25,2,0.41,2,0.352,0.845,0.919,0.705,1
10,25,3,0.65,3,0.657,0.845,0.919,1.314,1
10,26,0,1.22,0,0.279,1.52,0.919,0.558,0
10,26,1,0.31,1,0.15,1.52,0.919,0.3,0
10,26,2,0.85,2,0.15,1.52,0.919,0.3,0
10,27,0,0.72,0,0.447,1.492,0.919,0.895,1
10,27,1,1.77,1,0.473,1.492,0.919,0.945,0
10,27,2,0.65,2,0.236,1.492,0.919,0.473,1
10,27,3,0.47,3,0.25,1.492,0.919,0.499,1
10,27,4,1.32,4,0.264,1.492,0.919,0.528,0
10,28,0,1.36,0,0.535,1.187,0.919,1.069,0
10,28,1,0.74,1,0.267,1.187,0.919,0.535,0
10,28,2,0.33,2,0.15,1.187,0.919,0.3,0
10,28,3,0.32,3,0.15,1.187,0.919,0.3,0
10,28,4,0.34,4,0.15,1.187,0.919,0.3,0
10,28,5,0.59,5,0.15,1.187,0.919,0.3,0
10,29,0,0.41,0,0.544,1.836,0.919,1.088,1
10,30,0,1.2,0,0.571,1.923,0.919,1.141,0
10,30,1,0.34,1,0.285,1.923,0.919,0.571,1
10,30,2,0.51,2,0.234,1.923,0.919,0.468,0
10,31,0,0.55,0,0.347,1.283,0.919,0.693,1
10,31,1,1.72,1,0.426,1.283,0.919,0.852,0
10,31,2,0.48,2,0.213,1.283,0.919,0.426,0
10,31,3,0.67,3,0.15,1.283,0.919,0.3,1
10,31,4,0.38,4,0.184,1.283,0.919,0.369,0
10,31,5,0.5,5,0.15,1.283,0.919,0.3,0
10,31,6,0.84,6,0.15,1.283,0.919,0.3,0
10,31,7,0.84,7,0.15,1.283,0.919,0.3,0
10,32,0,0.87,0,0.607,1.053,0.919,1.213,0
10,32,1,0.89,1,0.303,1.053,0.919,0.607,0
10,32,2,0.73,2,0.152,1.053,0.919,0.303,0
10,32,3,0.42,3,0.15,1.053,0.919,0.3,0
10,33,0,0.34,0,0.304,1.058,0.919,0.608,1
10,33,1,0.36,1,0.453,1.058,0.919,0.905,1
10,33,2,0.68,2,0.674,1.058,0.919,1.348,1
10,33,3,3.71,3,1.0,1.058,0.919,2.007,0
10,33,4,0.33,4,0.502,1.058,0.919,1.003,1
10,33,5,0.63,5,0.747,1.058,0.919,1.494,1
10,33,6,2.96,6,1.0,1.058,0.919,2.224,0
10,34,0,0.41,0,0.702,1.088,0.919,1.405,0
10,34,1,0.87,1,0.351,1.088,0.919,0.702,0
10,35,0,1.17,0,0.518,0.817,0.919,1.037,0
10,35,1,0.78,1,0.259,0.817,0.919,0.518,0
10,35,2,0.58,2,0.15,0.817,0.919,0.3,1
10,35,3,0.93,3,0.289,0.817,0.919,0.579,0
10,35,4,0.52,4,0.15,0.817,0.919,0.3,0
10,35,5,0.31,5,0.15,0.817,0.919,0.3,0
10,35,6,0.85,6,0.15,0.817,0.919,0.3,0
10,35,7,0.59,7,0.15,0.817,0.919,0.3,1
10,36,0,2.04,0,0.567,1.057,0.919,1.134,0
10,36,1,0.71,1,0.284,1.057,0.919,0.567,0
10,36,2,0.72,2,0.15,1.057,0.919,0.3,0
10,36,3,0.92,3,0.15,1.057,0.919,0.3,0
10,36,4,0.36,4,0.15,1.057,0.919,0.3,0
10,37,0,2.86,0,0.643,1.047,0.919,1.286,1
10,37,1,1.81,1,0.968,1.047,0.919,1.936,0
10,37,2,0.59,2,0.484,1.047,0.919,0.968,1
10,37,3,0.85,3,0.729,1.047,0.919,1.457,0
10,37,4,0.49,4,0.364,1.047,0.919,0.729,1
10,37,5,0.6,5,0.548,1.047,0.919,1.097,0
10,38,0,0.8,0,0.415,1.643,0.919,0.829,0
10,38,1,0.37,1,0.207,1.643,0.919,0.415,1
10,38,2,0.53,2,0.199,1.643,0.919,0.398,0
10,38,3,0.37,3,0.15,1.643,0.919,0.3,1
10,38,4,0.38,4,0.144,1.643,0.919,0.288,0
10,38,5,0.4,5,0.15,1.643,0.919,0.3,0
10,39,0,0.54,0,0.518,0.856,0.919,1.035,1
10,39,1,0.61,1,0.953,0.856,0.919,1.905,1
10,40,0,1.02,0,0.383,0.692,0.919,0.765,0
10,40,1,0.56,1,0.191,0.692,0.919,0.383,0
10,40,2,0.6,2,0.15,0.692,0.919,0.3,0
10,40,3,0.81,3,0.15,0.692,0.919,0.3,0
10,41,0,0.32,0,0.269,0.771,0.919,0.538,1
10,41,1,1.15,1,0.55,0.771,0.919,1.101,0
10,41,2,0.52,2,0.275,0.771,0.919,0.55,0
10,41,3,0.82,3,0.15,0.771,0.919,0.3,0
10,41,4,0.42,4,0.15,0.771,0.919,0.3,1
10,41,5,0.55,5,0.307,0.771,0.919,0.613,0
10,41,6,0.5,6,0.153,0.771,0.919,0.307,1
10,42,0,0.87,0,0.515,1.265,0.919,1.029,0
10,42,1,0.31,1,0.257,1.265,0.919,0.515,1
10,42,2,0.8,2,0.32,1.265,0.919,0.641,1
10,43,0,0.76,0,0.731,0.976,0.919,1.463,0
10,43,1,1.46,1,0.366,0.976,0.919,0.731,0
10,43,2,0.4,2,0.183,0.976,0.919,0.366,1
10,44,0,0.53,0,0.401,0.91,0.919,0.803,1
10,44,1,1.18,1,0.695,0.91,0.919,1.39,0
10,44,2,1.34,2,0.348,0.91,0.919,0.695,0
10,44,3,0.65,3,0.174,0.91,0.919,0.348,0
10,45,0,0.91,0,0.468,1.8,0.919,0.936,0
10,45,1,0.77,1,0.234,1.8,0.919,0.468,0
10,45,2,0.3,2,0.15,1.8,0.919,0.3,0
10,46,0,0.35,0,0.724,0.8,0.919,1.447,0
10,46,1,0.63,1,0.362,0.8,0.919,0.724,1
10,47,0,0.62,0,0.377,1.78,0.919,0.754,1
10,47,1,0.57,1,0.334,1.78,0.919,0.668,1
10,47,2,0.63,2,0.296,1.78,0.919,0.591,1
10,47,3,0.34,3,0.262,1.78,0.919,0.523,0
10,47,4,0.43,4,0.15,1.78,0.919,0.3,0
10,47,5,0.39,5,0.15,1.78,0.919,0.3,0
10,47,6,0.49,6,0.15,1.78,0.919,0.3,1
10,48,0,0.39,0,0.407,1.918,0.919,0.814,0
10,48,1,0.32,1,0.203,1.918,0.919,0.407,0
10,48,2,0.84,2,0.15,1.918,0.919,0.3,0
10,48,3,0.45,3,0.15,1.918,0.919,0.3,0
10,48,4,0.59,4,0.15,1.918,0.919,0.3,0
10,48,5,0.7,5,0.15,1.918,0.919,0.3,0
10,48,6,0.44,6,0.15,1.918,0.919,0.3,1
10,49,0,2.17,0,0.671,1.157,0.919,1.342,0
10,49,1,0.37,1,0.336,1.157,0.919,0.671,1
10,49,2,1.93,2,0.457,1.157,0.919,0.914,0
10,49,3,0.48,3,0.229,1.157,0.919,0.457,0
10,49,4,0.4,4,0.15,1.157,0.919,0.3,0
10,50,0,0.45,0,0.425,1.972,0.919,0.849,0
10,50,1,0.32,1,0.212,1.972,0.919,0.425,1
10,51,0,0.55,0,0.691,0.786,0.919,1.383,1
10,51,1,1.38,1,1.0,0.786,0.919,2.772,0
10,51,2,0.62,2,0.693,0.786,0.919,1.386,1
10,51,3,0.39,3,1.0,0.786,0.919,2.778,1
10,52,0,1.08,0,0.556,1.479,0.919,1.112,1
10,52,1,1.4,1,0.593,1.479,0.919,1.185,0
10,52,2,1.76,2,0.296,1.479,0.919,0.593,0
10,52,3,0.68,3,0.15,1.479,0.919,0.3,0
10,52,4,0.69,4,0.15,1.479,0.919,0.3,0
10,52,5,0.63,5,0.15,1.479,0.919,0.3,0
10,53,0,0.88,0,0.547,1.371,0.919,1.095,0
10,53,1,0.42,1,0.274,1.371,0.919,0.547,0
10,53,2,0.4,2,0.15,1.371,0.919,0.3,1
10,53,3,0.57,3,0.172,1.371,0.919,0.345,0
10,54,0,3.71,0,0.74,1.441,0.919,1.479,0
10,54,1,1.43,1,0.37,1.441,0.919,0.74,0
10,55,0,0.41,0,0.309,0.648,0.919,0.617,1
10,55,1,1.0,1,0.75,0.648,0.919,1.5,0
10,55,2,0.4,2,0.375,0.648,0.919,0.75,0
10,55,3,0.31,3,0.187,0.648,0.919,0.375,1
10,55,4,0.65,4,0.456,0.648,0.919,0.911,1
10,56,0,1.08,0,0.685,1.858,0.919,1.369,1
10,56,1,2.48,1,0.581,1.858,0.919,1.162,0
10,56,2,0.42,2,0.29,1.858,0.919,0.581,1
10,56,3,0.91,3,0.246,1.858,0.919,0.493,1
10,57,0,0.45,0,0.52,1.734,0.919,1.04,1
10,57,1,1.47,1,0.473,1.734,0.919,0.945,0
10,58,0,0.88,0,0.529,1.084,0.919,1.058,1
10,58,1,1.22,1,0.769,1.084,0.919,1.538,0
10,58,2,0.99,2,0.384,1.084,0.919,0.769,0
10,59,0,0.52,0,0.495,1.948,0.919,0.99,0
10,59,1,0.43,1,0.247,1.948,0.919,0.495,1
11,0,0,3.09,0,0.67,1.315,1.186,1.341,0
11,0,1,0.3,1,0.335,1.315,1.186,0.67,0
11,0,2,0.41,2,0.168,1.315,1.186,0.335,0
11,0,3,0.64,3,0.15,1.315,1.186,0.3,0
11,0,4,0.88,4,0.15,1.315,1.186,0.3,0
11,0,5,0.64,5,0.15,1.315,1.186,0.3,0
11,1,0,1.37,0,0.418,1.052,1.186,0.837,0
11,1,1,0.33,1,0.209,1.052,1.186,0.418,0
11,1,2,0.33,2,0.15,1.052,1.186,0.3,0
11,2,0,0.62,0,0.547,1.26,1.186,1.094,1
11,2,1,0.41,1,0.719,1.26,1.186,1.438,1
11,2,2,1.56,2,0.945,1.26,1.186,1.891,1
11,2,3,0.53,3,1.0,1.26,1.186,2.485,1
11,2,4,4.52,4,1.0,1.26,1.186,3.267,0
11,2,5,1.94,5,0.817,1.26,1.186,1.634,0
11,2,6,0.69,6,0.408,1.26,1.186,0.817,1
11,2,7,0.61,7,0.537,1.26,1.186,1.074,1
11,3,0,0.3,0,0.305,0.57,1.186,0.611,1
11,3,1,0.43,1,0.888,0.57,1.186,1.776,1
11,4,0,1.59,0,0.393,0.631,1.186,0.787,1
11,4,1,4.57,1,1.0,0.631,1.186,2.066,0
11,4,2,0.8,2,0.516,0.631,1.186,1.033,1
11,5,0,1.25,0,0.62,1.033,1.186,1.24,0
11,5,1,0.79,1,0.31,1.033,1.186,0.62,0
11,6,0,1.28,0,0.418,1.85,1.186,0.836,1
11,7,0,0.56,0,0.379,1.551,1.186,0.758,0
11,7,1,1.09,1,0.189,1.551,1.186,0.379,0
11,7,2,0.39,2,0.15,1.551,1.186,0.3,1
11,7,3,0.31,3,0.16,1.551,1.186,0.32,1
11,7,4,0.36,4,0.171,1.551,1.186,0.342,0
11,8,0,0.63,0,0.643,0.538,1.186,1.286,1
11,8,1,5.04,1,1.0,0.538,1.186,3.961,1
11,8,2,13.68,2,1.0,0.538,1.186,12.201,0
11,8,3,1.69,3,1.0,0.538,1.186,6.101,1
11,8,4,8.17,4,1.0,0.538,1.186,18.793,1
11,8,5,6.65,5,1.0,0.538,1.186,57.891,1
11,8,6,3.14,6,1.0,0.538,1.186,178.333,1
11,8,7,695.48,7,1.0,0.538,1.186,549.352,1
11,9,0,1.21,0,0.502,1.734,1.186,1.005,0
11,9,1,0.48,1,0.251,1.734,1.186,0.502,1
11,9,2,0.87,2,0.24,1.734,1.186,0.48,1
11,9,3,0.36,3,0.229,1.734,1.186,0.458,0
11,9,4,0.5,4,0.15,1.734,1.186,0.3,0
11,9,5,1.68,5,0.15,1.734,1.186,0.3,0
11,9,6,0.63,6,0.15,1.734,1.186,0.3,0
11,10,0,0.32,0,0.594,1.75,1.186,1.188,0
11,10,1,0.87,1,0.297,1.75,1.186,0.594,1
11,10,2,0.64,2,0.281,1.75,1.186,0.562,0
11,10,3,0.32,3,0.15,1.75,1.186,0.3,0
11,10,4,0.37,4,0.15,1.75,1.186,0.3,0
11,11,0,0.65,0,0.628,0.678,1.186,1.256,0
11,12,0,0.35,0,0.714,1.658,1.186,1.428,1
11,13,0,0.34,0,0.34,0.676,1.186,0.68,1
11,13,1,0.79,1,0.832,0.676,1.186,1.664,1
11,13,2,3.18,2,1.0,0.676,1.186,4.075,0
11,14,0,0.7,0,0.595,0.676,1.186,1.19,1
11,14,1,2.45,1,1.0,0.676,1.186,2.913,0
11,14,2,0.48,2,0.728,0.676,1.186,1.456,0
11,14,3,1.03,3,0.364,0.676,1.186,0.728,0
11,14,4,0.34,4,0.182,0.676,1.186,0.364,1
11,14,5,0.63,5,0.446,0.676,1.186,0.892,0
11,14,6,0.4,6,0.223,0.676,1.186,0.446,0
11,14,7,0.68,7,0.15,0.676,1.186,0.3,0
11,15,0,1.25,0,0.405,1.387,1.186,0.811,1
11,15,1,0.3,1,0.484,1.387,1.186,0.967,0
11,15,2,0.75,2,0.242,1.387,1.186,0.484,0
11,15,3,0.41,3,0.15,1.387,1.186,0.3,0
11,16,0,0.35,0,0.505,1.865,1.186,1.009,0
11,16,1,1.02,1,0.252,1.865,1.186,0.505,0
11,16,2,0.56,2,0.15,1.865,1.186,0.3,0
11,16,3,0.96,3,0.15,1.865,1.186,0.3,0
11,16,4,0.33,4,0.15,1.865,1.186,0.3,1
11,17,0,0.68,0,0.348,1.803,1.186,0.695,1
11,17,1,0.67,1,0.319,1.803,1.186,0.638,0
11,17,2,0.59,2,0.16,1.803,1.186,0.319,0
11,17,3,0.48,3,0.15,1.803,1.186,0.3,0
11,18,0,1.32,0,0.659,1.462,1.186,1.318,0
11,19,0,0.36,0,0.284,1.639,1.186,0.568,1
11,19,1,0.38,1,0.287,1.639,1.186,0.574,0
11,20,0,0.38,0,0.307,1.992,1.186,0.615,0
11,20,1,0.56,1,0.154,1.992,1.186,0.307,0
11,20,2,0.66,2,0.15,1.992,1.186,0.3,1
11,21,0,0.63,0,0.637,1.014,1.186,1.273,1
11,21,1,2.57,1,1.0,1.014,1.186,2.079,0
11,21,2,0.55,2,0.52,1.014,1.186,1.039,1
11,21,3,0.35,3,0.848,1.014,1.186,1.697,1
11,21,4,3.43,4,1.0,1.014,1.186,2.77,0
11,21,5,0.4,5,0.692,1.014,1.186,1.385,1
11,21,6,2.68,6,1.0,1.014,1.186,2.261,0
11,21,7,1.18,7,0.565,1.014,1.186,1.13,0
11,22,0,3.74,0,0.702,0.595,1.186,1.403,0
11,22,1,1.44,1,0.351,0.595,1.186,0.702,0
11,22,2,0.43,2,0.175,0.595,1.186,0.351,1
11,23,0,1.84,0,0.664,1.44,1.186,1.328,0
11,23,1,1.02,1,0.332,1.44,1.186,0.664,0
11,24,0,0.7,0,0.449,1.98,1.186,0.898,1
11,24,1,0.44,1,0.375,1.98,1.186,0.751,1
11,24,2,0.83,2,0.314,1.98,1.186,0.628,1
11,24,3,0.53,3,0.262,1.98,1.186,0.525,0
11,24,4,0.39,4,0.15,1.98,1.186,0.3,0
11,25,0,0.62,0,0.648,0.596,1.186,1.296,1
11,25,1,9.57,1,1.0,0.596,1.186,3.597,0
11,25,2,0.98,2,0.899,0.596,1.186,1.798,0
11,25,3,0.71,3,0.45,0.596,1.186,0.899,1
11,25,4,0.32,4,1.0,0.596,1.186,2.496,1
11,26,0,0.42,0,0.707,1.879,1.186,1.415,1
11,26,1,1.03,1,0.623,1.879,1.186,1.247,0
11,26,2,0.47,2,0.312,1.879,1.186,0.623,1
11,26,3,0.34,3,0.275,1.879,1.186,0.549,1
11,27,0,1.2,0,0.547,1.785,1.186,1.094,0
11,27,1,0.33,1,0.273,1.785,1.186,0.547,1
11,28,0,1.72,0,0.458,1.688,1.186,0.916,0
11,28,1,0.4,1,0.229,1.688,1.186,0.458,0
11,28,2,0.4,2,0.15,1.688,1.186,0.3,1
11,28,3,0.32,3,0.147,1.688,1.186,0.294,1
11,28,4,0.53,4,0.144,1.688,1.186,0.289,1
11,28,5,0.32,5,0.141,1.688,1.186,0.283,1
11,28,6,0.32,6,0.139,1.688,1.186,0.278,0
11,29,0,1.02,0,0.273,1.04,1.186,0.545,0
11,29,1,0.43,1,0.15,1.04,1.186,0.3,0
11,29,2,0.32,2,0.15,1.04,1.186,0.3,1
11,29,3,0.43,3,0.239,1.04,1.186,0.478,0
11,29,4,0.5,4,0.15,1.04,1.186,0.3,0
11,30,0,1.04,0,0.484,1.876,1.186,0.968,1
11,31,0,0.67,0,0.536,0.655,1.186,1.073,1
11,31,1,3.13,1,1.0,0.655,1.186,2.712,0
11,31,2,0.4,2,0.678,0.655,1.186,1.356,1
11,31,3,2.85,3,1.0,0.655,1.186,3.429,1
11,31,4,1.98,4,1.0,0.655,1.186,8.668,0
11,31,5,2.0,5,1.0,0.655,1.186,4.334,0
11,32,0,3.02,0,0.74,1.173,1.186,1.479,0
11,32,1,0.46,1,0.37,1.173,1.186,0.74,1
11,32,2,0.52,2,0.522,1.173,1.186,1.044,1
11,33,0,0.33,0,0.398,1.71,1.186,0.797,0
11,33,1,0.53,1,0.199,1.71,1.186,0.398,0
11,33,2,0.39,2,0.15,1.71,1.186,0.3,0
11,33,3,0.46,3,0.15,1.71,1.186,0.3,0
11,33,4,0.7,4,0.15,1.71,1.186,0.3,0
11,33,5,0.35,5,0.15,1.71,1.186,0.3,0
11,34,0,1.43,0,0.613,1.18,1.186,1.226,0
11,34,1,0.79,1,0.307,1.18,1.186,0.613,0
11,34,2,0.46,2,0.153,1.18,1.186,0.307,0
11,34,3,0.57,3,0.15,1.18,1.186,0.3,0
11,34,4,0.35,4,0.15,1.18,1.186,0.3,1
11,34,5,0.55,5,0.21,1.18,1.186,0.421,1
11,34,6,0.39,6,0.295,1.18,1.186,0.591,1
11,34,7,0.95,7,0.414,1.18,1.186,0.829,0
11,35,0,0.36,0,0.284,1.959,1.186,0.568,0
11,35,1,0.41,1,0.15,1.959,1.186,0.3,0
11,35,2,0.31,2,0.15,1.959,1.186,0.3,0
11,35,3,0.48,3,0.15,1.959,1.186,0.3,0
11,35,4,0.32,4,0.15,1.959,1.186,0.3,1
11,35,5,0.48,5,0.127,1.959,1.186,0.254,0
11,36,0,0.5,0,0.372,0.91,1.186,0.745,0
11,36,1,0.82,1,0.186,0.91,1.186,0.372,0
11,36,2,0.31,2,0.15,0.91,1.186,0.3,0
11,36,3,0.33,3,0.15,0.91,1.186,0.3,1
11,36,4,1.02,4,0.273,0.91,1.186,0.546,0
11,37,0,1.61,0,0.727,1.952,1.186,1.454,0
11,37,1,0.34,1,0.364,1.952,1.186,0.727,1
11,37,2,1.0,2,0.308,1.952,1.186,0.617,0
11,37,3,0.43,3,0.154,1.952,1.186,0.308,0
11,37,4,1.07,4,0.15,1.952,1.186,0.3,0
11,37,5,1.25,5,0.15,1.952,1.186,0.3,0
11,38,0,0.6,0,0.557,1.195,1.186,1.113,0
11,38,1,0.4,1,0.278,1.195,1.186,0.557,1
11,38,2,1.18,2,0.386,1.195,1.186,0.771,0
11,38,3,0.46,3,0.193,1.195,1.186,0.386,0
11,39,0,0.32,0,0.477,0.814,1.186,0.953,1
11,40,0,0.5,0,0.587,0.707,1.186,1.173,1
11,40,1,1.71,1,1.0,0.707,1.186,2.748,0
11,40,2,0.8,2,0.687,0.707,1.186,1.374,0
11,41,0,1.17,0,0.652,0.87,1.186,1.303,0
11,41,1,0.51,1,0.326,0.87,1.186,0.652,1
11,41,2,2.14,2,0.62,0.87,1.186,1.24,1
11,41,3,1.84,3,1.0,0.87,1.186,2.361,1
11,42,0,0.7,0,0.389,0.659,1.186,0.778,0
11,42,1,1.0,1,0.194,0.659,1.186,0.389,0
11,42,2,0.66,2,0.15,0.659,1.186,0.3,1
11,42,3,2.08,3,0.377,0.659,1.186,0.754,0
11,42,4,0.95,4,0.189,0.659,1.186,0.377,0
11,42,5,1.03,5,0.15,0.659,1.186,0.3,0
11,43,0,0.36,0,0.579,0.763,1.186,1.159,1
11,43,1,1.99,1,1.0,0.763,1.186,2.513,1
11,43,2,18.53,2,1.0,0.763,1.186,5.45,0
11,43,3,0.5,3,1.0,0.763,1.186,2.725,1
11,43,4,0.62,4,1.0,0.763,1.186,5.91,1
11,44,0,1.07,0,0.291,1.003,1.186,0.582,0
11,45,0,0.41,0,0.338,0.844,1.186,0.676,0
11,45,1,0.84,1,0.169,0.844,1.186,0.338,0
11,45,2,1.31,2,0.15,0.844,1.186,0.3,0
11,45,3,0.46,3,0.15,0.844,1.186,0.3,0
11,45,4,0.49,4,0.15,0.844,1.186,0.3,0
11,46,0,0.59,0,0.741,1.735,1.186,1.482,1
11,46,1,1.63,1,0.707,1.735,1.186,1.414,1
11,46,2,1.78,2,0.675,1.735,1.186,1.349,0
11,46,3,0.7,3,0.337,1.735,1.186,0.675,0
11,46,4,0.31,4,0.169,1.735,1.186,0.337,1
11,47,0,1.33,0,0.658,1.827,1.186,1.316,0
11,48,0,0.45,0,0.459,0.821,1.186,0.918,0
11,48,1,0.79,1,0.229,0.821,1.186,0.459,0
11,48,2,0.41,2,0.15,0.821,1.186,0.3,0
11,48,3,0.76,3,0.15,0.821,1.186,0.3,0
11,48,4,0.95,4,0.15,0.821,1.186,0.3,0
11,48,5,0.38,5,0.15,0.821,1.186,0.3,0
11,48,6,1.25,6,0.15,0.821,1.186,0.3,0
11,49,0,1.12,0,0.461,0.992,1.186,0.923,1
11,49,1,0.71,1,0.77,0.992,1.186,1.541,1
11,49,2,0.74,2,1.0,0.992,1.186,2.572,1
11,49,3,10.84,3,1.0,0.992,1.186,4.293,0
11,49,4,5.54,4,1.0,0.992,1.186,2.146,0
11,50,0,1.38,0,0.642,1.685,1.186,1.284,0
11,50,1,0.32,1,0.321,1.685,1.186,0.642,1
11,50,2,0.82,2,0.315,1.685,1.186,0.631,1
11,50,3,1.87,3,0.31,1.685,1.186,0.62,0
11,50,4,0.73,4,0.155,1.685,1.186,0.31,0
11,50,5,0.52,5,0.15,1.685,1.186,0.3,0
11,50,6,0.95,6,0.15,1.685,1.186,0.3,0
11,50,7,0.41,7,0.15,1.685,1.186,0.3,0
11,51,0,0.95,0,0.466,1.675,1.186,0.932,1
11,51,1,0.9,1,0.461,1.675,1.186,0.921,1
11,51,2,0.51,2,0.455,1.675,1.186,0.911,0
11,51,3,0.32,3,0.228,1.675,1.186,0.455,1
11,52,0,2.05,0,0.625,1.868,1.186,1.251,0
11,52,1,0.73,1,0.313,1.868,1.186,0.625,0
11,52,2,0.43,2,0.156,1.868,1.186,0.313,1
11,52,3,0.64,3,0.139,1.868,1.186,0.277,0
11,52,4,0.98,4,0.15,1.868,1.186,0.3,0
11,52,5,0.58,5,0.15,1.868,1.186,0.3,0
11,53,0,0.39,0,0.252,1.606,1.186,0.504,0
11,53,1,0.46,1,0.15,1.606,1.186,0.3,0
11,53,2,0.32,2,0.15,1.606,1.186,0.3,1
11,53,3,0.35,3,0.155,1.606,1.186,0.309,1
11,53,4,1.1,4,0.16,1.606,1.186,0.319,0
11,53,5,0.32,5,0.15,1.606,1.186,0.3,0
11,54,0,3.14,0,0.739,1.05,1.186,1.478,0
11,54,1,0.46,1,0.369,1.05,1.186,0.739,0
11,54,2,0.49,2,0.185,1.05,1.186,0.369,0
11,54,3,0.52,3,0.15,1.05,1.186,0.3,0
11,54,4,0.4,4,0.15,1.05,1.186,0.3,0
11,55,0,1.31,0,0.402,1.969,1.186,0.804,1
11,55,1,0.36,1,0.338,1.969,1.186,0.676,1
11,55,2,0.58,2,0.284,1.969,1.186,0.568,0
11,55,3,0.3,3,0.15,1.969,1.186,0.3,0
11,55,4,0.38,4,0.15,1.969,1.186,0.3,0
11,56,0,1.74,0,0.394,1.137,1.186,0.789,0
11,56,1,0.58,1,0.197,1.137,1.186,0.394,0
11,56,2,0.39,2,0.15,1.137,1.186,0.3,1
11,56,3,0.73,3,0.218,1.137,1.186,0.437,0
11,56,4,0.71,4,0.15,1.137,1.186,0.3,0
11,56,5,0.47,5,0.15,1.137,1.186,0.3,1
11,56,6,0.49,6,0.218,1.137,1.186,0.437,0
11,57,0,0.34,0,0.442,1.082,1.186,0.884,1
11,57,1,0.36,1,0.676,1.082,1.186,1.352,1
11,58,0,1.4,0,0.652,1.689,1.186,1.304,0
11,58,1,0.46,1,0.326,1.689,1.186,0.652,0
11,58,2,0.69,2,0.163,1.689,1.186,0.326,0
11,58,3,0.38,3,0.15,1.689,1.186,0.3,0
11,59,0,1.4,0,0.719,1.558,1.186,1.437,0
11,59,1,0.39,1,0.359,1.558,1.186,0.719,1
11,59,2,1.14,2,0.382,1.558,1.186,0.764,0
11,59,3,0.45,3,0.191,1.558,1.186,0.382,0
11,59,4,0.31,4,0.15,1.558,1.186,0.3,0
11,59,5,0.3,5,0.15,1.558,1.186,0.3,0
12,0,0,0.97,0,0.577,0.788,0.7,1.153,1
12,0,1,1.08,1,1.0,0.788,0.7,2.211,0
12,1,0,0.84,0,0.695,0.574,0.7,1.389,0
12,1,1,0.42,1,0.347,0.574,0.7,0.695,0
12,1,2,0.58,2,0.174,0.574,0.7,0.347,0
12,2,0,0.81,0,0.493,1.792,0.7,0.986,0
12,3,0,1.14,0,0.397,1.678,0.7,0.794,0
12,3,1,0.62,1,0.198,1.678,0.7,0.397,0
12,3,2,0.57,2,0.15,1.678,0.7,0.3,1
12,4,0,0.65,0,0.315,1.372,0.7,0.63,0
12,5,0,0.77,0,0.435,0.743,0.7,0.869,1
12,5,1,0.43,1,0.884,0.743,0.7,1.768,1
12,5,2,1.07,2,1.0,0.743,0.7,3.594,1
12,5,3,7.71,3,1.0,0.743,0.7,7.308,0
12,5,4,2.9,4,1.0,0.743,0.7,3.654,1
12,6,0,0.43,0,0.288,1.139,0.7,0.575,0
12,7,0,0.73,0,0.484,1.474,0.7,0.968,1
12,7,1,1.49,1,0.496,1.474,0.7,0.991,0
12,7,2,1.0,2,0.248,1.474,0.7,0.496,0
12,8,0,0.8,0,0.267,0.905,0.7,0.535,0
12,8,1,0.74,1,0.15,0.905,0.7,0.3,0
12,8,2,0.52,2,0.15,0.905,0.7,0.3,0
12,8,3,0.32,3,0.15,0.905,0.7,0.3,1
12,8,4,0.53,4,0.25,0.905,0.7,0.501,1
12,8,5,0.53,5,0.418,0.905,0.7,0.835,0
12,8,6,0.4,6,0.209,0.905,0.7,0.418,1
12,8,7,0.91,7,0.348,0.905,0.7,0.697,0
12,9,0,2.91,0,0.386,1.966,0.7,0.773,0
12,9,1,0.36,1,0.193,1.966,0.7,0.386,0
12,9,2,0.82,2,0.15,1.966,0.7,0.3,0
12,9,3,0.43,3,0.15,1.966,0.7,0.3,0
12,9,4,0.36,4,0.15,1.966,0.7,0.3,1
12,9,5,0.45,5,0.115,1.966,0.7,0.23,0
12,9,6,0.52,6,0.15,1.966,0.7,0.3,0
12,9,7,0.6,7,0.15,1.966,0.7,0.3,0
12,10,0,0.63,0,0.286,0.655,0.7,0.572,0
12,10,1,0.57,1,0.15,0.655,0.7,0.3,0
12,10,2,0.75,2,0.15,0.655,0.7,0.3,0
12,10,3,0.42,3,0.15,0.655,0.7,0.3,0
12,10,4,0.36,4,0.15,0.655,0.7,0.3,0
12,10,5,0.59,5,0.15,0.655,0.7,0.3,0
12,10,6,0.56,6,0.15,0.655,0.7,0.3,1
12,10,7,0.44,7,0.346,0.655,0.7,0.692,1
12,11,0,0.67,0,0.392,1.085,0.7,0.784,0
12,11,1,0.34,1,0.196,1.085,0.7,0.392,0
12,11,2,0.34,2,0.15,1.085,0.7,0.3,0
12,12,0,0.57,0,0.334,0.737,0.7,0.668,1
12,12,1,2.67,1,0.684,0.737,0.7,1.367,0
12,13,0,1.42,0,0.336,1.42,0.7,0.672,0
12,13,1,0.91,1,0.168,1.42,0.7,0.336,0
12,13,2,0.38,2,0.15,1.42,0.7,0.3,1
12,13,3,0.39,3,0.16,1.42,0.7,0.319,0
12,14,0,1.85,0,0.367,1.202,0.7,0.733,1
12,14,1,0.3,1,0.46,1.202,0.7,0.921,0
12,14,2,0.45,2,0.23,1.202,0.7,0.46,0
12,14,3,0.45,3,0.15,1.202,0.7,0.3,1
12,14,4,0.33,4,0.188,1.202,0.7,0.377,0
12,14,5,0.67,5,0.15,1.202,0.7,0.3,0
12,14,6,0.53,6,0.15,1.202,0.7,0.3,0
12,14,7,0.53,7,0.15,1.202,0.7,0.3,0
12,15,0,1.35,0,0.521,0.948,0.7,1.043,0
12,15,1,0.66,1,0.261,0.948,0.7,0.521,0
12,15,2,0.57,2,0.15,0.948,0.7,0.3,0
12,15,3,0.34,3,0.15,0.948,0.7,0.3,0
12,15,4,0.34,4,0.15,0.948,0.7,0.3,0
12,15,5,0.6,5,0.15,0.948,0.7,0.3,0
12,15,6,0.33,6,0.15,0.948,0.7,0.3,1
12,15,7,0.56,7,0.239,0.948,0.7,0.478,0
12,16,0,0.73,0,0.337,0.939,0.7,0.674,0
12,16,1,0.35,1,0.169,0.939,0.7,0.337,0
12,16,2,0.4,2,0.15,0.939,0.7,0.3,1
12,16,3,0.49,3,0.241,0.939,0.7,0.482,0
12,16,4,0.34,4,0.15,0.939,0.7,0.3,0
12,17,0,0.69,0,0.304,1.844,0.7,0.609,1
12,17,1,0.32,1,0.249,1.844,0.7,0.498,1
12,17,2,0.33,2,0.204,1.844,0.7,0.408,1
12,18,0,1.17,0,0.322,1.327,0.7,0.645,0
12,18,1,0.39,1,0.161,1.327,0.7,0.322,0
12,18,2,0.32,2,0.15,1.327,0.7,0.3,0
12,18,3,0.32,3,0.15,1.327,0.7,0.3,0
12,19,0,0.48,0,0.594,0.82,0.7,1.188,1
12,19,1,3.25,1,1.0,0.82,0.7,2.188,0
12,19,2,0.76,2,0.547,0.82,0.7,1.094,1
12,20,0,1.05,0,0.692,1.915,0.7,1.384,0
12,20,1,0.37,1,0.346,1.915,0.7,0.692,1
12,21,0,1.03,0,0.533,1.009,0.7,1.066,0
12,21,1,1.5,1,0.266,1.009,0.7,0.533,0
12,21,2,0.41,2,0.15,1.009,0.7,0.3,1
12,21,3,0.36,3,0.225,1.009,0.7,0.449,0
12,21,4,0.53,4,0.15,1.009,0.7,0.3,0
12,21,5,0.32,5,0.15,1.009,0.7,0.3,0
12,21,6,0.42,6,0.15,1.009,0.7,0.3,0
12,22,0,2.07,0,0.628,0.808,0.7,1.255,0
12,22,1,1.75,1,0.314,0.808,0.7,0.628,0
12,23,0,0.78,0,0.32,1.627,0.7,0.641,0
12,24,0,0.87,0,0.739,0.751,0.7,1.478,1
12,24,1,1.14,1,1.0,0.751,0.7,2.973,1
12,24,2,1.22,2,1.0,0.751,0.7,5.977,0
12,24,3,3.57,3,1.0,0.751,0.7,2.988,0
12,25,0,2.28,0,0.413,1.504,0.7,0.826,0
12,25,1,0.57,1,0.206,1.504,0.7,0.413,1
12,25,2,0.5,2,0.207,1.504,0.7,0.415,0
12,25,3,0.89,3,0.15,1.504,0.7,0.3,0
12,25,4,0.39,4,0.15,1.504,0.7,0.3,0
12,25,5,0.64,5,0.15,1.504,0.7,0.3,0
12,25,6,0.66,6,0.15,1.504,0.7,0.3,0
12,25,7,0.57,7,0.15,1.504,0.7,0.3,0
12,26,0,1.39,0,0.335,0.585,0.7,0.67,0
12,26,1,0.35,1,0.167,0.585,0.7,0.335,1
12,26,2,1.37,2,0.432,0.585,0.7,0.865,1
12,26,3,1.74,3,1.0,0.585,0.7,2.232,1
12,26,4,0.81,4,1.0,0.585,0.7,5.763,1
12,27,0,0.66,0,0.613,0.68,0.7,1.226,0
12,27,1,0.3,1,0.306,0.68,0.7,0.613,0
12,27,2,0.51,2,0.153,0.68,0.7,0.306,0
12,27,3,0.45,3,0.15,0.68,0.7,0.3,1
12,27,4,0.39,4,0.333,0.68,0.7,0.666,0
12,27,5,0.35,5,0.167,0.68,0.7,0.333,0
12,27,6,0.39,6,0.15,0.68,0.7,0.3,0
12,28,0,0.43,0,0.253,1.917,0.7,0.506,0
12,28,1,0.32,1,0.15,1.917,0.7,0.3,0
12,28,2,0.87,2,0.15,1.917,0.7,0.3,0
12,28,3,0.5,3,0.15,1.917,0.7,0.3,0
12,28,4,0.65,4,0.15,1.917,0.7,0.3,0
12,28,5,0.66,5,0.15,1.917,0.7,0.3,0
12,28,6,1.4,6,0.15,1.917,0.7,0.3,0
12,29,0,0.68,0,0.268,1.122,0.7,0.536,0
12,30,0,0.83,0,0.457,1.31,0.7,0.914,0
12,30,1,0.62,1,0.229,1.31,0.7,0.457,1
12,30,2,0.51,2,0.263,1.31,0.7,0.527,1
12,30,3,0.78,3,0.304,1.31,0.7,0.607,0
12,30,4,0.44,4,0.152,1.31,0.7,0.304,0
12,30,5,0.59,5,0.15,1.31,0.7,0.3,0
12,30,6,0.57,6,0.15,1.31,0.7,0.3,0
12,30,7,1.08,7,0.15,1.31,0.7,0.3,0
12,31,0,0.49,0,0.706,0.812,0.7,1.412,1
12,32,0,0.55,0,0.454,1.891,0.7,0.907,1
12,32,1,0.54,1,0.362,1.891,0.7,0.724,1
12,32,2,0.65,2,0.289,1.891,0.7,0.578,1
12,33,0,1.97,0,0.327,0.749,0.7,0.654,0
12,33,1,0.49,1,0.163,0.749,0.7,0.327,0
12,33,2,0.54,2,0.15,0.749,0.7,0.3,1
12,33,3,0.63,3,0.303,0.749,0.7,0.605,0
12,33,4,0.51,4,0.151,0.749,0.7,0.303,0
12,33,5,0.91,5,0.15,0.749,0.7,0.3,0
12,33,6,0.34,6,0.15,0.749,0.7,0.3,1
12,33,7,0.3,7,0.303,0.749,0.7,0.605,1
12,34,0,0.57,0,0.597,1.953,0.7,1.195,1
12,35,0,0.5,0,0.357,1.633,0.7,0.715,1
12,35,1,0.41,1,0.33,1.633,0.7,0.661,0
12,35,2,0.59,2,0.165,1.633,0.7,0.33,0
12,35,3,0.4,3,0.15,1.633,0.7,0.3,0
12,35,4,0.32,4,0.15,1.633,0.7,0.3,0
12,35,5,0.48,5,0.15,1.633,0.7,0.3,0
12,35,6,0.97,6,0.15,1.633,0.7,0.3,0
12,35,7,0.52,7,0.15,1.633,0.7,0.3,1
12,36,0,2.23,0,0.532,0.757,0.7,1.065,0
12,36,1,0.48,1,0.266,0.757,0.7,0.532,1
12,36,2,1.22,2,0.531,0.757,0.7,1.062,0
12,36,3,0.46,3,0.265,0.757,0.7,0.531,0
12,36,4,0.43,4,0.15,0.757,0.7,0.3,0
12,36,5,0.95,5,0.15,0.757,0.7,0.3,0
12,36,6,0.34,6,0.15,0.757,0.7,0.3,1
12,37,0,0.35,0,0.712,1.509,0.7,1.425,0
12,37,1,0.38,1,0.356,1.509,0.7,0.712,1
12,37,2,0.75,2,0.356,1.509,0.7,0.713,0
12,38,0,0.34,0,0.448,0.577,0.7,0.896,1
12,38,1,1.65,1,1.0,0.577,0.7,2.344,0
12,38,2,1.58,2,0.586,0.577,0.7,1.172,1
12,38,3,1.35,3,1.0,0.577,0.7,3.068,0
12,38,4,0.52,4,0.767,0.577,0.7,1.534,1
12,38,5,2.69,5,1.0,0.577,0.7,4.016,1
12,38,6,3.99,6,1.0,0.577,0.7,10.511,0
12,39,0,0.34,0,0.403,1.147,0.7,0.806,0
12,39,1,1.86,1,0.201,1.147,0.7,0.403,0
12,39,2,0.39,2,0.15,1.147,0.7,0.3,0
12,39,3,0.45,3,0.15,1.147,0.7,0.3,0
12,39,4,0.51,4,0.15,1.147,0.7,0.3,0
12,39,5,0.54,5,0.15,1.147,0.7,0.3,1
12,40,0,0.97,0,0.713,0.785,0.7,1.427,0
12,40,1,1.02,1,0.357,0.785,0.7,0.713,0
12,40,2,0.37,2,0.178,0.785,0.7,0.357,1
12,40,3,0.48,3,0.343,0.785,0.7,0.686,0
12,40,4,0.52,4,0.172,0.785,0.7,0.343,1
12,40,5,0.56,5,0.33,0.785,0.7,0.66,0
12,41,0,2.33,0,0.442,0.908,0.7,0.884,0
12,41,1,0.67,1,0.221,0.908,0.7,0.442,0
12,41,2,0.54,2,0.15,0.908,0.7,0.3,0
12,41,3,0.44,3,0.15,0.908,0.7,0.3,0
12,42,0,1.5,0,0.419,1.162,0.7,0.839,0
12,42,1,0.4,1,0.21,1.162,0.7,0.419,1
12,42,2,0.74,2,0.272,1.162,0.7,0.545,0
12,42,3,0.42,3,0.15,1.162,0.7,0.3,0
12,42,4,1.03,4,0.15,1.162,0.7,0.3,0
12,42,5,0.87,5,0.15,1.162,0.7,0.3,0
12,42,6,0.33,6,0.15,1.162,0.7,0.3,0
12,43,0,2.23,0,0.651,1.685,0.7,1.302,0
12,43,1,0.46,1,0.326,1.685,0.7,0.651,1
12,43,2,0.63,2,0.292,1.685,0.7,0.583,1
12,43,3,0.44,3,0.261,1.685,0.7,0.523,1
12,43,4,0.54,4,0.234,1.685,0.7,0.468,1
12,43,5,0.53,5,0.21,1.685,0.7,0.42,0
12,43,6,0.46,6,0.15,1.685,0.7,0.3,0
12,43,7,0.86,7,0.15,1.685,0.7,0.3,0
12,44,0,0.38,0,0.568,0.78,0.7,1.136,1
12,44,1,0.51,1,1.0,0.78,0.7,2.2,1
12,44,2,1.28,2,1.0,0.78,0.7,4.261,1
12,44,3,15.47,3,1.0,0.78,0.7,8.251,0
12,44,4,1.11,4,1.0,0.78,0.7,4.125,1
12,44,5,10.28,5,1.0,0.78,0.7,7.988,0
12,45,0,0.95,0,0.342,0.558,0.7,0.683,0
12,45,1,0.39,1,0.171,0.558,0.7,0.342,0
12,45,2,0.31,2,0.15,0.558,0.7,0.3,0
12,45,3,0.54,3,0.15,0.558,0.7,0.3,0
12,45,4,0.35,4,0.15,0.558,0.7,0.3,1
12,46,0,2.97,0,0.701,1.253,0.7,1.401,0
12,46,1,1.07,1,0.35,1.253,0.7,0.701,0
12,46,2,0.36,2,0.175,1.253,0.7,0.35,0
12,46,3,0.31,3,0.15,1.253,0.7,0.3,0
12,46,4,0.52,4,0.15,1.253,0.7,0.3,0
12,47,0,0.75,0,0.528,1.679,0.7,1.056,1
12,48,0,3.2,0,0.735,1.849,0.7,1.47,0
12,48,1,0.34,1,0.367,1.849,0.7,0.735,0
12,48,2,0.42,2,0.184,1.849,0.7,0.367,0
12,48,3,0.4,3,0.15,1.849,0.7,0.3,0
12,48,4,0.47,4,0.15,1.849,0.7,0.3,0
12,49,0,0.3,0,0.435,1.656,0.7,0.871,0
12,50,0,0.67,0,0.433,1.488,0.7,0.865,0
12,50,1,0.98,1,0.216,1.488,0.7,0.433,0
12,50,2,0.94,2,0.15,1.488,0.7,0.3,0
12,50,3,0.35,3,0.15,1.488,0.7,0.3,1
12,50,4,0.58,4,0.152,1.488,0.7,0.304,0
12,50,5,0.38,5,0.15,1.488,0.7,0.3,1
12,50,6,0.58,6,0.152,1.488,0.7,0.304,0
12,51,0,0.44,0,0.321,1.656,0.7,0.643,1
12,51,1,0.35,1,0.293,1.656,0.7,0.586,1
12,52,0,0.99,0,0.73,1.087,0.7,1.46,1
12,52,1,2.38,1,1.0,1.087,0.7,2.028,1
12,52,2,1.23,2,1.0,1.087,0.7,2.817,1
12,53,0,0.98,0,0.563,1.638,0.7,1.126,0
12,53,1,0.66,1,0.281,1.638,0.7,0.563,0
12,54,0,1.09,0,0.46,0.758,0.7,0.921,1
12,54,1,1.46,1,0.917,0.758,0.7,1.834,1
12,54,2,0.47,2,1.0,0.758,0.7,3.654,1
12,54,3,1.49,3,1.0,0.758,0.7,7.28,1
12,54,4,0.84,4,1.0,0.758,0.7,14.505,1
12,54,5,162.44,5,1.0,0.758,0.7,28.898,0
12,54,6,5.25,6,1.0,0.758,0.7,14.449,0
12,55,0,0.87,0,0.346,1.358,0.7,0.692,1
12,55,1,0.82,1,0.385,1.358,0.7,0.769,0
12,55,2,0.5,2,0.192,1.358,0.7,0.385,0
12,55,3,0.36,3,0.15,1.358,0.7,0.3,1
12,55,4,0.37,4,0.167,1.358,0.7,0.333,0
12,55,5,0.56,5,0.15,1.358,0.7,0.3,1
12,56,0,0.54,0,0.604,1.056,0.7,1.209,1
12,56,1,0.34,1,0.864,1.056,0.7,1.728,1
12,57,0,1.05,0,0.594,1.895,0.7,1.187,1
12,57,1,2.23,1,0.473,1.895,0.7,0.946,1
12,57,2,0.72,2,0.377,1.895,0.7,0.754,0
12,57,3,0.99,3,0.188,1.895,0.7,0.377,0
12,57,4,0.36,4,0.15,1.895,0.7,0.3,1
12,57,5,0.63,5,0.12,1.895,0.7,0.239,0
12,57,6,0.37,6,0.15,1.895,0.7,0.3,0
12,58,0,0.44,0,0.708,0.625,0.7,1.415,1
12,58,1,1.45,1,1.0,0.625,0.7,3.42,1
12,58,2,0.56,2,1.0,0.625,0.7,8.266,1
12,58,3,17.97,3,1.0,0.625,0.7,19.977,1
12,59,0,0.72,0,0.7,1.911,0.7,1.4,1
12,59,1,1.56,1,0.553,1.911,0.7,1.106,0
13,0,0,0.92,0,0.507,0.636,1.147,1.015,0
13,0,1,0.43,1,0.254,0.636,1.147,0.507,0
13,0,2,0.35,2,0.15,0.636,1.147,0.3,1
13,0,3,1.82,3,0.388,0.636,1.147,0.775,0
13,1,0,1.53,0,0.577,0.928,1.147,1.154,0
13,1,1,0.57,1,0.288,0.928,1.147,0.577,1
13,1,2,0.4,2,0.511,0.928,1.147,1.021,1
13,1,3,2.14,3,0.904,0.928,1.147,1.809,0
13,2,0,1.07,0,0.478,1.819,1.147,0.957,0
13,2,1,0.45,1,0.239,1.819,1.147,0.478,0
13,2,2,0.33,2,0.15,1.819,1.147,0.3,0
13,2,3,0.35,3,0.15,1.819,1.147,0.3,0
13,2,4,0.36,4,0.15,1.819,1.147,0.3,1
13,2,5,0.71,5,0.136,1.819,1.147,0.271,0
13,3,0,0.38,0,0.517,2.0,1.147,1.033,1
13,4,0,0.36,0,0.267,0.527,1.147,0.534,0
13,5,0,0.33,0,0.587,1.684,1.147,1.174,0
13,5,1,2.92,1,0.293,1.684,1.147,0.587,0
13,5,2,0.53,2,0.15,1.684,1.147,0.3,0
13,5,3,0.7,3,0.15,1.684,1.147,0.3,0
13,5,4,0.54,4,0.15,1.684,1.147,0.3,0
13,5,5,0.44,5,0.15,1.684,1.147,0.3,0
13,5,6,0.5,6,0.15,1.684,1.147,0.3,0
13,5,7,0.52,7,0.15,1.684,1.147,0.3,0
13,6,0,0.61,0,0.251,0.863,1.147,0.501,0
13,6,1,0.47,1,0.15,0.863,1.147,0.3,0
13,6,2,0.7,2,0.15,0.863,1.147,0.3,0
13,6,3,0.34,3,0.15,0.863,1.147,0.3,1
13,6,4,0.33,4,0.286,0.863,1.147,0.572,0
13,7,0,0.4,0,0.749,1.637,1.147,1.498,0
13,8,0,0.98,0,0.408,1.18,1.147,0.815,1
13,8,1,0.91,1,0.568,1.18,1.147,1.136,0
13,8,2,0.3,2,0.284,1.18,1.147,0.568,1
13,9,0,0.34,0,0.682,1.23,1.147,1.363,1
13,10,0,0.72,0,0.723,0.628,1.147,1.447,1
13,11,0,0.84,0,0.286,1.634,1.147,0.573,0
13,11,1,0.47,1,0.15,1.634,1.147,0.3,0
13,11,2,1.09,2,0.15,1.634,1.147,0.3,0
13,11,3,0.62,3,0.15,1.634,1.147,0.3,1
13,12,0,0.42,0,0.356,0.784,1.147,0.712,1
13,12,1,1.05,1,0.746,0.784,1.147,1.492,1
13,12,2,0.84,2,1.0,0.784,1.147,3.129,1
13,12,3,12.22,3,1.0,0.784,1.147,6.562,0
13,12,4,0.96,4,1.0,0.784,1.147,3.281,1
13,12,5,1.0,5,1.0,0.784,1.147,6.88,1
13,12,6,1.93,6,1.0,0.784,1.147,14.429,1
13,12,7,24.44,7,1.0,0.784,1.147,30.258,0
13,13,0,0.99,0,0.432,1.458,1.147,0.864,1
13,13,1,0.52,1,0.487,1.458,1.147,0.975,1
13,13,2,0.51,2,0.55,1.458,1.147,1.1,1
13,13,3,1.79,3,0.62,1.458,1.147,1.24,0
13,14,0,1.3,0,0.257,1.197,1.147,0.514,0
13,14,1,0.71,1,0.15,1.197,1.147,0.3,0
13,14,2,0.31,2,0.15,1.197,1.147,0.3,0
13,14,3,0.77,3,0.15,1.197,1.147,0.3,0
13,14,4,0.36,4,0.15,1.197,1.147,0.3,1
13,14,5,0.64,5,0.206,1.197,1.147,0.412,0
13,14,6,0.85,6,0.15,1.197,1.147,0.3,0
13,15,0,1.1,0,0.464,1.653,1.147,0.928,1
13,16,0,1.82,0,0.597,1.612,1.147,1.193,1
13,16,1,0.56,1,0.608,1.612,1.147,1.217,0
13,17,0,0.31,0,0.547,1.967,1.147,1.095,0
13,17,1,0.35,1,0.274,1.967,1.147,0.547,1
13,17,2,0.4,2,0.229,1.967,1.147,0.458,0
13,17,3,0.3,3,0.15,1.967,1.147,0.3,1
13,17,4,0.33,4,0.125,1.967,1.147,0.251,0
13,18,0,1.79,0,0.576,1.233,1.147,1.153,0
13,18,1,0.71,1,0.288,1.233,1.147,0.576,1
13,18,2,0.41,2,0.384,1.233,1.147,0.769,0
13,18,3,0.3,3,0.192,1.233,1.147,0.384,0
13,18,4,0.53,4,0.15,1.233,1.147,0.3,0
13,18,5,0.33,5,0.15,1.233,1.147,0.3,1
13,18,6,0.31,6,0.2,1.233,1.147,0.4,0
13,19,0,0.64,0,0.439,1.971,1.147,0.878,1
13,19,1,0.69,1,0.366,1.971,1.147,0.733,1
13,19,2,0.36,2,0.306,1.971,1.147,0.611,1
13,19,3,0.42,3,0.255,1.971,1.147,0.51,0
13,19,4,0.32,4,0.15,1.971,1.147,0.3,0
13,19,5,0.38,5,0.15,1.971,1.147,0.3,1
13,19,6,0.36,6,0.125,1.971,1.147,0.25,0
13,20,0,0.32,0,0.379,1.698,1.147,0.757,1
13,20,1,0.73,1,0.367,1.698,1.147,0.733,1
13,20,2,0.43,2,0.355,1.698,1.147,0.71,1
13,20,3,1.44,3,0.344,1.698,1.147,0.687,0
13,21,0,0.38,0,0.504,0.709,1.147,1.007,1
13,21,1,4.41,1,1.0,0.709,1.147,2.335,0
13,21,2,1.8,2,0.584,0.709,1.147,1.168,0
13,21,3,1.39,3,0.292,0.709,1.147,0.584,0
13,21,4,0.33,4,0.15,0.709,1.147,0.3,0
13,21,5,0.33,5,0.15,0.709,1.147,0.3,0
13,21,6,0.68,6,0.15,0.709,1.147,0.3,0
13,22,0,1.47,0,0.711,1.065,1.147,1.422,0
13,22,1,0.41,1,0.355,1.065,1.147,0.711,1
13,22,2,0.39,2,0.548,1.065,1.147,1.097,1
13,22,3,0.86,3,0.846,1.065,1.147,1.693,0
13,22,4,0.44,4,0.423,1.065,1.147,0.846,0
13,22,5,0.59,5,0.212,1.065,1.147,0.423,0
13,22,6,1.0,6,0.15,1.065,1.147,0.3,0
13,22,7,0.31,7,0.15,1.065,1.147,0.3,0
13,23,0,1.1,0,0.598,0.816,1.147,1.196,0
13,24,0,0.57,0,0.681,1.144,1.147,1.362,0
13,24,1,0.51,1,0.34,1.144,1.147,0.681,1
13,24,2,2.49,2,0.489,1.144,1.147,0.978,0
13,25,0,1.62,0,0.675,0.785,1.147,1.351,0
13,25,1,0.5,1,0.338,0.785,1.147,0.675,1
13,25,2,1.15,2,0.708,0.785,1.147,1.415,0
13,25,3,1.62,3,0.354,0.785,1.147,0.708,0
13,25,4,0.48,4,0.177,0.785,1.147,0.354,0
13,25,5,0.77,5,0.15,0.785,1.147,0.3,0
13,25,6,0.35,6,0.15,0.785,1.147,0.3,1
13,26,0,0.35,0,0.307,0.8,1.147,0.613,0
13,26,1,0.47,1,0.153,0.8,1.147,0.307,0
13,26,2,0.33,2,0.15,0.8,1.147,0.3,0
13,26,3,0.48,3,0.15,0.8,1.147,0.3,0
13,26,4,0.31,4,0.15,0.8,1.147,0.3,0
13,26,5,0.35,5,0.15,0.8,1.147,0.3,0
13,26,6,0.37,6,0.15,0.8,1.147,0.3,0
13,26,7,0.35,7,0.15,0.8,1.147,0.3,0
13,27,0,1.52,0,0.302,1.005,1.147,0.604,1
13,27,1,2.63,1,0.494,1.005,1.147,0.988,0
13,27,2,0.45,2,0.247,1.005,1.147,0.494,1
13,27,3,0.8,3,0.404,1.005,1.147,0.808,1
13,27,4,0.36,4,0.661,1.005,1.147,1.321,1
13,27,5,1.12,5,1.0,1.005,1.147,2.161,1
13,27,6,2.41,6,1.0,1.005,1.147,3.534,0
13,28,0,0.31,0,0.455,0.933,1.147,0.909,0
13,28,1,0.87,1,0.227,0.933,1.147,0.455,0
13,29,0,0.51,0,0.717,0.65,1.147,1.434,0
13,29,1,0.75,1,0.358,0.65,1.147,0.717,1
13,29,2,2.68,2,0.907,0.65,1.147,1.813,0
13,29,3,2.95,3,0.453,0.65,1.147,0.907,0
13,29,4,1.37,4,0.227,0.65,1.147,0.453,0
13,29,5,0.75,5,0.15,0.65,1.147,0.3,0
13,30,0,0.98,0,0.649,0.987,1.147,1.299,0
13,30,1,0.3,1,0.325,0.987,1.147,0.649,0
13,30,2,0.39,2,0.162,0.987,1.147,0.325,0
13,30,3,0.42,3,0.15,0.987,1.147,0.3,0
13,30,4,0.33,4,0.15,0.987,1.147,0.3,0
13,30,5,0.32,5,0.15,0.987,1.147,0.3,1
13,31,0,0.8,0,0.655,0.562,1.147,1.309,0
13,32,0,0.75,0,0.698,1.533,1.147,1.395,0
13,32,1,0.38,1,0.349,1.533,1.147,0.698,1
13,32,2,0.48,2,0.374,1.533,1.147,0.748,0
13,32,3,0.35,3,0.187,1.533,1.147,0.374,0
13,32,4,0.32,4,0.15,1.533,1.147,0.3,0
13,32,5,0.31,5,0.15,1.533,1.147,0.3,0
13,33,0,0.51,0,0.321,0.763,1.147,0.641,0
13,33,1,0.4,1,0.16,0.763,1.147,0.321,0
13,33,2,0.33,2,0.15,0.763,1.147,0.3,0
13,33,3,0.37,3,0.15,0.763,1.147,0.3,0
13,33,4,0.43,4,0.15,0.763,1.147,0.3,0
13,33,5,0.38,5,0.15,0.763,1.147,0.3,0
13,33,6,0.48,6,0.15,0.763,1.147,0.3,0
13,34,0,0.82,0,0.519,1.558,1.147,1.037,1
13,34,1,3.07,1,0.547,1.558,1.147,1.095,0
13,34,2,1.3,2,0.274,1.558,1.147,0.547,0
13,35,0,2.14,0,0.666,1.761,1.147,1.332,1
13,35,1,0.4,1,0.622,1.761,1.147,1.244,1
13,36,0,0.31,0,0.486,1.245,1.147,0.973,1
13,36,1,0.43,1,0.642,1.245,1.147,1.285,0
13,36,2,0.98,2,0.321,1.245,1.147,0.642,0
13,37,0,0.7,0,0.32,0.824,1.147,0.641,1
13,38,0,0.89,0,0.688,0.973,1.147,1.375,0
13,38,1,1.06,1,0.344,0.973,1.147,0.688,0
13,38,2,0.6,2,0.172,0.973,1.147,0.344,0
13,38,3,0.52,3,0.15,0.973,1.147,0.3,0
13,38,4,0.35,4,0.15,0.973,1.147,0.3,1
13,38,5,0.6,5,0.254,0.973,1.147,0.507,0
13,39,0,0.34,0,0.601,1.106,1.147,1.202,0
13,39,1,0.44,1,0.3,1.106,1.147,0.601,1
13,39,2,0.35,2,0.447,1.106,1.147,0.893,1
13,39,3,0.57,3,0.664,1.106,1.147,1.327,0
13,39,4,0.57,4,0.332,1.106,1.147,0.664,0
13,39,5,0.47,5,0.166,1.106,1.147,0.332,1
13,40,0,0.66,0,0.299,0.503,1.147,0.598,0
13,40,1,0.38,1,0.15,0.503,1.147,0.3,0
13,40,2,0.33,2,0.15,0.503,1.147,0.3,0
13,41,0,1.78,0,0.483,1.825,1.147,0.966,0
13,41,1,0.33,1,0.242,1.825,1.147,0.483,1
13,41,2,0.73,2,0.218,1.825,1.147,0.435,0
13,41,3,0.82,3,0.15,1.825,1.147,0.3,0
13,42,0,0.35,0,0.326,1.925,1.147,0.652,1
13,42,1,0.37,1,0.278,1.925,1.147,0.557,0
13,42,2,0.39,2,0.15,1.925,1.147,0.3,0
13,42,3,0.61,3,0.15,1.925,1.147,0.3,0
13,42,4,0.55,4,0.15,1.925,1.147,0.3,0
13,43,0,1.47,0,0.374,1.614,1.147,0.747,0
13,44,0,1.39,0,0.584,1.534,1.147,1.168,0
13,44,1,0.8,1,0.292,1.534,1.147,0.584,0
13,45,0,0.33,0,0.368,0.56,1.147,0.736,0
13,45,1,0.3,1,0.184,0.56,1.147,0.368,1
13,45,2,1.22,2,0.54,0.56,1.147,1.08,1
13,45,3,0.74,3,1.0,0.56,1.147,3.167,1
13,45,4,7.2,4,1.0,0.56,1.147,9.293,1
13,45,5,5.51,5,1.0,0.56,1.147,27.266,1
13,45,6,28.45,6,1.0,0.56,1.147,79.998,0
13,46,0,0.85,0,0.313,1.579,1.147,0.627,1
13,46,1,0.52,1,0.326,1.579,1.147,0.652,0
13,46,2,0.33,2,0.163,1.579,1.147,0.326,0
13,46,3,0.38,3,0.15,1.579,1.147,0.3,0
13,47,0,0.54,0,0.47,1.611,1.147,0.941,0
13,48,0,1.01,0,0.744,1.368,1.147,1.488,1
13,48,1,1.9,1,0.894,1.368,1.147,1.788,1
13,48,2,3.11,2,1.0,1.368,1.147,2.15,0
13,48,3,0.37,3,0.537,1.368,1.147,1.075,1
13,48,4,1.76,4,0.646,1.368,1.147,1.292,0
13,48,5,0.31,5,0.323,1.368,1.147,0.646,1
13,49,0,1.81,0,0.554,1.741,1.147,1.108,0
13,49,1,0.87,1,0.277,1.741,1.147,0.554,0
13,49,2,0.62,2,0.15,1.741,1.147,0.3,0
13,49,3,0.46,3,0.15,1.741,1.147,0.3,0
13,49,4,0.67,4,0.15,1.741,1.147,0.3,0
13,49,5,0.31,5,0.15,1.741,1.147,0.3,0
13,49,6,0.49,6,0.15,1.741,1.147,0.3,0
13,49,7,0.68,7,0.15,1.741,1.147,0.3,0
13,50,0,1.21,0,0.433,1.468,1.147,0.866,1
13,50,1,1.27,1,0.485,1.468,1.147,0.97,1
13,50,2,0.39,2,0.543,1.468,1.147,1.087,1
13,50,3,1.18,3,0.609,1.468,1.147,1.218,1
13,50,4,2.49,4,0.682,1.468,1.147,1.364,0
13,50,5,0.57,5,0.341,1.468,1.147,0.682,1
13,51,0,0.97,0,0.59,0.618,1.147,1.18,1
13,51,1,2.39,1,1.0,0.618,1.147,3.139,0
13,51,2,1.76,2,0.785,0.618,1.147,1.569,1
13,51,3,9.12,3,1.0,0.618,1.147,4.175,0
13,51,4,1.93,4,1.0,0.618,1.147,2.087,0
13,51,5,1.2,5,0.522,0.618,1.147,1.044,1
13,51,6,1.84,6,1.0,0.618,1.147,2.776,1
13,52,0,1.58,0,0.42,1.483,1.147,0.84,0
13,52,1,0.83,1,0.21,1.483,1.147,0.42,0
13,53,0,3.58,0,0.747,1.737,1.147,1.494,0
13,53,1,0.4,1,0.374,1.737,1.147,0.747,1
13,53,2,0.53,2,0.354,1.737,1.147,0.707,1
13,54,0,8.24,0,0.62,0.671,1.147,1.24,0
13,54,1,2.46,1,0.31,0.671,1.147,0.62,0
13,54,2,0.71,2,0.155,0.671,1.147,0.31,1
13,54,3,1.07,3,0.38,0.671,1.147,0.759,0
13,54,4,0.31,4,0.19,0.671,1.147,0.38,0
13,55,0,0.58,0,0.653,0.616,1.147,1.305,1
13,55,1,0.5,1,1.0,0.616,1.147,3.482,1
13,55,2,0.8,2,1.0,0.616,1.147,9.289,1
13,55,3,1.01,3,1.0,0.616,1.147,24.781,1
13,55,4,94.73,4,1.0,0.616,1.147,66.11,0
13,56,0,0.45,0,0.286,0.829,1.147,0.572,0
13,57,0,2.34,0,0.626,1.627,1.147,1.252,1
13,57,1,0.96,1,0.632,1.627,1.147,1.264,0
13,58,0,0.69,0,0.716,1.042,1.147,1.432,0
13,58,1,0.4,1,0.358,1.042,1.147,0.716,0
13,58,2,0.36,2,0.179,1.042,1.147,0.358,1
13,59,0,1.85,0,0.719,1.865,1.147,1.438,0
13,59,1,0.56,1,0.36,1.865,1.147,0.719,0
13,59,2,0.74,2,0.18,1.865,1.147,0.36,0
13,59,3,0.31,3,0.15,1.865,1.147,0.3,0
13,59,4,0.61,4,0.15,1.865,1.147,0.3,0
14,0,0,0.91,0,0.414,1.801,0.734,0.827,0
14,0,1,0.42,1,0.207,1.801,0.734,0.414,0
14,0,2,0.54,2,0.15,1.801,0.734,0.3,0
14,0,3,0.81,3,0.15,1.801,0.734,0.3,0
14,0,4,0.52,4,0.15,1.801,0.734,0.3,0
14,1,0,0.32,0,0.308,1.327,0.734,0.616,0
14,1,1,0.31,1,0.154,1.327,0.734,0.308,1
14,1,2,0.34,2,0.176,1.327,0.734,0.353,0
14,1,3,0.76,3,0.15,1.327,0.734,0.3,0
14,1,4,0.9,4,0.15,1.327,0.734,0.3,0
14,1,5,0.7,5,0.15,1.327,0.734,0.3,0
14,1,6,0.45,6,0.15,1.327,0.734,0.3,0
14,1,7,0.35,7,0.15,1.327,0.734,0.3,0
14,2,0,0.34,0,0.64,1.128,0.734,1.279,1
14,3,0,0.89,0,0.317,1.789,0.734,0.635,0
14,4,0,0.52,0,0.745,1.904,0.734,1.489,1
14,4,1,0.6,1,0.595,1.904,0.734,1.189,1
14,4,2,0.43,2,0.475,1.904,0.734,0.949,0
14,4,3,0.59,3,0.237,1.904,0.734,0.475,0
14,4,4,0.68,4,0.15,1.904,0.734,0.3,0
14,5,0,0.47,0,0.26,1.027,0.734,0.521,0
14,5,1,0.39,1,0.15,1.027,0.734,0.3,1
14,6,0,0.34,0,0.482,1.833,0.734,0.964,1
14,7,0,0.99,0,0.537,1.501,0.734,1.075,1
14,7,1,0.54,1,0.544,1.501,0.734,1.089,1
14,7,2,0.89,2,0.551,1.501,0.734,1.103,0
14,7,3,0.85,3,0.276,1.501,0.734,0.551,0
14,7,4,0.75,4,0.15,1.501,0.734,0.3,0
14,8,0,2.5,0,0.523,1.734,0.734,1.046,0
14,8,1,0.77,1,0.262,1.734,0.734,0.523,1
14,8,2,0.31,2,0.229,1.734,0.734,0.459,0
14,8,3,0.38,3,0.15,1.734,0.734,0.3,0
14,8,4,0.37,4,0.15,1.734,0.734,0.3,0
14,8,5,0.35,5,0.15,1.734,0.734,0.3,0
14,8,6,0.71,6,0.15,1.734,0.734,0.3,0
14,8,7,0.51,7,0.15,1.734,0.734,0.3,1
14,9,0,0.86,0,0.276,1.821,0.734,0.552,0
14,9,1,0.3,1,0.15,1.821,0.734,0.3,0
14,9,2,0.32,2,0.15,1.821,0.734,0.3,0
14,9,3,0.6,3,0.15,1.821,0.734,0.3,0
14,9,4,0.4,4,0.15,1.821,0.734,0.3,0
14,9,5,0.53,5,0.15,1.821,0.734,0.3,1
14,9,6,0.36,6,0.125,1.821,0.734,0.251,1
14,10,0,1.22,0,0.747,1.466,0.734,1.495,0
14,10,1,0.53,1,0.374,1.466,0.734,0.747,1
14,11,0,0.78,0,0.654,1.099,0.734,1.308,1
14,11,1,1.31,1,0.905,1.099,0.734,1.809,1
14,11,2,5.03,2,1.0,1.099,0.734,2.504,0
14,11,3,0.48,3,0.626,1.099,0.734,1.252,1
14,11,4,0.83,4,0.866,1.099,0.734,1.732,1
14,11,5,4.45,5,1.0,1.099,0.734,2.397,0
14,12,0,0.41,0,0.716,1.896,0.734,1.432,0
14,12,1,0.73,1,0.358,1.896,0.734,0.716,0
14,12,2,0.49,2,0.179,1.896,0.734,0.358,1
14,12,3,0.32,3,0.144,1.896,0.734,0.287,0
14,12,4,0.84,4,0.15,1.896,0.734,0.3,0
14,13,0,1.1,0,0.71,1.783,0.734,1.42,0
14,13,1,0.68,1,0.355,1.783,0.734,0.71,0
14,13,2,0.67,2,0.178,1.783,0.734,0.355,0
14,13,3,0.31,3,0.15,1.783,0.734,0.3,0
14,13,4,0.75,4,0.15,1.783,0.734,0.3,0
14,13,5,0.39,5,0.15,1.783,0.734,0.3,0
14,14,0,0.42,0,0.35,1.972,0.734,0.699,1
14,14,1,0.73,1,0.27,1.972,0.734,0.539,0
14,14,2,0.67,2,0.15,1.972,0.734,0.3,0
14,14,3,0.97,3,0.15,1.972,0.734,0.3,0
14,14,4,0.51,4,0.15,1.972,0.734,0.3,0
14,14,5,0.9,5,0.15,1.972,0.734,0.3,0
14,15,0,0.74,0,0.519,1.285,0.734,1.037,0
14,16,0,3.73,0,0.668,0.816,0.734,1.337,0
14,16,1,1.43,1,0.334,0.816,0.734,0.668,0
14,16,2,0.65,2,0.167,0.816,0.734,0.334,0
14,17,0,0.96,0,0.269,0.845,0.734,0.538,0
14,17,1,0.36,1,0.15,0.845,0.734,0.3,0
14,17,2,0.42,2,0.15,0.845,0.734,0.3,1
14,17,3,0.58,3,0.27,0.845,0.734,0.54,0
14,17,4,0.3,4,0.15,0.845,0.734,0.3,0
14,17,5,0.33,5,0.15,0.845,0.734,0.3,0
14,17,6,0.55,6,0.15,0.845,0.734,0.3,0
14,18,0,0.78,0,0.655,1.279,0.734,1.31,0
14,18,1,0.63,1,0.328,1.279,0.734,0.655,0
14,18,2,0.8,2,0.164,1.279,0.734,0.328,0
14,18,3,0.52,3,0.15,1.279,0.734,0.3,0
14,18,4,0.77,4,0.15,1.279,0.734,0.3,0
14,18,5,0.35,5,0.15,1.279,0.734,0.3,0
14,18,6,0.56,6,0.15,1.279,0.734,0.3,0
14,19,0,0.79,0,0.501,1.839,0.734,1.002,0
14,19,1,0.42,1,0.251,1.839,0.734,0.501,0
14,19,2,0.33,2,0.15,1.839,0.734,0.3,1
14,19,3,0.5,3,0.124,1.839,0.734,0.248,0
14,19,4,0.33,4,0.15,1.839,0.734,0.3,0
14,20,0,0.49,0,0.619,1.077,0.734,1.238,0
14,21,0,0.31,0,0.257,1.12,0.734,0.514,0
14,21,1,0.43,1,0.15,1.12,0.734,0.3,0
14,21,2,0.76,2,0.15,1.12,0.734,0.3,0
14,21,3,0.83,3,0.15,1.12,0.734,0.3,0
14,22,0,1.24,0,0.296,1.202,0.734,0.593,0
14,23,0,0.45,0,0.71,1.379,0.734,1.419,1
14,23,1,0.39,1,0.782,1.379,0.734,1.564,1
14,23,2,1.03,2,0.862,1.379,0.734,1.724,0
14,23,3,0.32,3,0.431,1.379,0.734,0.862,1
14,24,0,1.48,0,0.553,1.609,0.734,1.105,1
14,24,1,1.11,1,0.522,1.609,0.734,1.044,0
14,25,0,0.88,0,0.538,1.383,0.734,1.076,0
14,25,1,0.42,1,0.269,1.383,0.734,0.538,1
14,25,2,0.53,2,0.296,1.383,0.734,0.591,1
14,25,3,0.62,3,0.325,1.383,0.734,0.65,1
14,25,4,1.74,4,0.357,1.383,0.734,0.714,0
14,25,5,0.76,5,0.179,1.383,0.734,0.357,0
14,25,6,0.35,6,0.15,1.383,0.734,0.3,1
14,26,0,1.42,0,0.319,1.018,0.734,0.638,0
14,26,1,0.42,1,0.159,1.018,0.734,0.319,1
14,26,2,0.49,2,0.238,1.018,0.734,0.476,0
14,26,3,0.38,3,0.15,1.018,0.734,0.3,1
14,26,4,0.82,4,0.224,1.018,0.734,0.448,0
14,26,5,0.41,5,0.15,1.018,0.734,0.3,0
14,26,6,0.5,6,0.15,1.018,0.734,0.3,0
14,26,7,0.53,7,0.15,1.018,0.734,0.3,0
14,27,0,0.53,0,0.694,0.876,0.734,1.388,1
14,28,0,0.83,0,0.621,1.543,0.734,1.241,1
14,28,1,0.91,1,0.611,1.543,0.734,1.223,1
14,28,2,0.62,2,0.602,1.543,0.734,1.205,0
14,28,3,0.65,3,0.301,1.543,0.734,0.602,0
14,28,4,0.35,4,0.151,1.543,0.734,0.301,0
14,28,5,1.53,5,0.15,1.543,0.734,0.3,0
14,28,6,0.41,6,0.15,1.543,0.734,0.3,1
14,29,0,0.34,0,0.349,1.794,0.734,0.698,1
14,29,1,0.65,1,0.296,1.794,0.734,0.592,0
14,29,2,0.35,2,0.15,1.794,0.734,0.3,0
14,29,3,0.7,3,0.15,1.794,0.734,0.3,0
14,30,0,0.88,0,0.346,1.56,0.734,0.693,0
14,31,0,0.56,0,0.521,0.655,0.734,1.043,0
14,32,0,0.62,0,0.433,1.231,0.734,0.866,0
14,33,0,0.63,0,0.366,1.855,0.734,0.731,0
14,34,0,1.16,0,0.517,1.122,0.734,1.035,0
14,34,1,0.69,1,0.259,1.122,0.734,0.517,0
14,34,2,0.43,2,0.15,1.122,0.734,0.3,1
14,35,0,0.37,0,0.336,1.614,0.734,0.672,1
14,35,1,0.42,1,0.317,1.614,0.734,0.633,1
14,35,2,0.34,2,0.298,1.614,0.734,0.596,1
14,35,3,0.34,3,0.281,1.614,0.734,0.562,0
14,36,0,0.88,0,0.363,1.9,0.734,0.726,0
14,36,1,0.36,1,0.181,1.9,0.734,0.363,0
14,36,2,0.34,2,0.15,1.9,0.734,0.3,0
14,36,3,0.48,3,0.15,1.9,0.734,0.3,0
14,36,4,0.35,4,0.15,1.9,0.734,0.3,0
14,36,5,0.33,5,0.15,1.9,0.734,0.3,0
14,36,6,0.4,6,0.15,1.9,0.734,0.3,1
14,36,7,0.48,7,0.12,1.9,0.734,0.24,0
14,37,0,0.33,0,0.678,1.934,0.734,1.357,1
14,37,1,0.34,1,0.533,1.934,0.734,1.067,0
14,37,2,1.1,2,0.267,1.934,0.734,0.533,0
14,37,3,0.41,3,0.15,1.934,0.734,0.3,0
14,37,4,0.59,4,0.15,1.934,0.734,0.3,0
14,37,5,0.3,5,0.15,1.934,0.734,0.3,0
14,37,6,0.77,6,0.15,1.934,0.734,0.3,0
14,38,0,0.39,0,0.535,1.395,0.734,1.069,1
14,38,1,1.14,1,0.582,1.395,0.734,1.165,0
14,38,2,0.39,2,0.291,1.395,0.734,0.582,1
14,38,3,1.31,3,0.317,1.395,0.734,0.634,0
14,38,4,0.4,4,0.159,1.395,0.734,0.317,0
14,38,5,0.38,5,0.15,1.395,0.734,0.3,0
14,39,0,0.83,0,0.307,1.685,0.734,0.614,0
14,39,1,0.57,1,0.154,1.685,0.734,0.307,0
14,39,2,0.89,2,0.15,1.685,0.734,0.3,0
14,39,3,0.95,3,0.15,1.685,0.734,0.3,0
14,39,4,0.45,4,0.15,1.685,0.734,0.3,0
14,39,5,0.36,5,0.15,1.685,0.734,0.3,1
14,39,6,0.41,6,0.135,1.685,0.734,0.271,0
14,40,0,0.52,0,0.329,0.948,0.734,0.659,0
14,40,1,0.41,1,0.165,0.948,0.734,0.329,0
14,40,2,0.85,2,0.15,0.948,0.734,0.3,0
14,40,3,0.37,3,0.15,0.948,0.734,0.3,0
14,40,4,0.34,4,0.15,0.948,0.734,0.3,1
14,41,0,0.91,0,0.389,1.282,0.734,0.777,1
14,42,0,1.15,0,0.74,1.328,0.734,1.479,0
14,42,1,1.2,1,0.37,1.328,0.734,0.74,0
14,42,2,0.41,2,0.185,1.328,0.734,0.37,0
14,42,3,0.32,3,0.15,1.328,0.734,0.3,1
14,42,4,0.53,4,0.172,1.328,0.734,0.344,0
14,42,5,0.34,5,0.15,1.328,0.734,0.3,0
14,43,0,1.02,0,0.689,0.938,0.734,1.378,0
14,43,1,1.25,1,0.345,0.938,0.734,0.689,0
14,44,0,3.88,0,0.719,1.799,0.734,1.439,0
14,44,1,2.06,1,0.36,1.799,0.734,0.719,0
14,44,2,0.49,2,0.18,1.799,0.734,0.36,0
14,44,3,0.4,3,0.15,1.799,0.734,0.3,0
14,44,4,0.81,4,0.15,1.799,0.734,0.3,0
14,44,5,0.42,5,0.15,1.799,0.734,0.3,1
14,44,6,0.37,6,0.127,1.799,0.734,0.254,0
14,45,0,2.3,0,0.555,0.975,0.734,1.111,0
14,45,1,0.7,1,0.278,0.975,0.734,0.555,0
14,45,2,0.67,2,0.15,0.975,0.734,0.3,0
14,45,3,0.37,3,0.15,0.975,0.734,0.3,1
14,45,4,0.61,4,0.234,0.975,0.734,0.468,1
14,45,5,0.78,5,0.364,0.975,0.734,0.729,0
14,46,0,0.9,0,0.438,1.628,0.734,0.875,1
14,46,1,0.5,1,0.409,1.628,0.734,0.817,0
14,46,2,0.43,2,0.204,1.628,0.734,0.409,1
14,46,3,0.66,3,0.191,1.628,0.734,0.381,0
14,46,4,0.44,4,0.15,1.628,0.734,0.3,0
14,46,5,0.4,5,0.15,1.628,0.734,0.3,0
14,47,0,1.5,0,0.371,1.77,0.734,0.742,0
14,47,1,1.48,1,0.185,1.77,0.734,0.371,0
14,47,2,0.35,2,0.15,1.77,0.734,0.3,1
14,47,3,0.47,3,0.129,1.77,0.734,0.258,0
14,48,0,0.61,0,0.284,1.776,0.734,0.568,1
14,48,1,0.42,1,0.243,1.776,0.734,0.486,0
14,48,2,0.31,2,0.15,1.776,0.734,0.3,0
14,48,3,0.53,3,0.15,1.776,0.734,0.3,0
14,48,4,0.35,4,0.15,1.776,0.734,0.3,0
14,49,0,1.92,0,0.418,0.915,0.734,0.836,0
14,50,0,1.34,0,0.513,1.549,0.734,1.025,0
14,50,1,0.45,1,0.256,1.549,0.734,0.513,1
14,50,2,0.31,2,0.252,1.549,0.734,0.503,0
14,50,3,0.3,3,0.15,1.549,0.734,0.3,1
14,50,4,1.05,4,0.147,1.549,0.734,0.294,0
14,50,5,0.53,5,0.15,1.549,0.734,0.3,1
14,51,0,1.24,0,0.74,1.507,0.734,1.479,1
14,51,1,2.58,1,0.746,1.507,0.734,1.492,1
14,51,2,0.45,2,0.753,1.507,0.734,1.506,1
14,51,3,0.52,3,0.76,1.507,0.734,1.519,1
14,51,4,1.52,4,0.766,1.507,0.734,1.533,0
14,51,5,1.29,5,0.383,1.507,0.734,0.766,0
14,52,0,0.9,0,0.35,1.745,0.734,0.701,0
14,53,0,0.57,0,0.665,1.854,0.734,1.329,1
14,53,1,2.04,1,0.545,1.854,0.734,1.09,0
14,53,2,0.93,2,0.273,1.854,0.734,0.545,0
14,53,3,0.42,3,0.15,1.854,0.734,0.3,0
14,53,4,0.54,4,0.15,1.854,0.734,0.3,0
14,54,0,1.3,0,0.672,0.729,0.734,1.345,0
14,54,1,0.39,1,0.336,0.729,0.734,0.672,0
14,55,0,1.24,0,0.312,1.034,0.734,0.624,0
14,55,1,0.34,1,0.156,1.034,0.734,0.312,0
14,56,0,1.24,0,0.428,1.224,0.734,0.856,1
14,56,1,1.02,1,0.531,1.224,0.734,1.063,1
14,57,0,0.57,0,0.582,0.615,0.734,1.164,1
14,57,1,2.9,1,1.0,0.615,0.734,2.878,0
14,58,0,3.16,0,0.649,0.591,0.734,1.298,0
14,58,1,0.69,1,0.324,0.591,0.734,0.649,0
14,58,2,0.7,2,0.162,0.591,0.734,0.324,0
14,58,3,0.93,3,0.15,0.591,0.734,0.3,1
14,59,0,4.98,0,0.747,0.802,0.734,1.494,0
14,59,1,1.35,1,0.373,0.802,0.734,0.747,1
14,59,2,1.43,2,0.708,0.802,0.734,1.416,0
14,59,3,0.53,3,0.354,0.802,0.734,0.708,1
14,59,4,1.95,4,0.671,0.802,0.734,1.341,0
14,59,5,0.93,5,0.335,0.802,0.734,0.671,0
14,59,6,0.31,6,0.168,0.802,0.734,0.335,1
14,59,7,0.62,7,0.318,0.802,0.734,0.636,1
15,0,0,0.34,0,0.342,1.93,1.083,0.683,1
15,0,1,0.34,1,0.288,1.93,1.083,0.575,0
15,1,0,0.45,0,0.52,1.879,1.083,1.04,1
15,1,1,0.63,1,0.45,1.879,1.083,0.9,1
15,1,2,0.31,2,0.389,1.879,1.083,0.778,1
15,1,3,1.21,3,0.336,1.879,1.083,0.673,0
15,1,4,0.96,4,0.168,1.879,1.083,0.336,0
15,2,0,1.02,0,0.633,1.767,1.083,1.266,1
15,3,0,0.8,0,0.57,1.035,1.083,1.14,1
15,3,1,0.37,1,0.895,1.035,1.083,1.79,1
15,3,2,0.31,2,1.0,1.035,1.083,2.811,0
15,3,3,0.75,3,0.703,1.035,1.083,1.406,1
15,4,0,3.82,0,0.605,1.696,1.083,1.21,0
15,4,1,1.43,1,0.302,1.696,1.083,0.605,0
15,4,2,0.35,2,0.151,1.696,1.083,0.302,1
15,5,0,1.2,0,0.71,1.32,1.083,1.42,1
15,5,1,1.97,1,0.874,1.32,1.083,1.748,0
15,5,2,0.98,2,0.437,1.32,1.083,0.874,1
15,5,3,1.55,3,0.538,1.32,1.083,1.076,0
15,5,4,0.44,4,0.269,1.32,1.083,0.538,0
15,5,5,0.78,5,0.15,1.32,1.083,0.3,0
15,5,6,0.8,6,0.15,1.32,1.083,0.3,0
15,5,7,0.35,7,0.15,1.32,1.083,0.3,1
15,6,0,2.49,0,0.507,0.85,1.083,1.015,1
15,7,0,0.42,0,0.472,1.843,1.083,0.944,1
15,7,1,0.66,1,0.416,1.843,1.083,0.832,0
15,7,2,1.13,2,0.208,1.843,1.083,0.416,0
15,7,3,0.35,3,0.15,1.843,1.083,0.3,0
15,7,4,0.35,4,0.15,1.843,1.083,0.3,0
15,8,0,0.33,0,0.266,0.667,1.083,0.532,1
15,8,1,0.62,1,0.648,0.667,1.083,1.296,1
15,8,2,2.66,2,1.0,0.667,1.083,3.158,1
15,9,0,0.39,0,0.272,0.627,1.083,0.544,0
15,9,1,0.54,1,0.15,0.627,1.083,0.3,0
15,10,0,3.5,0,0.385,1.604,1.083,0.77,0
15,11,0,6.65,0,0.478,1.307,1.083,0.955,0
15,11,1,0.85,1,0.239,1.307,1.083,0.478,0
15,11,2,0.43,2,0.15,1.307,1.083,0.3,0
15,11,3,0.75,3,0.15,1.307,1.083,0.3,0
15,11,4,0.42,4,0.15,1.307,1.083,0.3,0
15,11,5,0.41,5,0.15,1.307,1.083,0.3,1
15,11,6,0.52,6,0.186,1.307,1.083,0.373,0
15,12,0,0.73,0,0.394,1.846,1.083,0.788,0
15,12,1,0.55,1,0.197,1.846,1.083,0.394,0
15,12,2,0.31,2,0.15,1.846,1.083,0.3,0
15,12,3,0.68,3,0.15,1.846,1.083,0.3,1
15,12,4,0.95,4,0.132,1.846,1.083,0.264,0
15,13,0,0.38,0,0.491,1.041,1.083,0.982,0
15,14,0,1.01,0,0.522,1.726,1.083,1.044,0
15,14,1,1.3,1,0.261,1.726,1.083,0.522,0
15,15,0,0.52,0,0.437,1.29,1.083,0.874,0
15,15,1,1.05,1,0.219,1.29,1.083,0.437,1
15,15,2,0.3,2,0.275,1.29,1.083,0.551,0
15,15,3,0.6,3,0.15,1.29,1.083,0.3,0
15,15,4,0.34,4,0.15,1.29,1.083,0.3,0
15,15,5,0.46,5,0.15,1.29,1.083,0.3,0
15,15,6,0.7,6,0.15,1.29,1.083,0.3,0
15,16,0,1.13,0,0.498,1.433,1.083,0.996,1
15,16,1,2.67,1,0.565,1.433,1.083,1.129,0
15,16,2,0.54,2,0.282,1.433,1.083,0.565,1
15,17,0,0.93,0,0.336,1.48,1.083,0.672,1
15,17,1,0.34,1,0.369,1.48,1.083,0.737,1
15,18,0,0.69,0,0.63,0.826,1.083,1.259,1
15,18,1,1.42,1,1.0,0.826,1.083,2.477,1
15,19,0,0.82,0,0.725,1.626,1.083,1.449,1
15,19,1,2.83,1,0.724,1.626,1.083,1.448,0
15,19,2,0.82,2,0.362,1.626,1.083,0.724,1
15,19,3,0.35,3,0.362,1.626,1.083,0.724,0
15,19,4,0.4,4,0.181,1.626,1.083,0.362,0
15,19,5,0.8,5,0.15,1.626,1.083,0.3,0
15,19,6,0.33,6,0.15,1.626,1.083,0.3,1
15,20,0,0.91,0,0.396,0.661,1.083,0.793,0
15,20,1,0.6,1,0.198,0.661,1.083,0.396,0
15,20,2,0.43,2,0.15,0.661,1.083,0.3,1
15,20,3,0.95,3,0.369,0.661,1.083,0.738,0
15,20,4,0.41,4,0.184,0.661,1.083,0.369,0
15,20,5,0.9,5,0.15,0.661,1.083,0.3,0
15,20,6,0.33,6,0.15,0.661,1.083,0.3,1
15,20,7,0.96,7,0.369,0.661,1.083,0.738,1
15,21,0,2.19,0,0.421,1.684,1.083,0.841,0
15,21,1,0.79,1,0.21,1.684,1.083,0.421,1
15,21,2,0.37,2,0.203,1.684,1.083,0.406,1
15,22,0,1.5,0,0.497,0.683,1.083,0.994,1
15,22,1,2.29,1,1.0,0.683,1.083,2.363,0
15,23,0,0.68,0,0.582,1.017,1.083,1.164,0
15,23,1,0.81,1,0.291,1.017,1.083,0.582,0
15,23,2,0.32,2,0.15,1.017,1.083,0.3,1
15,23,3,0.42,3,0.24,1.017,1.083,0.48,1
15,24,0,0.46,0,0.4,1.596,1.083,0.799,0
15,25,0,0.84,0,0.566,1.838,1.083,1.132,1
15,26,0,0.32,0,0.273,1.048,1.083,0.545,1
15,26,1,0.49,1,0.423,1.048,1.083,0.845,1
15,26,2,0.78,2,0.655,1.048,1.083,1.31,1
15,27,0,1.15,0,0.319,1.101,1.083,0.639,0
15,27,1,0.32,1,0.16,1.101,1.083,0.319,0
15,28,0,0.41,0,0.378,1.382,1.083,0.757,1
15,28,1,0.33,1,0.445,1.382,1.083,0.889,0
15,28,2,0.94,2,0.222,1.382,1.083,0.445,0
15,28,3,0.38,3,0.15,1.382,1.083,0.3,0
15,29,0,0.45,0,0.427,1.524,1.083,0.853,1
15,29,1,0.43,1,0.455,1.524,1.083,0.91,0
15,29,2,0.37,2,0.228,1.524,1.083,0.455,0
15,29,3,0.87,3,0.15,1.524,1.083,0.3,1
15,29,4,0.46,4,0.16,1.524,1.083,0.32,0
15,30,0,0.92,0,0.59,1.097,1.083,1.18,1
15,30,1,0.48,1,0.874,1.097,1.083,1.749,1
15,30,2,1.52,2,1.0,1.097,1.083,2.592,1
15,30,3,0.45,3,1.0,1.097,1.083,3.84,1
15,30,4,12.83,4,1.0,1.097,1.083,5.69,0
15,30,5,0.36,5,1.0,1.097,1.083,2.845,1
15,31,0,1.44,0,0.472,0.54,1.083,0.944,0
15,31,1,1.03,1,0.236,0.54,1.083,0.472,0
15,31,2,0.34,2,0.15,0.54,1.083,0.3,0
15,31,3,0.38,3,0.15,0.54,1.083,0.3,0
15,31,4,0.76,4,0.15,0.54,1.083,0.3,1
15,31,5,0.63,5,0.451,0.54,1.083,0.902,1
15,31,6,0.85,6,1.0,0.54,1.083,2.713,0
15,31,7,0.84,7,0.678,0.54,1.083,1.357,1
15,32,0,0.32,0,0.523,0.889,1.083,1.046,0
15,32,1,1.23,1,0.262,0.889,1.083,0.523,0
15,33,0,0.57,0,0.292,1.919,1.083,0.584,0
15,33,1,0.31,1,0.15,1.919,1.083,0.3,0
15,33,2,0.36,2,0.15,1.919,1.083,0.3,0
15,33,3,0.39,3,0.15,1.919,1.083,0.3,0
15,33,4,0.57,4,0.15,1.919,1.083,0.3,0
15,33,5,0.3,5,0.15,1.919,1.083,0.3,0
15,33,6,0.71,6,0.15,1.919,1.083,0.3,0
15,33,7,0.68,7,0.15,1.919,1.083,0.3,0
15,34,0,1.63,0,0.696,1.805,1.083,1.392,0
15,35,0,0.99,0,0.36,0.958,1.083,0.721,1
15,35,1,3.16,1,0.611,0.958,1.083,1.222,0
15,35,2,1.49,2,0.306,0.958,1.083,0.611,0
15,35,3,0.59,3,0.153,0.958,1.083,0.306,0
15,35,4,0.3,4,0.15,0.958,1.083,0.3,1
15,36,0,0.88,0,0.44,1.283,1.083,0.88,0
15,37,0,0.83,0,0.479,0.938,1.083,0.957,1
15,38,0,1.29,0,0.655,1.162,1.083,1.309,0
15,38,1,0.38,1,0.327,1.162,1.083,0.655,0
15,39,0,1.2,0,0.464,0.601,1.083,0.929,0
15,39,1,0.46,1,0.232,0.601,1.083,0.464,1
15,39,2,0.4,2,0.627,0.601,1.083,1.255,0
15,39,3,0.32,3,0.314,0.601,1.083,0.627,0
15,40,0,0.9,0,0.326,1.883,1.083,0.652,0
15,40,1,0.66,1,0.163,1.883,1.083,0.326,1
15,40,2,0.55,2,0.141,1.883,1.083,0.281,1
15,40,3,0.33,3,0.121,1.883,1.083,0.243,0
15,41,0,1.06,0,0.468,1.948,1.083,0.936,1
15,42,0,0.46,0,0.296,0.805,1.083,0.593,1
15,42,1,0.97,1,0.598,0.805,1.083,1.197,0
15,42,2,0.52,2,0.299,0.805,1.083,0.598,1
15,42,3,0.43,3,0.604,0.805,1.083,1.208,0
15,42,4,2.17,4,0.302,0.805,1.083,0.604,0
15,42,5,0.56,5,0.151,0.805,1.083,0.302,0
15,43,0,1.38,0,0.659,1.927,1.083,1.318,0
15,43,1,0.61,1,0.329,1.927,1.083,0.659,0
15,43,2,0.45,2,0.165,1.927,1.083,0.329,1
15,43,3,0.45,3,0.139,1.927,1.083,0.278,1
15,43,4,0.55,4,0.117,1.927,1.083,0.234,0
15,43,5,0.31,5,0.15,1.927,1.083,0.3,1
15,44,0,0.84,0,0.365,1.097,1.083,0.73,0
15,44,1,0.98,1,0.182,1.097,1.083,0.365,0
15,44,2,0.38,2,0.15,1.097,1.083,0.3,0
15,44,3,0.46,3,0.15,1.097,1.083,0.3,0
15,45,0,1.53,0,0.33,0.811,1.083,0.659,0
15,45,1,0.54,1,0.165,0.811,1.083,0.33,0
15,45,2,0.33,2,0.15,0.811,1.083,0.3,0
15,45,3,1.0,3,0.15,0.811,1.083,0.3,0
15,45,4,0.32,4,0.15,0.811,1.083,0.3,1
15,45,5,1.22,5,0.301,0.811,1.083,0.601,0
15,45,6,0.47,6,0.15,0.811,1.083,0.301,0
15,46,0,0.62,0,0.401,1.159,1.083,0.802,0
15,46,1,0.53,1,0.201,1.159,1.083,0.401,0
15,46,2,0.3,2,0.15,1.159,1.083,0.3,0
15,46,3,0.51,3,0.15,1.159,1.083,0.3,0
15,46,4,0.46,4,0.15,1.159,1.083,0.3,0
15,46,5,0.37,5,0.15,1.159,1.083,0.3,0
15,47,0,1.09,0,0.68,1.564,1.083,1.36,1
15,47,1,2.22,1,0.707,1.564,1.083,1.413,0
15,47,2,0.38,2,0.353,1.564,1.083,0.707,0
15,47,3,0.39,3,0.177,1.564,1.083,0.353,0
15,48,0,2.06,0,0.273,1.339,1.083,0.546,0
15,48,1,0.79,1,0.15,1.339,1.083,0.3,0
15,48,2,0.39,2,0.15,1.339,1.083,0.3,0
15,48,3,0.73,3,0.15,1.339,1.083,0.3,0
15,48,4,0.34,4,0.15,1.339,1.083,0.3,0
15,49,0,0.51,0,0.365,0.895,1.083,0.731,0
15,49,1,0.57,1,0.183,0.895,1.083,0.365,1
15,49,2,0.89,2,0.332,0.895,1.083,0.663,0
15,49,3,0.47,3,0.166,0.895,1.083,0.332,1
15,49,4,1.52,4,0.301,0.895,1.083,0.602,0
15,49,5,0.47,5,0.15,0.895,1.083,0.301,1
15,50,0,2.48,0,0.476,1.898,1.083,0.952,0
15,50,1,0.46,1,0.238,1.898,1.083,0.476,1
15,50,2,0.85,2,0.204,1.898,1.083,0.408,0
15,50,3,0.41,3,0.15,1.898,1.083,0.3,0
15,50,4,0.39,4,0.15,1.898,1.083,0.3,0
15,51,0,2.34,0,0.567,0.972,1.083,1.133,0
15,51,1,0.38,1,0.283,0.972,1.083,0.567,1
15,51,2,0.62,2,0.474,0.972,1.083,0.947,0
15,51,3,1.17,3,0.237,0.972,1.083,0.474,1
15,51,4,0.43,4,0.396,0.972,1.083,0.792,1
15,51,5,0.48,5,0.662,0.972,1.083,1.324,0
15,51,6,1.07,6,0.331,0.972,1.083,0.662,0
15,51,7,0.35,7,0.166,0.972,1.083,0.331,1
15,52,0,1.02,0,0.348,0.981,1.083,0.696,1
15,52,1,2.19,1,0.576,0.981,1.083,1.153,0
15,52,2,0.75,2,0.288,0.981,1.083,0.576,0
15,52,3,0.55,3,0.15,0.981,1.083,0.3,0
15,52,4,0.42,4,0.15,0.981,1.083,0.3,0
15,53,0,0.56,0,0.673,1.792,1.083,1.346,1
15,53,1,1.42,1,0.61,1.792,1.083,1.22,0
15,53,2,0.69,2,0.305,1.792,1.083,0.61,1
15,54,0,0.32,0,0.603,0.51,1.083,1.207,1
15,54,1,2.5,1,1.0,0.51,1.083,3.847,0
15,54,2,2.25,2,0.962,0.51,1.083,1.923,1
15,54,3,1.08,3,1.0,0.51,1.083,6.131,0
15,54,4,1.65,4,1.0,0.51,1.083,3.066,0
15,54,5,0.51,5,0.766,0.51,1.083,1.533,1
15,55,0,1.0,0,0.695,1.26,1.083,1.39,0
15,55,1,0.33,1,0.348,1.26,1.083,0.695,0
15,55,2,0.41,2,0.174,1.26,1.083,0.348,1
15,55,3,0.91,3,0.224,1.26,1.083,0.448,0
15,56,0,0.4,0,0.377,1.482,1.083,0.754,1
15,56,1,0.53,1,0.414,1.482,1.083,0.827,1
15,56,2,0.61,2,0.454,1.482,1.083,0.907,1
15,56,3,1.3,3,0.497,1.482,1.083,0.995,0
15,56,4,0.35,4,0.249,1.482,1.083,0.497,1
15,56,5,0.35,5,0.273,1.482,1.083,0.545,1
15,57,0,0.31,0,0.427,0.868,1.083,0.854,1
15,57,1,0.71,1,0.799,0.868,1.083,1.599,1
15,58,0,1.91,0,0.48,1.224,1.083,0.959,0
15,58,1,0.46,1,0.24,1.224,1.083,0.48,0
15,58,2,0.46,2,0.15,1.224,1.083,0.3,0
15,58,3,0.36,3,0.15,1.224,1.083,0.3,0
15,58,4,0.37,4,0.15,1.224,1.083,0.3,0
15,59,0,2.7,0,0.503,1.06,1.083,1.006,0
15,59,1,0.69,1,0.251,1.06,1.083,0.503,1
15,59,2,0.45,2,0.385,1.06,1.083,0.771,0
15,59,3,0.38,3,0.193,1.06,1.083,0.385,0
15,59,4,0.42,4,0.15,1.06,1.083,0.3,0
15,59,5,0.64,5,0.15,1.06,1.083,0.3,0
16,0,0,0.51,0,0.602,1.543,1.257,1.204,1
16,0,1,0.37,1,0.654,1.543,1.257,1.308,1
16,0,2,0.44,2,0.711,1.543,1.257,1.422,1
16,0,3,0.94,3,0.772,1.543,1.257,1.545,0
16,0,4,0.56,4,0.386,1.543,1.257,0.772,0
16,0,5,0.49,5,0.193,1.543,1.257,0.386,0
16,1,0,0.9,0,0.385,1.465,1.257,0.771,1
16,1,1,1.42,1,0.441,1.465,1.257,0.882,1
16,1,2,0.35,2,0.505,1.465,1.257,1.01,1
16,1,3,0.45,3,0.578,1.465,1.257,1.155,1
16,1,4,1.08,4,0.661,1.465,1.257,1.322,1
16,1,5,0.8,5,0.757,1.465,1.257,1.513,1
16,2,0,1.99,0,0.462,0.993,1.257,0.924,0
16,2,1,0.72,1,0.231,0.993,1.257,0.462,1
16,3,0,0.32,0,0.356,1.257,1.257,0.712,1
16,3,1,0.63,1,0.475,1.257,1.257,0.95,1
16,3,2,0.67,2,0.634,1.257,1.257,1.268,1
16,3,3,0.72,3,0.845,1.257,1.257,1.691,0
16,3,4,0.86,4,0.423,1.257,1.257,0.845,0
16,3,5,0.38,5,0.211,1.257,1.257,0.423,1
16,3,6,0.4,6,0.282,1.257,1.257,0.564,1
16,4,0,0.72,0,0.47,1.82,1.257,0.94,1
16,4,1,0.83,1,0.433,1.82,1.257,0.867,1
16,5,0,0.97,0,0.311,1.17,1.257,0.623,0
16,5,1,0.52,1,0.156,1.17,1.257,0.311,0
16,5,2,0.54,2,0.15,1.17,1.257,0.3,0
16,5,3,0.34,3,0.15,1.17,1.257,0.3,1
16,5,4,0.63,4,0.215,1.17,1.257,0.43,0
16,5,5,0.65,5,0.15,1.17,1.257,0.3,1
16,5,6,0.48,6,0.215,1.17,1.257,0.43,0
16,5,7,0.45,7,0.15,1.17,1.257,0.3,0
16,6,0,0.81,0,0.496,0.582,1.257,0.991,0
16,7,0,1.37,0,0.451,0.612,1.257,0.903,0
16,7,1,0.3,1,0.226,0.612,1.257,0.451,1
16,7,2,2.32,2,0.619,0.612,1.257,1.237,0
16,8,0,0.69,0,0.554,1.286,1.257,1.108,1
16,8,1,1.6,1,0.723,1.286,1.257,1.445,1
16,8,2,1.28,2,0.942,1.286,1.257,1.885,1
16,9,0,1.76,0,0.553,0.835,1.257,1.105,0
16,9,1,0.42,1,0.276,0.835,1.257,0.553,1
16,10,0,0.9,0,0.577,1.708,1.257,1.153,0
16,11,0,1.37,0,0.744,1.074,1.257,1.487,0
16,11,1,0.9,1,0.372,1.074,1.257,0.744,0
16,11,2,0.36,2,0.186,1.074,1.257,0.372,0
16,11,3,0.35,3,0.15,1.074,1.257,0.3,0
16,11,4,0.39,4,0.15,1.074,1.257,0.3,1
16,12,0,0.8,0,0.418,1.359,1.257,0.836,0
16,12,1,0.63,1,0.209,1.359,1.257,0.418,1
16,12,2,0.36,2,0.258,1.359,1.257,0.516,1
16,12,3,0.71,3,0.318,1.359,1.257,0.637,0
16,12,4,0.38,4,0.159,1.359,1.257,0.318,0
16,13,0,0.36,0,0.431,0.842,1.257,0.861,0
16,13,1,0.32,1,0.215,0.842,1.257,0.431,0
16,14,0,0.45,0,0.574,1.734,1.257,1.148,1
16,14,1,1.83,1,0.555,1.734,1.257,1.111,0
16,14,2,0.38,2,0.278,1.734,1.257,0.555,0
16,14,3,0.48,3,0.15,1.734,1.257,0.3,0
16,14,4,0.5,4,0.15,1.734,1.257,0.3,0
16,14,5,0.43,5,0.15,1.734,1.257,0.3,0
16,14,6,0.31,6,0.15,1.734,1.257,0.3,0
16,15,0,1.01,0,0.511,1.623,1.257,1.023,0
16,15,1,0.75,1,0.256,1.623,1.257,0.511,1
16,16,0,1.77,0,0.624,1.999,1.257,1.249,0
16,16,1,1.67,1,0.312,1.999,1.257,0.624,0
16,16,2,0.48,2,0.156,1.999,1.257,0.312,0
16,17,0,0.41,0,0.292,1.578,1.257,0.584,0
16,17,1,0.44,1,0.15,1.578,1.257,0.3,0
16,17,2,0.38,2,0.15,1.578,1.257,0.3,0
16,17,3,0.53,3,0.15,1.578,1.257,0.3,0
16,17,4,0.44,4,0.15,1.578,1.257,0.3,0
16,18,0,0.41,0,0.324,0.583,1.257,0.649,0
16,18,1,0.59,1,0.162,0.583,1.257,0.324,0
16,18,2,0.35,2,0.15,0.583,1.257,0.3,0
16,18,3,0.64,3,0.15,0.583,1.257,0.3,0
16,18,4,0.43,4,0.15,0.583,1.257,0.3,1
16,19,0,0.61,0,0.596,1.112,1.257,1.192,0
16,19,1,0.85,1,0.298,1.112,1.257,0.596,0
16,19,2,0.31,2,0.15,1.112,1.257,0.3,1
16,20,0,0.51,0,0.569,0.883,1.257,1.138,1
16,20,1,2.58,1,1.0,0.883,1.257,2.162,0
16,20,2,4.32,2,0.541,0.883,1.257,1.081,0
16,20,3,0.34,3,0.27,0.883,1.257,0.541,1
16,20,4,1.28,4,0.513,0.883,1.257,1.027,0
16,20,5,0.36,5,0.257,0.883,1.257,0.513,1
16,20,6,1.24,6,0.487,0.883,1.257,0.975,0
16,21,0,0.45,0,0.427,1.159,1.257,0.854,0
16,22,0,1.48,0,0.678,1.347,1.257,1.356,1
16,22,1,4.47,1,0.844,1.347,1.257,1.689,0
16,22,2,0.6,2,0.422,1.347,1.257,0.844,1
16,22,3,1.2,3,0.526,1.347,1.257,1.052,0
16,23,0,1.28,0,0.331,1.402,1.257,0.663,0
16,23,1,0.5,1,0.166,1.402,1.257,0.331,0
16,23,2,0.33,2,0.15,1.402,1.257,0.3,1
16,23,3,0.31,3,0.179,1.402,1.257,0.359,0
16,23,4,0.67,4,0.15,1.402,1.257,0.3,0
16,23,5,0.75,5,0.15,1.402,1.257,0.3,0
16,24,0,0.59,0,0.285,1.585,1.257,0.571,0
16,24,1,0.6,1,0.15,1.585,1.257,0.3,0
16,24,2,0.46,2,0.15,1.585,1.257,0.3,0
16,25,0,0.78,0,0.455,1.564,1.257,0.91,0
16,25,1,0.33,1,0.227,1.564,1.257,0.455,0
16,25,2,0.31,2,0.15,1.564,1.257,0.3,0
16,25,3,0.31,3,0.15,1.564,1.257,0.3,0
16,25,4,0.68,4,0.15,1.564,1.257,0.3,0
16,25,5,0.53,5,0.15,1.564,1.257,0.3,1
16,25,6,0.74,6,0.161,1.564,1.257,0.322,0
16,25,7,0.54,7,0.15,1.564,1.257,0.3,0
16,26,0,2.02,0,0.414,1.494,1.257,0.828,0
16,26,1,0.82,1,0.207,1.494,1.257,0.414,0
16,26,2,0.77,2,0.15,1.494,1.257,0.3,0
16,26,3,0.32,3,0.15,1.494,1.257,0.3,0
16,26,4,0.75,4,0.15,1.494,1.257,0.3,0
16,26,5,0.45,5,0.15,1.494,1.257,0.3,0
16,27,0,1.12,0,0.529,0.568,1.257,1.057,0
16,27,1,0.34,1,0.264,0.568,1.257,0.529,1
16,27,2,0.58,2,0.78,0.568,1.257,1.561,0
16,27,3,1.04,3,0.39,0.568,1.257,0.78,0
16,27,4,0.51,4,0.195,0.568,1.257,0.39,0
16,27,5,0.36,5,0.15,0.568,1.257,0.3,1
16,27,6,0.89,6,0.443,0.568,1.257,0.886,0
16,28,0,1.06,0,0.581,1.556,1.257,1.162,0
16,28,1,1.06,1,0.29,1.556,1.257,0.581,0
16,28,2,0.37,2,0.15,1.556,1.257,0.3,0
16,28,3,0.36,3,0.15,1.556,1.257,0.3,1
16,28,4,0.69,4,0.162,1.556,1.257,0.323,0
16,28,5,0.31,5,0.15,1.556,1.257,0.3,1
16,28,6,0.79,6,0.162,1.556,1.257,0.323,0
16,29,0,0.44,0,0.56,0.795,1.257,1.12,1
16,29,1,4.58,1,1.0,0.795,1.257,2.362,1
16,29,2,1.38,2,1.0,0.795,1.257,4.981,1
16,30,0,0.51,0,0.333,0.56,1.257,0.667,1
16,30,1,1.13,1,0.998,0.56,1.257,1.996,0
16,30,2,0.71,2,0.499,0.56,1.257,0.998,0
16,30,3,0.35,3,0.249,0.56,1.257,0.499,0
16,31,0,3.55,0,0.731,1.401,1.257,1.463,1
16,31,1,1.56,1,0.876,1.401,1.257,1.751,1
16,31,2,3.53,2,1.0,1.401,1.257,2.096,0
16,31,3,0.99,3,0.524,1.401,1.257,1.048,0
16,31,4,0.94,4,0.262,1.401,1.257,0.524,0
16,31,5,0.46,5,0.15,1.401,1.257,0.3,0
16,31,6,0.37,6,0.15,1.401,1.257,0.3,0
16,32,0,0.34,0,0.719,1.545,1.257,1.437,1
16,32,1,0.72,1,0.78,1.545,1.257,1.56,0
16,32,2,0.42,2,0.39,1.545,1.257,0.78,0
16,33,0,0.49,0,0.415,1.716,1.257,0.831,0
16,33,1,1.29,1,0.208,1.716,1.257,0.415,0
16,33,2,0.32,2,0.15,1.716,1.257,0.3,0
16,33,3,0.38,3,0.15,1.716,1.257,0.3,0
16,33,4,0.33,4,0.15,1.716,1.257,0.3,0
16,33,5,0.54,5,0.15,1.716,1.257,0.3,0
16,34,0,1.43,0,0.469,1.799,1.257,0.938,0
16,34,1,0.86,1,0.235,1.799,1.257,0.469,0
16,34,2,0.45,2,0.15,1.799,1.257,0.3,0
16,34,3,0.53,3,0.15,1.799,1.257,0.3,0
16,34,4,0.4,4,0.15,1.799,1.257,0.3,0
16,35,0,1.05,0,0.345,1.636,1.257,0.69,0
16,35,1,0.56,1,0.173,1.636,1.257,0.345,0
16,35,2,0.45,2,0.15,1.636,1.257,0.3,0
16,35,3,0.44,3,0.15,1.636,1.257,0.3,0
16,35,4,0.32,4,0.15,1.636,1.257,0.3,0
16,35,5,0.35,5,0.15,1.636,1.257,0.3,0
16,36,0,0.37,0,0.537,0.627,1.257,1.073,0
16,37,0,0.33,0,0.715,0.741,1.257,1.43,1
16,37,1,0.5,1,1.0,0.741,1.257,3.236,1
16,37,2,0.71,2,1.0,0.741,1.257,7.32,1
16,37,3,13.28,3,1.0,0.741,1.257,16.56,0
16,38,0,0.3,0,0.624,1.937,1.257,1.248,1
16,38,1,0.33,1,0.54,1.937,1.257,1.08,1
16,38,2,0.58,2,0.468,1.937,1.257,0.936,0
16,38,3,0.55,3,0.234,1.937,1.257,0.468,1
16,39,0,0.96,0,0.56,1.917,1.257,1.119,0
16,39,1,0.92,1,0.28,1.917,1.257,0.56,0
16,39,2,0.32,2,0.15,1.917,1.257,0.3,0
16,39,3,0.99,3,0.15,1.917,1.257,0.3,0
16,39,4,0.59,4,0.15,1.917,1.257,0.3,0
16,39,5,0.39,5,0.15,1.917,1.257,0.3,0
16,39,6,0.32,6,0.15,1.917,1.257,0.3,0
16,39,7,0.57,7,0.15,1.917,1.257,0.3,0
16,40,0,0.65,0,0.565,1.619,1.257,1.131,1
16,40,1,1.35,1,0.586,1.619,1.257,1.171,0
16,40,2,0.3,2,0.293,1.619,1.257,0.586,1
16,41,0,1.12,0,0.361,1.626,1.257,0.723,1
16,41,1,0.5,1,0.373,1.626,1.257,0.745,1
16,41,2,1.19,2,0.384,1.626,1.257,0.769,0
16,41,3,0.38,3,0.192,1.626,1.257,0.384,0
16,42,0,0.56,0,0.532,1.928,1.257,1.063,1
16,43,0,0.56,0,0.402,0.938,1.257,0.804,1
16,43,1,1.01,1,0.719,0.938,1.257,1.438,0
16,43,2,1.08,2,0.36,0.938,1.257,0.719,0
16,43,3,0.75,3,0.18,0.938,1.257,0.36,0
16,43,4,0.47,4,0.15,0.938,1.257,0.3,0
16,44,0,0.46,0,0.708,1.384,1.257,1.415,1
16,45,0,0.5,0,0.523,1.661,1.257,1.046,1
16,45,1,0.45,1,0.528,1.661,1.257,1.056,0
16,46,0,1.48,0,0.738,1.749,1.257,1.475,1
16,46,1,0.3,1,0.707,1.749,1.257,1.415,1
16,47,0,0.42,0,0.415,0.902,1.257,0.83,0
16,47,1,0.43,1,0.208,0.902,1.257,0.415,0
16,47,2,0.32,2,0.15,0.902,1.257,0.3,0
16,47,3,0.32,3,0.15,0.902,1.257,0.3,0
16,47,4,0.41,4,0.15,0.902,1.257,0.3,0
16,47,5,0.32,5,0.15,0.902,1.257,0.3,1
16,47,6,0.83,6,0.279,0.902,1.257,0.558,0
16,47,7,0.59,7,0.15,0.902,1.257,0.3,1
16,48,0,1.57,0,0.441,1.542,1.257,0.882,0
16,48,1,0.38,1,0.22,1.542,1.257,0.441,1
16,49,0,0.37,0,0.335,1.762,1.257,0.67,0
16,49,1,0.68,1,0.168,1.762,1.257,0.335,0
16,49,2,0.5,2,0.15,1.762,1.257,0.3,0
16,49,3,0.6,3,0.15,1.762,1.257,0.3,0
16,49,4,0.41,4,0.15,1.762,1.257,0.3,0
16,50,0,0.37,0,0.289,1.93,1.257,0.579,0
16,50,1,0.36,1,0.15,1.93,1.257,0.3,0
16,50,2,0.44,2,0.15,1.93,1.257,0.3,0
16,50,3,0.32,3,0.15,1.93,1.257,0.3,1
16,50,4,0.43,4,0.13,1.93,1.257,0.261,0
16,51,0,1.18,0,0.441,1.447,1.257,0.882,0
16,51,1,0.73,1,0.221,1.447,1.257,0.441,1
16,51,2,0.42,2,0.256,1.447,1.257,0.511,0
16,51,3,0.38,3,0.15,1.447,1.257,0.3,0
16,51,4,0.46,4,0.15,1.447,1.257,0.3,0
16,51,5,0.36,5,0.15,1.447,1.257,0.3,0
16,51,6,0.33,6,0.15,1.447,1.257,0.3,0
16,52,0,0.49,0,0.43,1.069,1.257,0.86,1
16,52,1,0.84,1,0.675,1.069,1.257,1.349,0
16,52,2,2.35,2,0.337,1.069,1.257,0.675,0
16,52,3,0.45,3,0.169,1.069,1.257,0.337,0
16,53,0,1.21,0,0.383,1.337,1.257,0.765,0
16,53,1,0.51,1,0.191,1.337,1.257,0.383,1
16,53,2,0.33,2,0.24,1.337,1.257,0.48,1
16,53,3,0.44,3,0.301,1.337,1.257,0.602,0
16,53,4,0.49,4,0.15,1.337,1.257,0.301,0
16,53,5,0.57,5,0.15,1.337,1.257,0.3,0
16,53,6,0.5,6,0.15,1.337,1.257,0.3,0
16,54,0,1.45,0,0.557,0.505,1.257,1.113,0
16,54,1,1.43,1,0.278,0.505,1.257,0.557,0
16,54,2,0.44,2,0.15,0.505,1.257,0.3,1
16,54,3,0.6,3,0.498,0.505,1.257,0.996,1
16,54,4,3.5,4,1.0,0.505,1.257,3.304,1
16,54,5,2.47,5,1.0,0.505,1.257,10.966,1
16,54,6,29.92,6,1.0,0.505,1.257,36.395,0
16,55,0,0.96,0,0.469,1.049,1.257,0.938,0
16,55,1,0.65,1,0.234,1.049,1.257,0.469,1
16,55,2,0.46,2,0.375,1.049,1.257,0.75,1
16,56,0,1.39,0,0.569,1.708,1.257,1.138,0
16,56,1,0.45,1,0.285,1.708,1.257,0.569,0
16,56,2,0.33,2,0.15,1.708,1.257,0.3,0
16,56,3,0.51,3,0.15,1.708,1.257,0.3,1
16,56,4,0.38,4,0.147,1.708,1.257,0.295,1
16,56,5,0.36,5,0.145,1.708,1.257,0.289,1
16,57,0,0.62,0,0.359,1.635,1.257,0.718,0
16,57,1,0.37,1,0.18,1.635,1.257,0.359,0
16,57,2,0.62,2,0.15,1.635,1.257,0.3,0
16,57,3,1.14,3,0.15,1.635,1.257,0.3,0
16,58,0,0.8,0,0.602,1.971,1.257,1.204,0
16,58,1,0.63,1,0.301,1.971,1.257,0.602,1
16,58,2,1.07,2,0.256,1.971,1.257,0.512,0
16,58,3,0.5,3,0.15,1.971,1.257,0.3,0
16,58,4,0.47,4,0.15,1.971,1.257,0.3,1
16,58,5,0.39,5,0.128,1.971,1.257,0.255,0
16,58,6,0.52,6,0.15,1.971,1.257,0.3,1
16,59,0,0.75,0,0.686,0.598,1.257,1.372,0
16,59,1,0.74,1,0.343,0.598,1.257,0.686,1
16,59,2,0.41,2,0.961,0.598,1.257,1.923,0
16,59,3,0.69,3,0.481,0.598,1.257,0.961,0
16,59,4,0.56,4,0.24,0.598,1.257,0.481,1
16,59,5,0.55,5,0.674,0.598,1.257,1.347,1
16,59,6,0.7,6,1.0,0.598,1.257,3.777,1
16,59,7,30.28,7,1.0,0.598,1.257,10.589,0
17,0,0,0.46,0,0.514,0.978,0.769,1.028,0
17,0,1,0.43,1,0.257,0.978,0.769,0.514,1
17,0,2,0.38,2,0.402,0.978,0.769,0.804,1
17,0,3,1.4,3,0.63,0.978,0.769,1.259,1
17,0,4,5.97,4,0.986,0.978,0.769,1.972,0
17,1,0,0.58,0,0.406,0.654,0.769,0.813,0
17,1,1,0.34,1,0.203,0.654,0.769,0.406,0
17,1,2,0.77,2,0.15,0.654,0.769,0.3,0
17,1,3,0.38,3,0.15,0.654,0.769,0.3,0
17,1,4,0.46,4,0.15,0.654,0.769,0.3,0
17,1,5,0.49,5,0.15,0.654,0.769,0.3,0
17,1,6,0.87,6,0.15,0.654,0.769,0.3,0
17,1,7,0.32,7,0.15,0.654,0.769,0.3,0
17,2,0,0.76,0,0.503,1.523,0.769,1.006,1
17,2,1,0.53,1,0.505,1.523,0.769,1.011,1
17,2,2,0.67,2,0.508,1.523,0.769,1.016,1
17,2,3,0.66,3,0.511,1.523,0.769,1.022,0
17,3,0,0.42,0,0.417,0.572,0.769,0.835,0
17,3,1,0.93,1,0.209,0.572,0.769,0.417,0
17,3,2,0.52,2,0.15,0.572,0.769,0.3,0
17,3,3,0.86,3,0.15,0.572,0.769,0.3,0
17,3,4,0.33,4,0.15,0.572,0.769,0.3,0
17,3,5,0.47,5,0.15,0.572,0.769,0.3,0
17,3,6,0.43,6,0.15,0.572,0.769,0.3,0
17,4,0,1.13,0,0.523,1.785,0.769,1.046,0
17,4,1,0.48,1,0.262,1.785,0.769,0.523,0
17,4,2,0.31,2,0.15,1.785,0.769,0.3,0
17,4,3,0.46,3,0.15,1.785,0.769,0.3,0
17,4,4,0.9,4,0.15,1.785,0.769,0.3,0
17,4,5,0.33,5,0.15,1.785,0.769,0.3,0
17,4,6,0.78,6,0.15,1.785,0.769,0.3,1
17,5,0,0.98,0,0.312,1.414,0.769,0.625,0
17,5,1,0.4,1,0.156,1.414,0.769,0.312,1
17,6,0,1.46,0,0.411,1.598,0.769,0.821,0
17,6,1,0.56,1,0.205,1.598,0.769,0.411,0
17,6,2,0.31,2,0.15,1.598,0.769,0.3,0
17,6,3,0.7,3,0.15,1.598,0.769,0.3,0
17,6,4,0.56,4,0.15,1.598,0.769,0.3,0
17,7,0,0.67,0,0.478,1.607,0.769,0.955,1
17,7,1,0.33,1,0.455,1.607,0.769,0.91,1
17,7,2,1.06,2,0.433,1.607,0.769,0.867,0
17,7,3,0.47,3,0.217,1.607,0.769,0.433,1
17,7,4,0.31,4,0.206,1.607,0.769,0.413,0
17,7,5,0.93,5,0.15,1.607,0.769,0.3,0
17,7,6,0.52,6,0.15,1.607,0.769,0.3,0
17,8,0,0.89,0,0.687,1.451,0.769,1.374,0
17,8,1,0.37,1,0.343,1.451,0.769,0.687,1
17,8,2,0.35,2,0.362,1.451,0.769,0.725,1
17,8,3,0.46,3,0.382,1.451,0.769,0.764,1
17,8,4,0.39,4,0.403,1.451,0.769,0.806,0
17,8,5,0.34,5,0.202,1.451,0.769,0.403,1
17,8,6,0.55,6,0.213,1.451,0.769,0.425,1
17,9,0,2.24,0,0.298,1.861,0.769,0.596,0
17,10,0,0.42,0,0.503,0.691,0.769,1.006,1
17,11,0,0.98,0,0.574,1.716,0.769,1.148,0
17,11,1,0.76,1,0.287,1.716,0.769,0.574,1
17,11,2,0.55,2,0.256,1.716,0.769,0.512,0
17,11,3,0.56,3,0.15,1.716,0.769,0.3,0
17,12,0,0.49,0,0.676,0.735,0.769,1.353,1
17,12,1,0.42,1,1.0,0.735,0.769,2.817,0
17,12,2,3.32,2,0.704,0.735,0.769,1.409,0
17,12,3,0.61,3,0.352,0.735,0.769,0.704,1
17,12,4,0.82,4,0.733,0.735,0.769,1.466,0
17,13,0,0.31,0,0.326,1.013,0.769,0.653,0
17,13,1,0.48,1,0.163,1.013,0.769,0.326,0
17,13,2,0.39,2,0.15,1.013,0.769,0.3,0
17,13,3,0.5,3,0.15,1.013,0.769,0.3,0
17,13,4,0.38,4,0.15,1.013,0.769,0.3,0
17,13,5,0.86,5,0.15,1.013,0.769,0.3,0
17,13,6,0.33,6,0.15,1.013,0.769,0.3,1
17,14,0,0.54,0,0.34,1.398,0.769,0.68,1
17,14,1,0.67,1,0.372,1.398,0.769,0.745,0
17,14,2,0.56,2,0.186,1.398,0.769,0.372,0
17,14,3,0.55,3,0.15,1.398,0.769,0.3,0
17,14,4,0.46,4,0.15,1.398,0.769,0.3,0
17,14,5,0.71,5,0.15,1.398,0.769,0.3,0
17,14,6,0.41,6,0.15,1.398,0.769,0.3,0
17,15,0,0.67,0,0.256,1.44,0.769,0.511,0
17,15,1,0.34,1,0.15,1.44,0.769,0.3,1
17,15,2,0.3,2,0.159,1.44,0.769,0.319,0
17,15,3,0.56,3,0.15,1.44,0.769,0.3,0
17,16,0,0.69,0,0.343,0.928,0.769,0.685,0
17,16,1,0.4,1,0.171,0.928,0.769,0.343,0
17,16,2,0.53,2,0.15,0.928,0.769,0.3,0
17,16,3,0.7,3,0.15,0.928,0.769,0.3,0
17,16,4,0.35,4,0.15,0.928,0.769,0.3,1
17,17,0,0.31,0,0.314,1.957,0.769,0.628,1
17,17,1,0.62,1,0.246,1.957,0.769,0.491,0
17,17,2,0.9,2,0.15,1.957,0.769,0.3,0
17,18,0,1.18,0,0.729,0.84,0.769,1.457,0
17,18,1,1.14,1,0.364,0.84,0.769,0.729,0
17,18,2,0.73,2,0.182,0.84,0.769,0.364,0
17,18,3,0.31,3,0.15,0.84,0.769,0.3,0
17,18,4,0.52,4,0.15,0.84,0.769,0.3,0
17,18,5,0.53,5,0.15,0.84,0.769,0.3,0
17,18,6,0.37,6,0.15,0.84,0.769,0.3,0
17,18,7,0.94,7,0.15,0.84,0.769,0.3,0
17,19,0,0.31,0,0.622,1.064,0.769,1.243,1
17,19,1,0.37,1,0.894,1.064,0.769,1.788,1
17,19,2,3.09,2,1.0,1.064,0.769,2.572,1
17,19,3,9.09,3,1.0,1.064,0.769,3.7,0
17,20,0,0.8,0,0.376,1.986,0.769,0.753,0
17,20,1,0.37,1,0.188,1.986,0.769,0.376,0
17,20,2,0.65,2,0.15,1.986,0.769,0.3,0
17,20,3,0.34,3,0.15,1.986,0.769,0.3,0
17,21,0,0.48,0,0.721,0.635,0.769,1.442,0
17,21,1,0.33,1,0.36,0.635,0.769,0.721,1
17,21,2,0.73,2,0.869,0.635,0.769,1.737,1
17,21,3,9.56,3,1.0,0.635,0.769,4.187,0
17,21,4,0.78,4,1.0,0.635,0.769,2.093,1
17,21,5,1.37,5,1.0,0.635,0.769,5.045,1
17,21,6,4.93,6,1.0,0.635,0.769,12.159,1
17,22,0,0.5,0,0.345,1.482,0.769,0.689,0
17,22,1,0.66,1,0.172,1.482,0.769,0.345,0
17,22,2,0.36,2,0.15,1.482,0.769,0.3,0
17,22,3,0.9,3,0.15,1.482,0.769,0.3,0
17,22,4,0.51,4,0.15,1.482,0.769,0.3,0
17,22,5,0.49,5,0.15,1.482,0.769,0.3,0
17,22,6,0.32,6,0.15,1.482,0.769,0.3,1
17,22,7,0.41,7,0.155,1.482,0.769,0.31,1
17,23,0,0.55,0,0.388,0.553,0.769,0.776,0
17,23,1,0.39,1,0.194,0.553,0.769,0.388,0
17,23,2,0.4,2,0.15,0.553,0.769,0.3,0
17,23,3,0.34,3,0.15,0.553,0.769,0.3,0
17,23,4,0.6,4,0.15,0.553,0.769,0.3,0
17,23,5,0.48,5,0.15,0.553,0.769,0.3,0
17,23,6,1.0,6,0.15,0.553,0.769,0.3,0
17,23,7,0.52,7,0.15,0.553,0.769,0.3,0
17,24,0,1.22,0,0.403,1.091,0.769,0.807,0
17,25,0,1.08,0,0.733,0.702,0.769,1.465,0
17,25,1,1.02,1,0.366,0.702,0.769,0.733,0
17,25,2,1.01,2,0.183,0.702,0.769,0.366,0
17,25,3,0.63,3,0.15,0.702,0.769,0.3,0
17,25,4,0.41,4,0.15,0.702,0.769,0.3,1
17,26,0,0.48,0,0.282,1.462,0.769,0.564,0
17,26,1,0.34,1,0.15,1.462,0.769,0.3,1
17,26,2,0.31,2,0.157,1.462,0.769,0.314,1
17,26,3,0.55,3,0.164,1.462,0.769,0.329,1
17,26,4,0.34,4,0.172,1.462,0.769,0.344,1
17,26,5,0.4,5,0.18,1.462,0.769,0.361,0
17,26,6,0.4,6,0.15,1.462,0.769,0.3,0
17,27,0,1.5,0,0.598,1.612,0.769,1.197,0
17,27,1,0.73,1,0.299,1.612,0.769,0.598,0
17,27,2,0.43,2,0.15,1.612,0.769,0.3,1
17,27,3,0.38,3,0.142,1.612,0.769,0.285,0
17,27,4,0.48,4,0.15,1.612,0.769,0.3,0
17,27,5,0.66,5,0.15,1.612,0.769,0.3,0
17,27,6,0.35,6,0.15,1.612,0.769,0.3,0
17,28,0,0.34,0,0.281,0.995,0.769,0.562,1
17,28,1,0.49,1,0.432,0.995,0.769,0.865,1
17,28,2,1.32,2,0.666,0.995,0.769,1.331,1
17,29,0,2.6,0,0.546,1.112,0.769,1.093,0
17,29,1,0.72,1,0.273,1.112,0.769,0.546,0
17,29,2,0.75,2,0.15,1.112,0.769,0.3,0
17,29,3,0.54,3,0.15,1.112,0.769,0.3,0
17,30,0,1.2,0,0.265,0.708,0.769,0.531,0
17,30,1,0.68,1,0.15,0.708,0.769,0.3,0
17,30,2,0.31,2,0.15,0.708,0.769,0.3,0
17,30,3,0.33,3,0.15,0.708,0.769,0.3,0
17,30,4,0.35,4,0.15,0.708,0.769,0.3,0
17,30,5,0.39,5,0.15,0.708,0.769,0.3,0
17,31,0,2.0,0,0.599,1.968,0.769,1.198,0
17,31,1,0.32,1,0.3,1.968,0.769,0.599,0
17,31,2,0.38,2,0.15,1.968,0.769,0.3,0
17,31,3,0.67,3,0.15,1.968,0.769,0.3,0
17,32,0,0.56,0,0.37,1.082,0.769,0.74,0
17,32,1,1.37,1,0.185,1.082,0.769,0.37,0
17,32,2,0.44,2,0.15,1.082,0.769,0.3,0
17,32,3,0.35,3,0.15,1.082,0.769,0.3,0
17,32,4,0.46,4,0.15,1.082,0.769,0.3,0
17,33,0,0.33,0,0.266,0.79,0.769,0.532,1
17,33,1,0.83,1,0.515,0.79,0.769,1.03,0
17,33,2,1.19,2,0.258,0.79,0.769,0.515,0
17,34,0,1.28,0,0.686,1.723,0.769,1.372,1
17,34,1,1.11,1,0.609,1.723,0.769,1.219,0
17,34,2,0.68,2,0.305,1.723,0.769,0.609,1
17,34,3,0.52,3,0.271,1.723,0.769,0.541,1
17,34,4,0.31,4,0.24,1.723,0.769,0.481,0
17,34,5,0.44,5,0.15,1.723,0.769,0.3,0
17,35,0,1.14,0,0.605,1.31,0.769,1.21,0
17,35,1,0.54,1,0.303,1.31,0.769,0.605,1
17,35,2,0.49,2,0.354,1.31,0.769,0.707,1
17,35,3,0.52,3,0.413,1.31,0.769,0.826,0
17,36,0,0.34,0,0.616,1.506,0.769,1.232,0
17,36,1,1.77,1,0.308,1.506,0.769,0.616,0
17,36,2,0.49,2,0.154,1.506,0.769,0.308,0
17,36,3,0.42,3,0.15,1.506,0.769,0.3,0
17,36,4,0.63,4,0.15,1.506,0.769,0.3,0
17,36,5,0.83,5,0.15,1.506,0.769,0.3,1
17,37,0,0.42,0,0.744,1.103,0.769,1.488,1
17,37,1,0.7,1,1.0,1.103,0.769,2.067,1
17,37,2,1.95,2,1.0,1.103,0.769,2.869,0
17,38,0,0.9,0,0.695,1.174,0.769,1.391,0
17,38,1,0.51,1,0.348,1.174,0.769,0.695,1
17,38,2,0.44,2,0.453,1.174,0.769,0.907,1
17,38,3,0.5,3,0.591,1.174,0.769,1.183,1
17,39,0,0.74,0,0.333,0.841,0.769,0.667,1
17,39,1,0.39,1,0.607,0.841,0.769,1.213,0
17,39,2,1.06,2,0.303,0.841,0.769,0.607,0
17,39,3,0.34,3,0.152,0.841,0.769,0.303,0
17,39,4,0.62,4,0.15,0.841,0.769,0.3,0
17,39,5,0.34,5,0.15,0.841,0.769,0.3,1
17,39,6,0.34,6,0.273,0.841,0.769,0.546,0
17,40,0,0.5,0,0.333,0.95,0.769,0.666,1
17,40,1,1.43,1,0.537,0.95,0.769,1.074,0
17,40,2,0.94,2,0.269,0.95,0.769,0.537,1
17,40,3,0.44,3,0.433,0.95,0.769,0.866,1
17,40,4,3.36,4,0.698,0.95,0.769,1.396,0
17,41,0,0.65,0,0.681,1.526,0.769,1.362,0
17,41,1,0.47,1,0.341,1.526,0.769,0.681,1
17,42,0,0.9,0,0.524,1.909,0.769,1.049,1
17,42,1,2.06,1,0.42,1.909,0.769,0.841,0
17,42,2,0.51,2,0.21,1.909,0.769,0.42,0
17,43,0,0.36,0,0.28,0.829,0.769,0.561,0
17,43,1,0.94,1,0.15,0.829,0.769,0.3,0
17,43,2,0.32,2,0.15,0.829,0.769,0.3,0
17,44,0,0.56,0,0.737,0.57,0.769,1.474,1
17,44,1,2.53,1,1.0,0.57,0.769,3.958,0
17,44,2,3.54,2,0.99,0.57,0.769,1.979,1
17,44,3,4.41,3,1.0,0.57,0.769,5.313,1
17,44,4,4.64,4,1.0,0.57,0.769,14.265,1
17,44,5,2.69,5,1.0,0.57,0.769,38.299,1
17,45,0,1.4,0,0.399,1.609,0.769,0.798,0
17,45,1,0.37,1,0.2,1.609,0.769,0.399,1
17,46,0,0.5,0,0.64,1.539,0.769,1.28,0
17,46,1,1.28,1,0.32,1.539,0.769,0.64,0
17,46,2,0.54,2,0.16,1.539,0.769,0.32,0
17,46,3,0.47,3,0.15,1.539,0.769,0.3,0
17,46,4,0.37,4,0.15,1.539,0.769,0.3,0
17,47,0,0.71,0,0.305,0.805,0.769,0.611,0
17,47,1,0.45,1,0.153,0.805,0.769,0.305,0
17,47,2,0.59,2,0.15,0.805,0.769,0.3,0
17,47,3,0.61,3,0.15,0.805,0.769,0.3,0
17,47,4,0.31,4,0.15,0.805,0.769,0.3,0
17,48,0,0.79,0,0.314,0.734,0.769,0.628,0
17,48,1,0.84,1,0.157,0.734,0.769,0.314,0
17,48,2,0.59,2,0.15,0.734,0.769,0.3,0
17,48,3,0.33,3,0.15,0.734,0.769,0.3,0
17,48,4,0.33,4,0.15,0.734,0.769,0.3,0
17,49,0,1.19,0,0.716,0.959,0.769,1.431,1
17,49,1,0.69,1,1.0,0.959,0.769,2.285,0
17,49,2,0.91,2,0.571,0.959,0.769,1.143,1
17,49,3,0.32,3,0.912,0.959,0.769,1.824,1
17,49,4,2.99,4,1.0,0.959,0.769,2.913,1
17,49,5,3.31,5,1.0,0.959,0.769,4.651,0
17,49,6,1.01,6,1.0,0.959,0.769,2.325,0
17,50,0,0.71,0,0.278,1.384,0.769,0.555,1
17,50,1,0.5,1,0.307,1.384,0.769,0.614,0
17,50,2,0.43,2,0.154,1.384,0.769,0.307,0
17,50,3,0.3,3,0.15,1.384,0.769,0.3,0
17,51,0,0.54,0,0.692,1.424,0.769,1.385,1
17,51,1,1.25,1,0.744,1.424,0.769,1.489,1
17,51,2,3.47,2,0.8,1.424,0.769,1.6,0
17,51,3,0.3,3,0.4,1.424,0.769,0.8,1
17,52,0,1.73,0,0.553,1.054,0.769,1.107,1
17,52,1,1.93,1,0.803,1.054,0.769,1.607,0
17,52,2,0.52,2,0.402,1.054,0.769,0.803,0
17,52,3,0.5,3,0.201,1.054,0.769,0.402,1
17,53,0,0.35,0,0.55,0.542,0.769,1.1,0
17,53,1,0.38,1,0.275,0.542,0.769,0.55,1
17,53,2,1.05,2,0.777,0.542,0.769,1.553,1
17,53,3,5.33,3,1.0,0.542,0.769,4.386,0
17,53,4,2.85,4,1.0,0.542,0.769,2.193,0
17,53,5,0.39,5,0.548,0.542,0.769,1.097,1
17,53,6,4.32,6,1.0,0.542,0.769,3.097,0
17,54,0,3.87,0,0.703,1.15,0.769,1.405,0
17,54,1,0.61,1,0.351,1.15,0.769,0.703,0
17,54,2,1.59,2,0.176,1.15,0.769,0.351,1
17,54,3,0.84,3,0.234,1.15,0.769,0.468,0
17,54,4,0.33,4,0.15,1.15,0.769,0.3,0
17,54,5,0.53,5,0.15,1.15,0.769,0.3,0
17,54,6,0.35,6,0.15,1.15,0.769,0.3,0
17,55,0,1.47,0,0.734,1.499,0.769,1.468,0
17,55,1,0.98,1,0.367,1.499,0.769,0.734,0
17,55,2,0.5,2,0.183,1.499,0.769,0.367,0
17,55,3,0.32,3,0.15,1.499,0.769,0.3,0
17,55,4,0.79,4,0.15,1.499,0.769,0.3,0
17,55,5,0.66,5,0.15,1.499,0.769,0.3,0
17,55,6,0.36,6,0.15,1.499,0.769,0.3,0
17,55,7,0.32,7,0.15,1.499,0.769,0.3,0
17,56,0,1.96,0,0.701,0.97,0.769,1.402,0
17,56,1,0.3,1,0.351,0.97,0.769,0.701,0
17,56,2,0.35,2,0.175,0.97,0.769,0.351,0
17,56,3,0.66,3,0.15,0.97,0.769,0.3,0
17,56,4,0.47,4,0.15,0.97,0.769,0.3,0
17,56,5,0.37,5,0.15,0.97,0.769,0.3,1
17,56,6,0.35,6,0.237,0.97,0.769,0.473,1
17,57,0,0.88,0,0.615,0.867,0.769,1.231,0
17,57,1,1.47,1,0.308,0.867,0.769,0.615,0
17,57,2,0.52,2,0.154,0.867,0.769,0.308,1
17,57,3,1.11,3,0.271,0.867,0.769,0.543,0
17,57,4,0.6,4,0.15,0.867,0.769,0.3,0
17,57,5,0.38,5,0.15,0.867,0.769,0.3,1
17,58,0,0.62,0,0.33,1.587,0.769,0.66,0
17,58,1,0.55,1,0.165,1.587,0.769,0.33,0
17,58,2,0.37,2,0.15,1.587,0.769,0.3,0
17,58,3,0.37,3,0.15,1.587,0.769,0.3,0
17,58,4,0.39,4,0.15,1.587,0.769,0.3,0
17,59,0,1.46,0,0.618,0.948,0.769,1.236,0
17,59,1,0.33,1,0.309,0.948,0.769,0.618,0
17,59,2,0.32,2,0.155,0.948,0.769,0.309,0
17,59,3,0.38,3,0.15,0.948,0.769,0.3,1
17,59,4,1.21,4,0.242,0.948,0.769,0.484,0
17,59,5,0.84,5,0.15,0.948,0.769,0.3,0
17,59,6,0.61,6,0.15,0.948,0.769,0.3,0
18,0,0,0.9,0,0.36,1.066,1.219,0.72,1
18,0,1,0.82,1,0.563,1.066,1.219,1.125,0
18,0,2,0.93,2,0.281,1.066,1.219,0.563,1
18,0,3,0.58,3,0.44,1.066,1.219,0.879,1
18,0,4,0.66,4,0.687,1.066,1.219,1.374,0
18,0,5,0.96,5,0.344,1.066,1.219,0.687,0
18,0,6,0.31,6,0.172,1.066,1.219,0.344,1
18,1,0,0.89,0,0.625,1.076,1.219,1.25,1
18,1,1,1.89,1,0.968,1.076,1.219,1.935,0
18,1,2,0.5,2,0.484,1.076,1.219,0.968,0
18,1,3,0.78,3,0.242,1.076,1.219,0.484,0
18,2,0,0.66,0,0.346,1.942,1.219,0.692,0
18,2,1,0.34,1,0.173,1.942,1.219,0.346,0
18,2,2,0.71,2,0.15,1.942,1.219,0.3,0
18,2,3,0.37,3,0.15,1.942,1.219,0.3,0
18,2,4,0.33,4,0.15,1.942,1.219,0.3,0
18,2,5,0.58,5,0.15,1.942,1.219,0.3,0
18,3,0,0.37,0,0.392,1.855,1.219,0.783,1
18,3,1,0.61,1,0.352,1.855,1.219,0.703,1
18,3,2,0.65,2,0.316,1.855,1.219,0.631,0
18,3,3,0.44,3,0.158,1.855,1.219,0.316,0
18,3,4,0.72,4,0.15,1.855,1.219,0.3,0
18,3,5,0.39,5,0.15,1.855,1.219,0.3,0
18,4,0,0.64,0,0.601,0.992,1.219,1.202,0
18,4,1,0.33,1,0.3,0.992,1.219,0.601,0
18,5,0,0.95,0,0.278,0.637,1.219,0.556,0
18,5,1,0.3,1,0.15,0.637,1.219,0.3,1
18,5,2,1.7,2,0.392,0.637,1.219,0.784,0
18,5,3,0.84,3,0.196,0.637,1.219,0.392,0
18,5,4,0.85,4,0.15,0.637,1.219,0.3,0
18,6,0,0.93,0,0.708,0.916,1.219,1.416,0
18,7,0,0.32,0,0.622,1.89,1.219,1.244,0
18,7,1,0.32,1,0.311,1.89,1.219,0.622,1
18,7,2,0.43,2,0.274,1.89,1.219,0.548,1
18,7,3,0.39,3,0.241,1.89,1.219,0.483,1
18,8,0,1.39,0,0.58,1.38,1.219,1.16,1
18,8,1,0.52,1,0.7,1.38,1.219,1.399,1
18,8,2,2.17,2,0.844,1.38,1.219,1.689,0
18,8,3,0.36,3,0.422,1.38,1.219,0.844,0
18,8,4,0.35,4,0.211,1.38,1.219,0.422,1
18,8,5,0.51,5,0.255,1.38,1.219,0.51,0
18,8,6,0.61,6,0.15,1.38,1.219,0.3,0
18,8,7,0.75,7,0.15,1.38,1.219,0.3,0
18,9,0,0.66,0,0.294,1.314,1.219,0.589,0
18,9,1,1.1,1,0.15,1.314,1.219,0.3,0
18,9,2,0.67,2,0.15,1.314,1.219,0.3,0
18,9,3,0.66,3,0.15,1.314,1.219,0.3,0
18,10,0,0.32,0,0.278,0.885,1.219,0.556,0
18,10,1,0.75,1,0.15,0.885,1.219,0.3,0
18,10,2,0.42,2,0.15,0.885,1.219,0.3,0
18,10,3,0.33,3,0.15,0.885,1.219,0.3,0
18,10,4,0.45,4,0.15,0.885,1.219,0.3,0
18,11,0,1.58,0,0.435,1.19,1.219,0.871,0
18,12,0,1.23,0,0.518,1.835,1.219,1.035,1
18,12,1,1.15,1,0.47,1.835,1.219,0.94,1
18,12,2,0.4,2,0.427,1.835,1.219,0.853,1
18,13,0,1.52,0,0.429,0.782,1.219,0.859,0
18,14,0,0.63,0,0.741,1.445,1.219,1.482,1
18,14,1,1.38,1,0.854,1.445,1.219,1.708,0
18,14,2,0.32,2,0.427,1.445,1.219,0.854,0
18,14,3,0.53,3,0.214,1.445,1.219,0.427,1
18,15,0,1.71,0,0.733,1.105,1.219,1.466,0
18,16,0,0.64,0,0.469,0.64,1.219,0.937,1
18,16,1,2.83,1,1.0,0.64,1.219,2.44,0
18,16,2,1.11,2,0.61,0.64,1.219,1.22,0
18,16,3,0.77,3,0.305,0.64,1.219,0.61,0
18,16,4,0.39,4,0.152,0.64,1.219,0.305,0
18,16,5,0.61,5,0.15,0.64,1.219,0.3,0
18,17,0,0.7,0,0.455,0.902,1.219,0.91,0
18,17,1,0.55,1,0.228,0.902,1.219,0.455,0
18,18,0,0.78,0,0.307,1.367,1.219,0.614,0
18,18,1,0.63,1,0.153,1.367,1.219,0.307,0
18,18,2,0.92,2,0.15,1.367,1.219,0.3,0
18,18,3,0.66,3,0.15,1.367,1.219,0.3,0
18,18,4,0.34,4,0.15,1.367,1.219,0.3,0
18,18,5,0.55,5,0.15,1.367,1.219,0.3,1
18,18,6,0.45,6,0.183,1.367,1.219,0.366,1
18,19,0,1.42,0,0.7,0.962,1.219,1.4,0
18,19,1,0.31,1,0.35,0.962,1.219,0.7,0
18,19,2,0.43,2,0.175,0.962,1.219,0.35,0
18,19,3,0.35,3,0.15,0.962,1.219,0.3,0
18,19,4,0.57,4,0.15,0.962,1.219,0.3,1
18,19,5,0.49,5,0.26,0.962,1.219,0.52,0
18,19,6,0.42,6,0.15,0.962,1.219,0.3,0
18,20,0,0.69,0,0.315,1.956,1.219,0.63,0
18,20,1,0.46,1,0.157,1.956,1.219,0.315,1
18,20,2,0.7,2,0.134,1.956,1.219,0.268,0
18,20,3,0.71,3,0.15,1.956,1.219,0.3,0
18,20,4,0.35,4,0.15,1.956,1.219,0.3,0
18,21,0,0.95,0,0.709,0.536,1.219,1.419,0
18,21,1,0.9,1,0.355,0.536,1.219,0.709,0
18,21,2,0.83,2,0.177,0.536,1.219,0.355,0
18,21,3,0.3,3,0.15,0.536,1.219,0.3,0
18,22,0,0.42,0,0.312,1.734,1.219,0.623,1
18,22,1,1.71,1,0.299,1.734,1.219,0.599,0
18,22,2,0.44,2,0.15,1.734,1.219,0.3,0
18,23,0,0.76,0,0.674,1.471,1.219,1.347,1
18,23,1,0.37,1,0.763,1.471,1.219,1.526,1
18,23,2,1.87,2,0.864,1.471,1.219,1.728,0
18,23,3,0.39,3,0.432,1.471,1.219,0.864,0
18,23,4,0.44,4,0.216,1.471,1.219,0.432,1
18,23,5,0.3,5,0.245,1.471,1.219,0.489,1
18,24,0,0.41,0,0.698,0.656,1.219,1.396,1
18,25,0,0.65,0,0.258,1.979,1.219,0.515,0
18,25,1,0.39,1,0.15,1.979,1.219,0.3,1
18,25,2,0.39,2,0.126,1.979,1.219,0.252,0
18,25,3,0.31,3,0.15,1.979,1.219,0.3,0
18,26,0,1.16,0,0.34,0.995,1.219,0.68,0
18,26,1,1.16,1,0.17,0.995,1.219,0.34,0
18,26,2,0.3,2,0.15,0.995,1.219,0.3,0
18,26,3,1.13,3,0.15,0.995,1.219,0.3,1
18,26,4,0.59,4,0.251,0.995,1.219,0.502,1
18,26,5,0.34,5,0.42,0.995,1.219,0.84,1
18,26,6,1.35,6,0.703,0.995,1.219,1.405,0
18,26,7,0.82,7,0.351,0.995,1.219,0.703,0
18,27,0,0.45,0,0.579,0.909,1.219,1.158,1
18,27,1,1.13,1,1.0,0.909,1.219,2.122,0
18,27,2,2.36,2,0.53,0.909,1.219,1.061,0
18,27,3,0.39,3,0.265,0.909,1.219,0.53,0
18,27,4,0.84,4,0.15,0.909,1.219,0.3,0
18,27,5,0.63,5,0.15,0.909,1.219,0.3,0
18,27,6,0.31,6,0.15,0.909,1.219,0.3,1
18,28,0,0.89,0,0.382,1.366,1.219,0.765,0
18,28,1,0.41,1,0.191,1.366,1.219,0.382,1
18,28,2,1.15,2,0.233,1.366,1.219,0.466,0
18,28,3,0.39,3,0.15,1.366,1.219,0.3,1
18,29,0,0.81,0,0.748,0.767,1.219,1.495,1
18,29,1,1.39,1,1.0,0.767,1.219,3.249,1
18,29,2,1.28,2,1.0,0.767,1.219,7.059,1
18,29,3,20.16,3,1.0,0.767,1.219,15.338,0
18,29,4,3.46,4,1.0,0.767,1.219,7.669,0
18,29,5,1.24,5,1.0,0.767,1.219,3.834,1
18,29,6,6.04,6,1.0,0.767,1.219,8.331,1
18,30,0,0.47,0,0.388,1.427,1.219,0.776,0
18,30,1,0.58,1,0.194,1.427,1.219,0.388,0
18,30,2,0.3,2,0.15,1.427,1.219,0.3,0
18,30,3,0.47,3,0.15,1.427,1.219,0.3,0
18,30,4,0.56,4,0.15,1.427,1.219,0.3,0
18,30,5,0.53,5,0.15,1.427,1.219,0.3,0
18,30,6,0.34,6,0.15,1.427,1.219,0.3,1
18,30,7,0.58,7,0.175,1.427,1.219,0.35,1
18,31,0,1.12,0,0.36,1.393,1.219,0.72,0
18,31,1,0.64,1,0.18,1.393,1.219,0.36,0
18,31,2,0.36,2,0.15,1.393,1.219,0.3,0
18,32,0,0.46,0,0.277,1.283,1.219,0.553,0
18,32,1,0.77,1,0.15,1.283,1.219,0.3,0
18,32,2,0.59,2,0.15,1.283,1.219,0.3,0
18,32,3,0.3,3,0.15,1.283,1.219,0.3,0
18,32,4,0.47,4,0.15,1.283,1.219,0.3,0
18,32,5,0.67,5,0.15,1.283,1.219,0.3,0
18,32,6,0.33,6,0.15,1.283,1.219,0.3,0
18,32,7,0.43,7,0.15,1.283,1.219,0.3,1
18,33,0,1.6,0,0.649,1.783,1.219,1.297,0
18,33,1,2.22,1,0.324,1.783,1.219,0.649,1
18,33,2,0.88,2,0.303,1.783,1.219,0.606,0
18,33,3,0.36,3,0.151,1.783,1.219,0.303,0
18,34,0,0.71,0,0.563,1.037,1.219,1.126,1
18,34,1,0.87,1,0.904,1.037,1.219,1.809,1
18,35,0,0.39,0,0.348,1.12,1.219,0.697,0
18,35,1,0.41,1,0.174,1.12,1.219,0.348,0
18,35,2,0.57,2,0.15,1.12,1.219,0.3,0
18,35,3,0.46,3,0.15,1.12,1.219,0.3,1
18,36,0,2.68,0,0.565,1.306,1.219,1.129,0
18,37,0,1.11,0,0.613,1.269,1.219,1.226,1
18,37,1,1.0,1,0.804,1.269,1.219,1.609,1
18,37,2,0.95,2,1.0,1.269,1.219,2.112,0
18,37,3,1.88,3,0.528,1.269,1.219,1.056,1
18,37,4,1.65,4,0.693,1.269,1.219,1.386,0
18,38,0,0.99,0,0.272,1.987,1.219,0.544,0
18,38,1,0.41,1,0.15,1.987,1.219,0.3,0
18,38,2,0.37,2,0.15,1.987,1.219,0.3,0
18,38,3,0.34,3,0.15,1.987,1.219,0.3,1
18,38,4,0.4,4,0.126,1.987,1.219,0.251,0
18,39,0,1.52,0,0.645,1.855,1.219,1.291,0
18,39,1,0.48,1,0.323,1.855,1.219,0.645,0
18,39,2,0.62,2,0.161,1.855,1.219,0.323,0
18,39,3,0.38,3,0.15,1.855,1.219,0.3,1
18,39,4,0.73,4,0.135,1.855,1.219,0.269,0
18,39,5,0.35,5,0.15,1.855,1.219,0.3,0
18,39,6,0.4,6,0.15,1.855,1.219,0.3,0
18,40,0,0.67,0,0.263,1.093,1.219,0.526,1
18,40,1,1.43,1,0.401,1.093,1.219,0.802,1
18,41,0,2.21,0,0.588,0.913,1.219,1.177,0
18,41,1,1.76,1,0.294,0.913,1.219,0.588,0
18,41,2,0.44,2,0.15,0.913,1.219,0.3,0
18,41,3,0.52,3,0.15,0.913,1.219,0.3,1
18,42,0,0.46,0,0.35,1.475,1.219,0.7,1
18,42,1,0.79,1,0.395,1.475,1.219,0.79,1
18,42,2,0.51,2,0.446,1.475,1.219,0.892,0
18,42,3,1.06,3,0.223,1.475,1.219,0.446,0
18,43,0,2.33,0,0.457,0.678,1.219,0.915,0
18,43,1,0.78,1,0.229,0.678,1.219,0.457,0
18,43,2,0.38,2,0.15,0.678,1.219,0.3,0
18,44,0,0.47,0,0.517,1.561,1.219,1.035,0
18,44,1,0.6,1,0.259,1.561,1.219,0.517,0
18,45,0,2.17,0,0.625,0.507,1.219,1.249,0
18,45,1,0.56,1,0.312,0.507,1.219,0.625,0
18,45,2,0.64,2,0.156,0.507,1.219,0.312,0
18,45,3,0.49,3,0.15,0.507,1.219,0.3,0
18,45,4,0.61,4,0.15,0.507,1.219,0.3,0
18,45,5,0.45,5,0.15,0.507,1.219,0.3,0
18,45,6,0.56,6,0.15,0.507,1.219,0.3,0
18,45,7,0.37,7,0.15,0.507,1.219,0.3,0
18,46,0,0.31,0,0.534,1.013,1.219,1.068,1
18,46,1,0.47,1,0.878,1.013,1.219,1.756,1
18,46,2,3.29,2,1.0,1.013,1.219,2.887,0
18,46,3,0.63,3,0.722,1.013,1.219,1.443,1
18,46,4,1.32,4,1.0,1.013,1.219,2.373,1
18,47,0,1.49,0,0.687,1.046,1.219,1.373,0
18,47,1,0.65,1,0.343,1.046,1.219,0.687,1
18,47,2,0.51,2,0.547,1.046,1.219,1.094,1
18,47,3,3.51,3,0.871,1.046,1.219,1.742,0
18,47,4,0.6,4,0.436,1.046,1.219,0.871,0
18,48,0,1.02,0,0.446,1.16,1.219,0.892,0
18,48,1,0.32,1,0.223,1.16,1.219,0.446,0
18,48,2,0.39,2,0.15,1.16,1.219,0.3,0
18,48,3,0.7,3,0.15,1.16,1.219,0.3,0
18,48,4,0.76,4,0.15,1.16,1.219,0.3,0
18,49,0,0.55,0,0.436,1.95,1.219,0.872,1
18,49,1,0.34,1,0.372,1.95,1.219,0.745,1
18,49,2,0.36,2,0.318,1.95,1.219,0.636,0
18,49,3,1.57,3,0.159,1.95,1.219,0.318,0
18,50,0,1.45,0,0.506,0.768,1.219,1.011,0
18,50,1,0.59,1,0.253,0.768,1.219,0.506,1
18,50,2,0.62,2,0.548,0.768,1.219,1.096,1
18,51,0,0.44,0,0.556,0.732,1.219,1.113,1
18,51,1,1.08,1,1.0,0.732,1.219,2.53,1
18,51,2,6.87,2,1.0,0.732,1.219,5.754,1
18,51,3,66.84,3,1.0,0.732,1.219,13.087,0
18,51,4,5.54,4,1.0,0.732,1.219,6.544,1
18,51,5,2.89,5,1.0,0.732,1.219,14.882,1
18,51,6,53.73,6,1.0,0.732,1.219,33.846,0
18,52,0,0.93,0,0.621,1.607,1.219,1.241,0
18,52,1,0.94,1,0.31,1.607,1.219,0.621,1
18,52,2,0.33,2,0.322,1.607,1.219,0.643,1
18,52,3,0.56,3,0.333,1.607,1.219,0.667,0
18,52,4,0.3,4,0.167,1.607,1.219,0.333,1
18,53,0,0.51,0,0.277,1.063,1.219,0.553,0
18,53,1,0.3,1,0.15,1.063,1.219,0.3,0
18,53,2,0.42,2,0.15,1.063,1.219,0.3,0
18,53,3,0.32,3,0.15,1.063,1.219,0.3,0
18,53,4,0.39,4,0.15,1.063,1.219,0.3,1
18,53,5,0.37,5,0.235,1.063,1.219,0.47,1
18,53,6,1.45,6,0.368,1.063,1.219,0.737,1
18,54,0,1.17,0,0.491,1.387,1.219,0.982,0
18,54,1,0.7,1,0.245,1.387,1.219,0.491,0
18,54,2,0.32,2,0.15,1.387,1.219,0.3,1
18,54,3,0.79,3,0.18,1.387,1.219,0.36,0
18,54,4,0.34,4,0.15,1.387,1.219,0.3,0
18,55,0,1.11,0,0.417,0.979,1.219,0.833,1
18,55,1,0.68,1,0.709,0.979,1.219,1.418,1
18,55,2,10.72,2,1.0,0.979,1.219,2.414,0
18,55,3,0.49,3,0.604,0.979,1.219,1.207,1
18,55,4,1.44,4,1.0,0.979,1.219,2.054,1
18,56,0,0.54,0,0.549,1.534,1.219,1.098,1
18,56,1,2.75,1,0.596,1.534,1.219,1.192,0
18,56,2,1.35,2,0.298,1.534,1.219,0.596,0
18,56,3,0.35,3,0.15,1.534,1.219,0.3,0
18,56,4,0.37,4,0.15,1.534,1.219,0.3,0
18,56,5,0.49,5,0.15,1.534,1.219,0.3,0
18,56,6,0.48,6,0.15,1.534,1.219,0.3,0
18,56,7,0.51,7,0.15,1.534,1.219,0.3,0
18,57,0,0.39,0,0.431,1.04,1.219,0.862,1
18,57,1,0.55,1,0.69,1.04,1.219,1.38,1
18,58,0,2.22,0,0.595,1.225,1.219,1.189,0
18,59,0,0.53,0,0.465,1.71,1.219,0.93,1
18,59,1,0.79,1,0.453,1.71,1.219,0.906,0
18,59,2,0.49,2,0.226,1.71,1.219,0.453,1
19,0,0,1.63,0,0.44,0.505,0.993,0.881,0
19,0,1,0.3,1,0.22,0.505,0.993,0.44,1
19,0,2,0.53,2,0.697,0.505,0.993,1.393,1
19,0,3,1.54,3,1.0,0.505,0.993,4.408,1
19,1,0,2.04,0,0.406,0.57,0.993,0.811,0
19,1,1,1.03,1,0.203,0.57,0.993,0.406,1
19,1,2,0.86,2,0.568,0.57,0.993,1.137,0
19,1,3,0.49,3,0.284,0.57,0.993,0.568,1
19,2,0,1.41,0,0.271,0.599,0.993,0.543,1
19,3,0,0.92,0,0.383,1.491,0.993,0.766,0
19,3,1,0.41,1,0.192,1.491,0.993,0.383,0
19,4,0,0.92,0,0.482,1.088,0.993,0.964,0
19,4,1,0.54,1,0.241,1.088,0.993,0.482,0
19,4,2,0.59,2,0.15,1.088,0.993,0.3,0
19,4,3,0.43,3,0.15,1.088,0.993,0.3,0
19,5,0,0.63,0,0.415,1.529,0.993,0.829,1
19,5,1,1.03,1,0.433,1.529,0.993,0.866,0
19,5,2,0.49,2,0.217,1.529,0.993,0.433,0
19,5,3,0.42,3,0.15,1.529,0.993,0.3,0
19,5,4,0.55,4,0.15,1.529,0.993,0.3,0
19,5,5,0.4,5,0.15,1.529,0.993,0.3,0
19,5,6,0.43,6,0.15,1.529,0.993,0.3,0
19,5,7,0.55,7,0.15,1.529,0.993,0.3,0
19,6,0,0.71,0,0.732,1.454,0.993,1.464,1
19,7,0,0.48,0,0.543,1.378,0.993,1.086,1
19,8,0,0.66,0,0.738,1.572,0.993,1.475,1
19,8,1,0.9,1,0.75,1.572,0.993,1.499,1
19,8,2,0.36,2,0.762,1.572,0.993,1.524,0
19,8,3,0.51,3,0.381,1.572,0.993,0.762,1
19,8,4,1.33,4,0.387,1.572,0.993,0.774,0
19,9,0,1.11,0,0.593,1.384,0.993,1.186,1
19,9,1,0.32,1,0.685,1.384,0.993,1.369,1
19,9,2,1.26,2,0.791,1.384,0.993,1.581,0
19,9,3,0.82,3,0.395,1.384,0.993,0.791,1
19,9,4,0.76,4,0.457,1.384,0.993,0.913,0
19,9,5,0.83,5,0.228,1.384,0.993,0.457,0
19,9,6,0.35,6,0.15,1.384,0.993,0.3,0
19,10,0,0.49,0,0.493,0.608,0.993,0.986,1
19,10,1,1.09,1,1.0,0.608,0.993,2.593,1
19,10,2,20.38,2,1.0,0.608,0.993,6.82,1
19,11,0,0.81,0,0.469,1.544,0.993,0.937,0
19,11,1,0.45,1,0.234,1.544,0.993,0.469,0
19,11,2,0.44,2,0.15,1.544,0.993,0.3,0
19,11,3,0.43,3,0.15,1.544,0.993,0.3,0
19,11,4,0.36,4,0.15,1.544,0.993,0.3,0
19,12,0,1.17,0,0.386,1.74,0.993,0.771,0
19,12,1,0.37,1,0.193,1.74,0.993,0.386,0
19,12,2,0.51,2,0.15,1.74,0.993,0.3,0
19,12,3,0.39,3,0.15,1.74,0.993,0.3,1
19,13,0,0.36,0,0.545,0.826,0.993,1.089,1
19,14,0,0.34,0,0.446,0.959,0.993,0.892,1
19,14,1,1.26,1,0.743,0.959,0.993,1.487,0
19,14,2,0.37,2,0.372,0.959,0.993,0.743,0
19,14,3,0.93,3,0.186,0.959,0.993,0.372,0
19,14,4,0.56,4,0.15,0.959,0.993,0.3,0
19,14,5,0.7,5,0.15,0.959,0.993,0.3,0
19,14,6,0.34,6,0.15,0.959,0.993,0.3,0
19,15,0,0.85,0,0.302,1.571,0.993,0.603,1
19,15,1,0.7,1,0.307,1.571,0.993,0.613,0
19,16,0,1.32,0,0.675,1.364,0.993,1.351,1
19,16,1,2.09,1,0.791,1.364,0.993,1.583,0
19,16,2,0.48,2,0.396,1.364,0.993,0.791,0
19,16,3,0.5,3,0.198,1.364,0.993,0.396,0
19,16,4,0.99,4,0.15,1.364,0.993,0.3,0
19,17,0,1.04,0,0.346,1.007,0.993,0.692,0
19,17,1,0.41,1,0.173,1.007,0.993,0.346,1
19,17,2,1.01,2,0.275,1.007,0.993,0.549,0
19,17,3,0.79,3,0.15,1.007,0.993,0.3,0
19,17,4,0.39,4,0.15,1.007,0.993,0.3,1
19,17,5,0.6,5,0.238,1.007,0.993,0.476,0
19,17,6,0.36,6,0.15,1.007,0.993,0.3,1
19,17,7,0.75,7,0.238,1.007,0.993,0.476,0
19,18,0,0.39,0,0.608,0.871,0.993,1.216,1
19,19,0,0.63,0,0.418,1.987,0.993,0.836,0
19,19,1,0.4,1,0.209,1.987,0.993,0.418,0
19,19,2,0.45,2,0.15,1.987,0.993,0.3,0
19,19,3,0.49,3,0.15,1.987,0.993,0.3,0
19,19,4,0.61,4,0.15,1.987,0.993,0.3,0
19,19,5,0.41,5,0.15,1.987,0.993,0.3,1
19,19,6,0.5,6,0.121,1.987,0.993,0.241,0
19,19,7,0.34,7,0.15,1.987,0.993,0.3,1
19,20,0,0.61,0,0.598,1.436,0.993,1.196,0
19,20,1,0.69,1,0.299,1.436,0.993,0.598,0
19,20,2,0.79,2,0.15,1.436,0.993,0.3,0
19,21,0,0.59,0,0.327,0.903,0.993,0.655,1
19,22,0,0.66,0,0.463,1.843,0.993,0.926,1
19,22,1,0.95,1,0.401,1.843,0.993,0.803,0
19,22,2,0.32,2,0.201,1.843,0.993,0.401,1
19,23,0,0.91,0,0.739,0.738,0.993,1.479,1
19,23,1,1.25,1,1.0,0.738,0.993,3.203,0
19,23,2,1.04,2,0.801,0.738,0.993,1.602,1
19,23,3,1.6,3,1.0,0.738,0.993,3.469,1
19,23,4,1.07,4,1.0,0.738,0.993,7.515,0
19,23,5,3.86,5,1.0,0.738,0.993,3.757,0
19,24,0,0.9,0,0.371,1.399,0.993,0.742,0
19,24,1,0.31,1,0.185,1.399,0.993,0.371,1
19,24,2,0.38,2,0.212,1.399,0.993,0.424,1
19,24,3,0.58,3,0.242,1.399,0.993,0.484,1
19,24,4,0.85,4,0.277,1.399,0.993,0.553,0
19,24,5,0.45,5,0.15,1.399,0.993,0.3,1
19,24,6,0.38,6,0.171,1.399,0.993,0.343,1
19,24,7,0.38,7,0.196,1.399,0.993,0.392,0
19,25,0,1.47,0,0.576,0.957,0.993,1.151,0
19,25,1,1.66,1,0.288,0.957,0.993,0.576,0
19,25,2,0.33,2,0.15,0.957,0.993,0.3,0
19,25,3,0.48,3,0.15,0.957,0.993,0.3,0
19,25,4,0.61,4,0.15,0.957,0.993,0.3,0
19,25,5,0.51,5,0.15,0.957,0.993,0.3,0
19,25,6,0.49,6,0.15,0.957,0.993,0.3,0
19,26,0,0.33,0,0.65,1.536,0.993,1.299,1
19,26,1,0.53,1,0.676,1.536,0.993,1.351,0
19,26,2,1.89,2,0.338,1.536,0.993,0.676,0
19,26,3,0.4,3,0.169,1.536,0.993,0.338,1
19,27,0,1.05,0,0.435,0.935,0.993,0.869,0
19,27,1,0.7,1,0.217,0.935,0.993,0.435,0
19,27,2,0.41,2,0.15,0.935,0.993,0.3,0
19,27,3,0.92,3,0.15,0.935,0.993,0.3,0
19,27,4,0.51,4,0.15,0.935,0.993,0.3,1
19,27,5,1.07,5,0.256,0.935,0.993,0.513,0
19,27,6,0.87,6,0.15,0.935,0.993,0.3,0
19,28,0,0.4,0,0.601,1.249,0.993,1.202,0
19,28,1,1.55,1,0.3,1.249,0.993,0.601,0
19,28,2,0.41,2,0.15,1.249,0.993,0.3,0
19,28,3,0.46,3,0.15,1.249,0.993,0.3,0
19,28,4,0.9,4,0.15,1.249,0.993,0.3,0
19,28,5,0.8,5,0.15,1.249,0.993,0.3,0
19,29,0,0.7,0,0.742,1.966,0.993,1.484,1
19,29,1,1.28,1,0.603,1.966,0.993,1.206,0
19,29,2,0.69,2,0.301,1.966,0.993,0.603,1
19,29,3,0.32,3,0.245,1.966,0.993,0.49,1
19,29,4,0.58,4,0.199,1.966,0.993,0.398,0
19,29,5,0.5,5,0.15,1.966,0.993,0.3,0
19,29,6,0.38,6,0.15,1.966,0.993,0.3,0
19,30,0,0.79,0,0.433,1.674,0.993,0.867,1
19,30,1,0.66,1,0.414,1.674,0.993,0.827,0
19,30,2,0.46,2,0.207,1.674,0.993,0.414,0
19,30,3,0.31,3,0.15,1.674,0.993,0.3,1
19,31,0,2.94,0,0.703,0.837,0.993,1.406,0
19,31,1,1.5,1,0.351,0.837,0.993,0.703,0
19,31,2,0.35,2,0.176,0.837,0.993,0.351,1
19,31,3,0.88,3,0.335,0.837,0.993,0.671,0
19,31,4,0.41,4,0.168,0.837,0.993,0.335,0
19,31,5,0.46,5,0.15,0.837,0.993,0.3,0
19,31,6,0.31,6,0.15,0.837,0.993,0.3,0
19,31,7,0.44,7,0.15,0.837,0.993,0.3,0
19,32,0,0.35,0,0.346,1.397,0.993,0.692,1
19,32,1,0.61,1,0.396,1.397,0.993,0.792,1
19,32,2,0.43,2,0.453,1.397,0.993,0.905,1
19,33,0,1.16,0,0.311,1.423,0.993,0.622,0
19,33,1,0.42,1,0.155,1.423,0.993,0.311,1
19,33,2,0.32,2,0.175,1.423,0.993,0.349,0
19,33,3,0.38,3,0.15,1.423,0.993,0.3,0
19,33,4,0.61,4,0.15,1.423,0.993,0.3,0
19,33,5,0.63,5,0.15,1.423,0.993,0.3,0
19,33,6,0.62,6,0.15,1.423,0.993,0.3,0
19,33,7,0.36,7,0.15,1.423,0.993,0.3,0
19,34,0,0.53,0,0.667,1.08,0.993,1.334,1
19,34,1,0.71,1,0.986,1.08,0.993,1.972,0
19,34,2,0.79,2,0.493,1.08,0.993,0.986,0
19,34,3,0.61,3,0.247,1.08,0.993,0.493,0
19,35,0,1.18,0,0.689,1.442,0.993,1.379,1
19,35,1,0.85,1,0.764,1.442,0.993,1.528,0
19,35,2,0.78,2,0.382,1.442,0.993,0.764,0
19,36,0,0.42,0,0.264,1.765,0.993,0.527,0
19,36,1,0.64,1,0.15,1.765,0.993,0.3,0
19,36,2,0.33,2,0.15,1.765,0.993,0.3,1
19,36,3,0.68,3,0.136,1.765,0.993,0.272,0
19,36,4,0.4,4,0.15,1.765,0.993,0.3,1
19,36,5,0.51,5,0.136,1.765,0.993,0.272,0
19,37,0,0.43,0,0.262,0.906,0.993,0.524,0
19,37,1,0.31,1,0.15,0.906,0.993,0.3,1
19,37,2,0.39,2,0.265,0.906,0.993,0.529,1
19,37,3,1.47,3,0.466,0.906,0.993,0.933,0
19,37,4,1.27,4,0.233,0.906,0.993,0.466,0
19,37,5,0.3,5,0.15,0.906,0.993,0.3,1
19,37,6,1.85,6,0.265,0.906,0.993,0.529,0
19,38,0,0.69,0,0.441,1.251,0.993,0.882,1
19,38,1,0.57,1,0.563,1.251,0.993,1.127,1
19,38,2,0.88,2,0.719,1.251,0.993,1.439,0
19,38,3,0.62,3,0.36,1.251,0.993,0.719,1
19,38,4,0.57,4,0.459,1.251,0.993,0.919,0
19,38,5,0.37,5,0.23,1.251,0.993,0.459,0
19,39,0,1.23,0,0.323,1.885,0.993,0.646,0
19,39,1,0.96,1,0.162,1.885,0.993,0.323,0
19,39,2,0.37,2,0.15,1.885,0.993,0.3,0
19,39,3,0.86,3,0.15,1.885,0.993,0.3,0
19,39,4,0.43,4,0.15,1.885,0.993,0.3,0
19,39,5,1.16,5,0.15,1.885,0.993,0.3,0
19,39,6,0.38,6,0.15,1.885,0.993,0.3,0
19,40,0,0.3,0,0.458,0.667,0.993,0.916,1
19,40,1,1.23,1,1.0,0.667,0.993,2.194,1
19,40,2,2.63,2,1.0,0.667,0.993,5.252,1
19,40,3,26.32,3,1.0,0.667,0.993,12.575,1
19,40,4,6.8,4,1.0,0.667,0.993,30.109,1
19,40,5,53.25,5,1.0,0.667,0.993,72.091,0
19,40,6,33.37,6,1.0,0.667,0.993,36.046,1
19,40,7,4.45,7,1.0,0.667,0.993,86.304,1
19,41,0,0.79,0,0.362,0.63,0.993,0.724,0
19,41,1,0.41,1,0.181,0.63,0.993,0.362,0
19,41,2,0.42,2,0.15,0.63,0.993,0.3,0
19,42,0,0.64,0,0.603,1.365,0.993,1.206,0
19,42,1,0.49,1,0.302,1.365,0.993,0.603,0
19,42,2,0.33,2,0.151,1.365,0.993,0.302,0
19,43,0,0.9,0,0.472,1.15,0.993,0.945,0
19,43,1,1.16,1,0.236,1.15,0.993,0.472,1
19,44,0,0.33,0,0.254,0.604,0.993,0.507,1
19,45,0,0.88,0,0.443,1.0,0.993,0.887,1
19,45,1,0.35,1,0.709,1.0,0.993,1.417,1
19,45,2,0.79,2,1.0,1.0,0.993,2.265,1
19,45,3,3.16,3,1.0,1.0,0.993,3.62,1
19,45,4,0.94,4,1.0,1.0,0.993,5.785,1
19,45,5,22.73,5,1.0,1.0,0.993,9.246,0
19,45,6,3.95,6,1.0,1.0,0.993,4.623,1
19,45,7,4.36,7,1.0,1.0,0.993,7.389,1
19,46,0,0.75,0,0.512,1.164,0.993,1.024,1
19,46,1,1.21,1,0.703,1.164,0.993,1.405,0
19,47,0,0.51,0,0.672,0.531,0.993,1.344,0
19,48,0,1.51,0,0.553,1.379,0.993,1.106,0
19,48,1,0.9,1,0.277,1.379,0.993,0.553,0
19,49,0,0.89,0,0.3,0.85,0.993,0.601,0
19,49,1,0.35,1,0.15,0.85,0.993,0.3,0
19,49,2,0.98,2,0.15,0.85,0.993,0.3,0
19,49,3,0.31,3,0.15,0.85,0.993,0.3,0
19,50,0,1.74,0,0.282,1.233,0.993,0.565,1
19,50,1,0.55,1,0.366,1.233,0.993,0.732,1
19,50,2,0.32,2,0.474,1.233,0.993,0.948,1
19,51,0,0.83,0,0.403,1.207,0.993,0.807,0
19,51,1,1.28,1,0.202,1.207,0.993,0.403,0
19,51,2,0.37,2,0.15,1.207,0.993,0.3,0
19,51,3,0.66,3,0.15,1.207,0.993,0.3,1
19,51,4,1.35,4,0.199,1.207,0.993,0.397,0
19,51,5,0.41,5,0.15,1.207,0.993,0.3,1
19,52,0,0.8,0,0.582,1.136,0.993,1.164,0
19,53,0,0.32,0,0.514,0.933,0.993,1.029,1
19,54,0,0.3,0,0.644,1.665,0.993,1.288,1
19,54,1,1.24,1,0.618,1.665,0.993,1.236,0
19,54,2,0.42,2,0.309,1.665,0.993,0.618,0
19,55,0,0.46,0,0.744,1.03,0.993,1.489,1
19,55,1,1.56,1,1.0,1.03,0.993,2.31,0
19,55,2,1.22,2,0.577,1.03,0.993,1.155,1
19,55,3,0.86,3,0.896,1.03,0.993,1.792,1
19,55,4,0.33,4,1.0,1.03,0.993,2.781,1
19,55,5,8.92,5,1.0,1.03,0.993,4.315,0
19,55,6,1.34,6,1.0,1.03,0.993,2.157,0
19,56,0,0.56,0,0.362,1.736,0.993,0.725,1
19,56,1,0.97,1,0.333,1.736,0.993,0.667,1
19,57,0,2.01,0,0.621,1.225,0.993,1.242,1
19,57,1,0.52,1,0.81,1.225,0.993,1.62,1
19,57,2,1.31,2,1.0,1.225,0.993,2.113,0
19,57,3,1.16,3,0.528,1.225,0.993,1.057,1
19,57,4,1.47,4,0.689,1.225,0.993,1.378,1
19,57,5,1.17,5,0.899,1.225,0.993,1.798,0
19,57,6,0.93,6,0.449,1.225,0.993,0.899,0
19,58,0,1.42,0,0.469,1.968,0.993,0.937,1
19,58,1,0.47,1,0.381,1.968,0.993,0.761,0
19,58,2,0.32,2,0.19,1.968,0.993,0.381,1
19,58,3,0.83,3,0.155,1.968,0.993,0.309,1
19,58,4,0.4,4,0.126,1.968,0.993,0.251,0
19,58,5,0.6,5,0.15,1.968,0.993,0.3,0
19,58,6,0.47,6,0.15,1.968,0.993,0.3,0
19,59,0,0.32,0,0.279,1.746,0.993,0.558,0
19,59,1,0.31,1,0.15,1.746,0.993,0.3,1
19,59,2,0.3,2,0.137,1.746,0.993,0.274,0
19,59,3,0.4,3,0.15,1.746,0.993,0.3,1
19,59,4,0.54,4,0.137,1.746,0.993,0.274,0
20,0,0,0.4,0,0.334,0.873,1.071,0.668,0
20,1,0,0.64,0,0.511,1.384,1.071,1.023,1
20,1,1,0.73,1,0.599,1.384,1.071,1.198,0
20,1,2,0.37,2,0.299,1.384,1.071,0.599,1
20,1,3,0.37,3,0.351,1.384,1.071,0.702,1
20,1,4,0.59,4,0.411,1.384,1.071,0.822,0
20,2,0,0.77,0,0.387,1.316,1.071,0.775,1
20,2,1,0.55,1,0.478,1.316,1.071,0.955,0
20,2,2,0.75,2,0.239,1.316,1.071,0.478,0
20,2,3,0.34,3,0.15,1.316,1.071,0.3,0
20,3,0,0.88,0,0.292,1.688,1.071,0.585,0
20,3,1,0.47,1,0.15,1.688,1.071,0.3,0
20,3,2,0.42,2,0.15,1.688,1.071,0.3,0
20,3,3,0.32,3,0.15,1.688,1.071,0.3,0
20,3,4,0.64,4,0.15,1.688,1.071,0.3,0
20,3,5,0.96,5,0.15,1.688,1.071,0.3,0
20,4,0,1.03,0,0.686,0.557,1.071,1.372,0
20,4,1,0.69,1,0.343,0.557,1.071,0.686,1
20,4,2,4.17,2,0.998,0.557,1.071,1.996,0
20,4,3,0.57,3,0.499,0.557,1.071,0.998,1
20,4,4,2.96,4,1.0,0.557,1.071,2.903,0
20,4,5,2.65,5,0.726,0.557,1.071,1.451,0
20,4,6,0.89,6,0.363,0.557,1.071,0.726,1
20,4,7,0.94,7,1.0,0.557,1.071,2.111,1
20,5,0,0.64,0,0.271,1.034,1.071,0.542,0
20,5,1,0.59,1,0.15,1.034,1.071,0.3,0
20,5,2,0.36,2,0.15,1.034,1.071,0.3,1
20,5,3,0.34,3,0.235,1.034,1.071,0.47,0
20,6,0,1.01,0,0.671,0.673,1.071,1.343,0
20,6,1,0.54,1,0.336,0.673,1.071,0.671,1
20,6,2,1.19,2,0.808,0.673,1.071,1.616,1
20,6,3,6.65,3,1.0,0.673,1.071,3.892,0
20,6,4,0.55,4,0.973,0.673,1.071,1.946,0
20,6,5,0.76,5,0.487,0.673,1.071,0.973,1
20,6,6,4.3,6,1.0,0.673,1.071,2.343,0
20,6,7,0.42,7,0.586,0.673,1.071,1.171,1
20,7,0,1.34,0,0.313,1.72,1.071,0.626,0
20,8,0,0.65,0,0.529,1.176,1.071,1.059,1
20,8,1,2.36,1,0.73,1.176,1.071,1.459,0
20,8,2,0.87,2,0.365,1.176,1.071,0.73,1
20,8,3,0.31,3,0.503,1.176,1.071,1.006,0
20,8,4,0.52,4,0.251,1.176,1.071,0.503,0
20,8,5,0.63,5,0.15,1.176,1.071,0.3,1
20,9,0,1.24,0,0.554,0.554,1.071,1.109,1
20,9,1,1.48,1,1.0,0.554,1.071,3.243,0
20,9,2,1.3,2,0.811,0.554,1.071,1.622,1
20,10,0,0.85,0,0.398,1.816,1.071,0.797,0
20,10,1,0.37,1,0.199,1.816,1.071,0.398,0
20,10,2,0.42,2,0.15,1.816,1.071,0.3,0
20,10,3,0.39,3,0.15,1.816,1.071,0.3,0
20,10,4,0.93,4,0.15,1.816,1.071,0.3,1
20,10,5,0.42,5,0.134,1.816,1.071,0.268,0
20,11,0,1.27,0,0.644,0.861,1.071,1.288,0
20,12,0,0.56,0,0.412,0.52,1.071,0.825,1
20,12,1,2.4,1,1.0,0.52,1.071,2.57,0
20,13,0,0.32,0,0.284,1.807,1.071,0.569,0
20,13,1,0.35,1,0.15,1.807,1.071,0.3,0
20,13,2,0.53,2,0.15,1.807,1.071,0.3,1
20,13,3,0.77,3,0.135,1.807,1.071,0.269,0
20,13,4,0.32,4,0.15,1.807,1.071,0.3,1
20,13,5,0.43,5,0.135,1.807,1.071,0.269,0
20,13,6,0.56,6,0.15,1.807,1.071,0.3,0
20,14,0,0.73,0,0.642,1.903,1.071,1.285,1
20,14,1,0.84,1,0.547,1.903,1.071,1.094,1
20,14,2,0.32,2,0.466,1.903,1.071,0.932,1
20,14,3,0.62,3,0.397,1.903,1.071,0.794,0
20,14,4,0.44,4,0.198,1.903,1.071,0.397,0
20,14,5,0.3,5,0.15,1.903,1.071,0.3,0
20,15,0,0.33,0,0.482,1.09,1.071,0.964,1
20,15,1,1.31,1,0.717,1.09,1.071,1.433,0
20,15,2,0.31,2,0.358,1.09,1.071,0.717,1
20,15,3,0.36,3,0.533,1.09,1.071,1.066,1
20,16,0,1.59,0,0.626,1.723,1.071,1.253,0
20,16,1,0.62,1,0.313,1.723,1.071,0.626,0
20,16,2,0.45,2,0.157,1.723,1.071,0.313,1
20,16,3,0.32,3,0.147,1.723,1.071,0.295,0
20,16,4,0.36,4,0.15,1.723,1.071,0.3,0
20,17,0,0.39,0,0.391,0.654,1.071,0.782,0
20,17,1,0.49,1,0.196,0.654,1.071,0.391,0
20,17,2,0.44,2,0.15,0.654,1.071,0.3,0
20,17,3,0.45,3,0.15,0.654,1.071,0.3,0
20,17,4,0.4,4,0.15,0.654,1.071,0.3,1
20,18,0,0.6,0,0.393,1.85,1.071,0.786,1
20,18,1,0.3,1,0.344,1.85,1.071,0.689,1
20,18,2,0.47,2,0.302,1.85,1.071,0.604,1
20,18,3,0.64,3,0.265,1.85,1.071,0.529,0
20,18,4,0.46,4,0.15,1.85,1.071,0.3,0
20,19,0,0.66,0,0.423,1.078,1.071,0.845,1
20,19,1,1.62,1,0.636,1.078,1.071,1.271,1
20,19,2,0.58,2,0.956,1.078,1.071,1.911,1
20,19,3,6.21,3,1.0,1.078,1.071,2.874,0
20,19,4,2.06,4,0.719,1.078,1.071,1.437,1
20,19,5,0.63,5,1.0,1.078,1.071,2.161,1
20,19,6,0.6,6,1.0,1.078,1.071,3.249,0
20,19,7,0.77,7,0.812,1.078,1.071,1.625,1
20,20,0,0.71,0,0.659,1.769,1.071,1.318,0
20,20,1,0.36,1,0.33,1.769,1.071,0.659,0
20,20,2,0.67,2,0.165,1.769,1.071,0.33,0
20,21,0,0.49,0,0.581,1.014,1.071,1.161,0
20,22,0,0.76,0,0.743,1.368,1.071,1.486,1
20,22,1,0.49,1,0.881,1.368,1.071,1.762,1
20,22,2,1.54,2,1.0,1.368,1.071,2.088,1
20,22,3,6.65,3,1.0,1.368,1.071,2.476,0
20,22,4,3.51,4,0.619,1.368,1.071,1.238,0
20,22,5,0.31,5,0.309,1.368,1.071,0.619,0
20,22,6,0.37,6,0.155,1.368,1.071,0.309,0
20,22,7,0.51,7,0.15,1.368,1.071,0.3,0
20,23,0,0.33,0,0.299,1.446,1.071,0.597,1
20,24,0,1.14,0,0.646,1.87,1.071,1.291,1
20,24,1,0.32,1,0.56,1.87,1.071,1.12,0
20,24,2,0.64,2,0.28,1.87,1.071,0.56,1
20,25,0,0.3,0,0.308,0.547,1.071,0.617,0
20,26,0,0.66,0,0.489,0.586,1.071,0.978,1
20,26,1,2.16,1,1.0,0.586,1.071,2.705,0
20,26,2,0.87,2,0.676,0.586,1.071,1.353,1
20,26,3,3.8,3,1.0,0.586,1.071,3.74,0
20,27,0,0.3,0,0.257,0.82,1.071,0.513,0
20,27,1,0.37,1,0.15,0.82,1.071,0.3,0
20,27,2,0.41,2,0.15,0.82,1.071,0.3,0
20,27,3,0.68,3,0.15,0.82,1.071,0.3,0
20,27,4,0.39,4,0.15,0.82,1.071,0.3,0
20,27,5,0.92,5,0.15,0.82,1.071,0.3,1
20,27,6,0.54,6,0.296,0.82,1.071,0.593,1
20,28,0,0.4,0,0.558,1.958,1.071,1.115,0
20,28,1,0.38,1,0.279,1.958,1.071,0.558,1
20,28,2,0.71,2,0.231,1.958,1.071,0.462,1
20,28,3,0.48,3,0.191,1.958,1.071,0.382,1
20,28,4,0.31,4,0.158,1.958,1.071,0.316,0
20,28,5,0.65,5,0.15,1.958,1.071,0.3,0
20,28,6,0.49,6,0.15,1.958,1.071,0.3,0
20,28,7,0.4,7,0.15,1.958,1.071,0.3,0
20,29,0,0.81,0,0.412,1.237,1.071,0.824,0
20,29,1,0.55,1,0.206,1.237,1.071,0.412,0
20,30,0,0.57,0,0.275,1.588,1.071,0.549,0
20,30,1,0.55,1,0.15,1.588,1.071,0.3,0
20,30,2,0.36,2,0.15,1.588,1.071,0.3,0
20,30,3,0.51,3,0.15,1.588,1.071,0.3,0
20,30,4,0.61,4,0.15,1.588,1.071,0.3,0
20,30,5,1.06,5,0.15,1.588,1.071,0.3,0
20,30,6,0.34,6,0.15,1.588,1.071,0.3,1
20,30,7,0.48,7,0.153,1.588,1.071,0.306,0
20,31,0,0.45,0,0.455,0.679,1.071,0.909,1
20,31,1,2.13,1,1.0,0.679,1.071,2.173,1
20,31,2,2.21,2,1.0,0.679,1.071,5.192,1
20,31,3,10.93,3,1.0,0.679,1.071,12.407,1
20,31,4,24.11,4,1.0,0.679,1.071,29.645,0
20,32,0,0.88,0,0.686,1.858,1.071,1.372,1
20,32,1,1.28,1,0.598,1.858,1.071,1.197,0
20,32,2,0.37,2,0.299,1.858,1.071,0.598,1
20,32,3,0.41,3,0.261,1.858,1.071,0.522,1
20,32,4,0.76,4,0.228,1.858,1.071,0.455,0
20,32,5,0.46,5,0.15,1.858,1.071,0.3,0
20,33,0,0.76,0,0.662,0.759,1.071,1.323,0
20,33,1,0.39,1,0.331,0.759,1.071,0.662,1
20,33,2,0.48,2,0.706,0.759,1.071,1.413,1
20,33,3,0.5,3,1.0,0.759,1.071,3.016,1
20,33,4,1.74,4,1.0,0.759,1.071,6.44,1
20,33,5,4.79,5,1.0,0.759,1.071,13.752,0
20,34,0,0.4,0,0.447,1.815,1.071,0.894,1
20,34,1,0.97,1,0.399,1.815,1.071,0.799,0
20,34,2,0.52,2,0.2,1.815,1.071,0.399,1
20,34,3,0.46,3,0.178,1.815,1.071,0.357,0
20,34,4,0.3,4,0.15,1.815,1.071,0.3,1
20,34,5,0.3,5,0.134,1.815,1.071,0.268,0
20,34,6,0.63,6,0.15,1.815,1.071,0.3,0
20,35,0,1.43,0,0.256,1.824,1.071,0.513,0
20,35,1,0.38,1,0.15,1.824,1.071,0.3,1
20,35,2,0.37,2,0.133,1.824,1.071,0.267,0
20,35,3,0.42,3,0.15,1.824,1.071,0.3,0
20,35,4,0.66,4,0.15,1.824,1.071,0.3,0
20,35,5,0.32,5,0.15,1.824,1.071,0.3,1
20,36,0,1.73,0,0.66,1.922,1.071,1.319,0
20,36,1,0.61,1,0.33,1.922,1.071,0.66,0
20,36,2,0.64,2,0.165,1.922,1.071,0.33,1
20,36,3,0.43,3,0.139,1.922,1.071,0.278,0
20,36,4,0.48,4,0.15,1.922,1.071,0.3,0
20,36,5,0.53,5,0.15,1.922,1.071,0.3,1
20,36,6,0.52,6,0.127,1.922,1.071,0.253,0
20,36,7,0.51,7,0.15,1.922,1.071,0.3,0
20,37,0,0.32,0,0.524,0.52,1.071,1.049,1
20,37,1,2.04,1,1.0,0.52,1.071,3.268,1
20,37,2,6.58,2,1.0,0.52,1.071,10.182,1
20,37,3,22.98,3,1.0,0.52,1.071,31.724,1
20,37,4,79.45,4,1.0,0.52,1.071,98.847,0
20,38,0,0.39,0,0.378,0.818,1.071,0.756,1
20,38,1,4.03,1,0.749,0.818,1.071,1.499,1
20,38,2,2.35,2,1.0,0.818,1.071,2.971,0
20,38,3,1.45,3,0.743,0.818,1.071,1.486,0
20,38,4,0.4,4,0.371,0.818,1.071,0.743,0
20,38,5,0.39,5,0.186,0.818,1.071,0.371,0
20,38,6,0.43,6,0.15,0.818,1.071,0.3,0
20,38,7,0.73,7,0.15,0.818,1.071,0.3,1
20,39,0,0.91,0,0.54,1.661,1.071,1.081,1
20,39,1,0.84,1,0.528,1.661,1.071,1.055,1
20,39,2,1.28,2,0.515,1.661,1.071,1.03,1
20,40,0,0.5,0,0.257,1.446,1.071,0.514,0
20,40,1,1.12,1,0.15,1.446,1.071,0.3,0
20,40,2,0.98,2,0.15,1.446,1.071,0.3,0
20,40,3,0.33,3,0.15,1.446,1.071,0.3,0
20,40,4,0.64,4,0.15,1.446,1.071,0.3,0
20,40,5,0.57,5,0.15,1.446,1.071,0.3,0
20,41,0,0.4,0,0.324,1.613,1.071,0.648,1
20,41,1,0.73,1,0.326,1.613,1.071,0.651,1
20,41,2,0.41,2,0.327,1.613,1.071,0.655,0
20,41,3,0.42,3,0.164,1.613,1.071,0.327,0
20,41,4,0.37,4,0.15,1.613,1.071,0.3,0
20,41,5,0.64,5,0.15,1.613,1.071,0.3,0
20,41,6,0.32,6,0.15,1.613,1.071,0.3,0
20,42,0,0.48,0,0.498,1.278,1.071,0.996,1
20,42,1,0.74,1,0.632,1.278,1.071,1.264,0
20,42,2,0.39,2,0.316,1.278,1.071,0.632,0
20,42,3,0.4,3,0.158,1.278,1.071,0.316,1
20,42,4,0.5,4,0.201,1.278,1.071,0.401,0
20,42,5,0.7,5,0.15,1.278,1.071,0.3,0
20,43,0,1.53,0,0.675,0.763,1.071,1.349,1
20,43,1,2.4,1,1.0,0.763,1.071,2.868,0
20,44,0,1.69,0,0.503,1.328,1.071,1.007,1
20,44,1,4.7,1,0.615,1.328,1.071,1.229,0
20,44,2,0.65,2,0.307,1.328,1.071,0.615,0
20,45,0,0.39,0,0.536,0.869,1.071,1.073,1
20,45,1,2.42,1,1.0,0.869,1.071,2.002,1
20,45,2,7.07,2,1.0,0.869,1.071,3.737,1
20,46,0,1.34,0,0.406,1.857,1.071,0.813,0
20,46,1,0.48,1,0.203,1.857,1.071,0.406,1
20,46,2,0.7,2,0.177,1.857,1.071,0.355,1
20,46,3,0.38,3,0.155,1.857,1.071,0.31,1
20,46,4,0.33,4,0.135,1.857,1.071,0.27,0
20,46,5,0.33,5,0.15,1.857,1.071,0.3,0
20,46,6,0.31,6,0.15,1.857,1.071,0.3,1
20,46,7,0.49,7,0.131,1.857,1.071,0.262,0
20,47,0,0.49,0,0.688,1.698,1.071,1.376,1
20,47,1,0.87,1,0.657,1.698,1.071,1.314,0
20,47,2,0.9,2,0.329,1.698,1.071,0.657,1
20,47,3,1.36,3,0.314,1.698,1.071,0.628,0
20,48,0,1.7,0,0.659,1.562,1.071,1.318,0
20,48,1,0.98,1,0.329,1.562,1.071,0.659,0
20,49,0,0.5,0,0.37,1.994,1.071,0.741,0
20,49,1,0.35,1,0.185,1.994,1.071,0.37,1
20,49,2,0.33,2,0.151,1.994,1.071,0.301,0
20,49,3,0.35,3,0.15,1.994,1.071,0.3,0
20,49,4,0.72,4,0.15,1.994,1.071,0.3,0
20,50,0,1.33,0,0.485,1.414,1.071,0.97,0
20,50,1,2.39,1,0.243,1.414,1.071,0.485,0
20,50,2,0.63,2,0.15,1.414,1.071,0.3,0
20,50,3,0.65,3,0.15,1.414,1.071,0.3,0
20,50,4,0.48,4,0.15,1.414,1.071,0.3,0
20,50,5,0.37,5,0.15,1.414,1.071,0.3,0
20,50,6,0.46,6,0.15,1.414,1.071,0.3,0
20,51,0,0.33,0,0.429,1.543,1.071,0.858,0
20,51,1,0.41,1,0.214,1.543,1.071,0.429,1
20,51,2,0.68,2,0.225,1.543,1.071,0.451,0
20,51,3,0.39,3,0.15,1.543,1.071,0.3,1
20,51,4,0.3,4,0.158,1.543,1.071,0.315,1
20,52,0,0.39,0,0.536,1.77,1.071,1.071,0
20,52,1,0.72,1,0.268,1.77,1.071,0.536,0
20,52,2,0.48,2,0.15,1.77,1.071,0.3,0
20,52,3,0.51,3,0.15,1.77,1.071,0.3,0
20,52,4,0.53,4,0.15,1.77,1.071,0.3,0
20,53,0,4.53,0,0.731,0.739,1.071,1.462,0
20,53,1,0.87,1,0.366,0.739,1.071,0.731,0
20,53,2,0.36,2,0.183,0.739,1.071,0.366,0
20,53,3,0.3,3,0.15,0.739,1.071,0.3,0
20,53,4,0.59,4,0.15,0.739,1.071,0.3,0
20,54,0,1.22,0,0.279,1.65,1.071,0.559,0
20,55,0,0.91,0,0.671,0.777,1.071,1.342,1
20,56,0,0.41,0,0.695,1.027,1.071,1.391,1
20,56,1,1.48,1,1.0,1.027,1.071,2.196,0
20,56,2,0.8,2,0.549,1.027,1.071,1.098,1
20,56,3,1.17,3,0.867,1.027,1.071,1.733,1
20,57,0,0.94,0,0.339,1.596,1.071,0.678,0
20,58,0,1.01,0,0.35,1.068,1.071,0.699,1
20,58,1,0.41,1,0.531,1.068,1.071,1.061,1
20,59,0,1.45,0,0.551,0.663,1.071,1.101,0
20,59,1,0.54,1,0.275,0.663,1.071,0.551,0
20,59,2,0.62,2,0.15,0.663,1.071,0.3,1
20,59,3,1.08,3,0.367,0.663,1.071,0.733,0
21,0,0,1.21,0,0.51,1.175,0.985,1.021,0
21,0,1,0.71,1,0.255,1.175,0.985,0.51,0
21,0,2,0.62,2,0.15,1.175,0.985,0.3,0
21,1,0,4.99,0,0.738,1.153,0.985,1.475,0
21,1,1,0.62,1,0.369,1.153,0.985,0.738,1
21,1,2,1.07,2,0.51,1.153,0.985,1.021,1
21,2,0,1.52,0,0.448,0.939,0.985,0.896,0
21,2,1,0.31,1,0.224,0.939,0.985,0.448,1
21,2,2,0.65,2,0.381,0.939,0.985,0.761,0
21,2,3,0.53,3,0.19,0.939,0.985,0.381,1
21,2,4,0.4,4,0.324,0.939,0.985,0.647,0
21,3,0,2.06,0,0.405,0.859,0.985,0.811,0
21,3,1,0.56,1,0.203,0.859,0.985,0.405,0
21,3,2,1.56,2,0.15,0.859,0.985,0.3,0
21,3,3,0.39,3,0.15,0.859,0.985,0.3,0
21,3,4,0.56,4,0.15,0.859,0.985,0.3,0
21,3,5,1.17,5,0.15,0.859,0.985,0.3,0
21,3,6,0.34,6,0.15,0.859,0.985,0.3,0
21,4,0,0.59,0,0.723,1.995,0.985,1.445,0
21,4,1,0.68,1,0.361,1.995,0.985,0.723,0
21,4,2,0.33,2,0.181,1.995,0.985,0.361,0
21,5,0,0.83,0,0.485,1.08,0.985,0.97,0
21,5,1,0.49,1,0.242,1.08,0.985,0.485,1
21,5,2,1.39,2,0.358,1.08,0.985,0.716,1
21,5,3,0.49,3,0.529,1.08,0.985,1.058,1
21,5,4,0.34,4,0.781,1.08,0.985,1.562,1
21,5,5,1.76,5,1.0,1.08,0.985,2.307,0
21,5,6,2.63,6,0.577,1.08,0.985,1.154,0
21,6,0,0.52,0,0.512,0.983,0.985,1.023,1
21,7,0,0.73,0,0.688,1.522,0.985,1.376,0
21,7,1,0.56,1,0.344,1.522,0.985,0.688,0
21,7,2,0.45,2,0.172,1.522,0.985,0.344,0
21,7,3,0.41,3,0.15,1.522,0.985,0.3,0
21,7,4,0.31,4,0.15,1.522,0.985,0.3,1
21,7,5,0.51,5,0.157,1.522,0.985,0.315,0
21,8,0,1.3,0,0.698,1.614,0.985,1.396,1
21,8,1,0.54,1,0.69,1.614,0.985,1.38,1
21,8,2,2.54,2,0.682,1.614,0.985,1.365,0
21,9,0,0.93,0,0.38,1.113,0.985,0.759,0
21,9,1,0.33,1,0.19,1.113,0.985,0.38,0
21,9,2,0.63,2,0.15,1.113,0.985,0.3,0
21,9,3,0.33,3,0.15,1.113,0.985,0.3,0
21,9,4,0.51,4,0.15,1.113,0.985,0.3,1
21,9,5,0.47,5,0.215,1.113,0.985,0.43,0
21,9,6,0.34,6,0.15,1.113,0.985,0.3,0
21,9,7,0.31,7,0.15,1.113,0.985,0.3,1
21,10,0,1.08,0,0.301,0.562,0.985,0.602,0
21,11,0,0.91,0,0.369,1.192,0.985,0.739,0
21,11,1,0.41,1,0.185,1.192,0.985,0.369,0
21,11,2,0.49,2,0.15,1.192,0.985,0.3,1
21,12,0,0.39,0,0.47,1.549,0.985,0.939,0
21,12,1,0.56,1,0.235,1.549,0.985,0.47,1
21,12,2,1.55,2,0.242,1.549,0.985,0.484,0
21,12,3,0.34,3,0.15,1.549,0.985,0.3,0
21,13,0,0.35,0,0.417,1.881,0.985,0.834,0
21,13,1,0.85,1,0.209,1.881,0.985,0.417,0
21,13,2,0.3,2,0.15,1.881,0.985,0.3,0
21,13,3,0.47,3,0.15,1.881,0.985,0.3,0
21,13,4,0.71,4,0.15,1.881,0.985,0.3,0
21,14,0,1.18,0,0.541,1.862,0.985,1.082,1
21,15,0,0.52,0,0.58,1.321,0.985,1.159,1
21,15,1,1.91,1,0.7,1.321,0.985,1.401,0
21,15,2,1.52,2,0.35,1.321,0.985,0.7,0
21,15,3,0.37,3,0.175,1.321,0.985,0.35,0
21,16,0,0.83,0,0.693,1.464,0.985,1.387,1
21,16,1,0.92,1,0.756,1.464,0.985,1.512,1
21,16,2,1.13,2,0.824,1.464,0.985,1.649,0
21,16,3,0.69,3,0.412,1.464,0.985,0.824,0
21,16,4,0.93,4,0.206,1.464,0.985,0.412,0
21,16,5,0.37,5,0.15,1.464,0.985,0.3,1
21,17,0,0.61,0,0.469,1.408,0.985,0.939,0
21,17,1,0.3,1,0.235,1.408,0.985,0.469,1
21,17,2,0.54,2,0.266,1.408,0.985,0.532,0
21,17,3,0.8,3,0.15,1.408,0.985,0.3,0
21,17,4,0.56,4,0.15,1.408,0.985,0.3,0
21,17,5,0.31,5,0.15,1.408,0.985,0.3,0
21,17,6,0.42,6,0.15,1.408,0.985,0.3,0
21,18,0,1.55,0,0.622,0.908,0.985,1.245,1
21,18,1,0.8,1,1.0,0.908,0.985,2.188,1
21,18,2,1.57,2,1.0,0.908,0.985,3.846,1
21,18,3,9.19,3,1.0,0.908,0.985,6.761,0
21,18,4,2.23,4,1.0,0.908,0.985,3.38,1
21,18,5,0.61,5,1.0,0.908,0.985,5.942,1
21,18,6,27.9,6,1.0,0.908,0.985,10.446,0
21,19,0,1.42,0,0.494,1.488,0.985,0.988,1
21,19,1,0.77,1,0.53,1.488,0.985,1.06,1
21,20,0,0.47,0,0.71,0.926,0.985,1.42,0
21,21,0,1.0,0,0.433,1.198,0.985,0.867,0
21,21,1,0.88,1,0.217,1.198,0.985,0.433,0
21,21,2,0.34,2,0.15,1.198,0.985,0.3,1
21,21,3,0.3,3,0.2,1.198,0.985,0.4,0
21,21,4,0.38,4,0.15,1.198,0.985,0.3,0
21,21,5,0.39,5,0.15,1.198,0.985,0.3,0
21,21,6,0.5,6,0.15,1.198,0.985,0.3,0
21,21,7,0.51,7,0.15,1.198,0.985,0.3,0
21,22,0,2.07,0,0.496,1.866,0.985,0.992,0
21,22,1,1.03,1,0.248,1.866,0.985,0.496,0
21,22,2,0.71,2,0.15,1.866,0.985,0.3,0
21,22,3,0.4,3,0.15,1.866,0.985,0.3,0
21,22,4,0.34,4,0.15,1.866,0.985,0.3,0
21,23,0,0.62,0,0.499,1.415,0.985,0.998,0
21,23,1,0.5,1,0.25,1.415,0.985,0.499,0
21,24,0,0.38,0,0.258,1.756,0.985,0.515,1
21,25,0,1.82,0,0.331,1.339,0.985,0.661,0
21,25,1,0.32,1,0.165,1.339,0.985,0.331,0
21,25,2,0.4,2,0.15,1.339,0.985,0.3,0
21,25,3,0.34,3,0.15,1.339,0.985,0.3,0
21,25,4,0.83,4,0.15,1.339,0.985,0.3,0
21,26,0,1.55,0,0.736,1.745,0.985,1.471,1
21,26,1,1.07,1,0.673,1.745,0.985,1.345,0
21,26,2,1.44,2,0.336,1.745,0.985,0.673,0
21,26,3,0.48,3,0.168,1.745,0.985,0.336,1
21,26,4,0.37,4,0.154,1.745,0.985,0.308,1
21,26,5,0.95,5,0.141,1.745,0.985,0.281,0
21,26,6,0.4,6,0.15,1.745,0.985,0.3,0
21,27,0,0.41,0,0.484,0.919,0.985,0.968,1
21,27,1,0.6,1,0.841,0.919,0.985,1.681,1
21,27,2,3.39,2,1.0,0.919,0.985,2.919,1
21,27,3,7.42,3,1.0,0.919,0.985,5.07,1
21,27,4,16.75,4,1.0,0.919,0.985,8.803,0
21,28,0,1.93,0,0.435,1.815,0.985,0.871,1
21,28,1,1.15,1,0.383,1.815,0.985,0.765,1
21,28,2,0.53,2,0.336,1.815,0.985,0.673,1
21,28,3,0.41,3,0.296,1.815,0.985,0.591,1
21,28,4,0.51,4,0.26,1.815,0.985,0.52,0
21,28,5,0.5,5,0.15,1.815,0.985,0.3,0
21,28,6,0.31,6,0.15,1.815,0.985,0.3,0
21,28,7,0.43,7,0.15,1.815,0.985,0.3,0
21,29,0,1.51,0,0.64,0.954,0.985,1.279,0
21,29,1,1.59,1,0.32,0.954,0.985,0.64,1
21,29,2,1.05,2,0.535,0.954,0.985,1.069,0
21,29,3,0.85,3,0.267,0.954,0.985,0.535,0
21,30,0,0.33,0,0.458,0.676,0.985,0.917,1
21,30,1,2.47,1,1.0,0.676,0.985,2.164,1
21,30,2,5.99,2,1.0,0.676,0.985,5.107,1
21,31,0,2.16,0,0.52,1.694,0.985,1.041,1
21,31,1,0.9,1,0.49,1.694,0.985,0.98,0
21,32,0,0.5,0,0.264,1.792,0.985,0.529,0
21,32,1,0.31,1,0.15,1.792,0.985,0.3,1
21,32,2,0.41,2,0.134,1.792,0.985,0.267,0
21,33,0,0.88,0,0.519,0.647,0.985,1.038,0
21,34,0,0.56,0,0.467,1.72,0.985,0.934,0
21,34,1,0.42,1,0.234,1.72,0.985,0.467,1
21,34,2,0.52,2,0.217,1.72,0.985,0.433,0
21,34,3,0.71,3,0.15,1.72,0.985,0.3,0
21,34,4,0.65,4,0.15,1.72,0.985,0.3,0
21,34,5,0.4,5,0.15,1.72,0.985,0.3,1
21,34,6,0.36,6,0.139,1.72,0.985,0.278,0
21,34,7,0.38,7,0.15,1.72,0.985,0.3,0
21,35,0,0.46,0,0.339,1.469,0.985,0.678,0
21,35,1,0.41,1,0.17,1.469,0.985,0.339,1
21,35,2,0.77,2,0.184,1.469,0.985,0.368,0
21,35,3,0.33,3,0.15,1.469,0.985,0.3,0
21,35,4,1.18,4,0.15,1.469,0.985,0.3,0
21,35,5,0.52,5,0.15,1.469,0.985,0.3,0
21,35,6,0.43,6,0.15,1.469,0.985,0.3,0
21,35,7,0.5,7,0.15,1.469,0.985,0.3,0
21,36,0,0.69,0,0.7,0.525,0.985,1.4,1
21,36,1,1.24,1,1.0,0.525,0.985,4.252,1
21,36,2,5.48,2,1.0,0.525,0.985,12.913,1
21,37,0,0.89,0,0.392,1.47,0.985,0.783,1
21,37,1,0.31,1,0.425,1.47,0.985,0.85,1
21,38,0,0.34,0,0.303,1.647,0.985,0.607,0
21,38,1,0.37,1,0.152,1.647,0.985,0.303,0
21,38,2,0.43,2,0.15,1.647,0.985,0.3,0
21,38,3,0.46,3,0.15,1.647,0.985,0.3,1
21,38,4,0.33,4,0.145,1.647,0.985,0.291,0
21,39,0,1.78,0,0.491,0.612,0.985,0.983,0
21,40,0,0.73,0,0.684,1.234,0.985,1.369,0
21,40,1,0.95,1,0.342,1.234,0.985,0.684,1
21,40,2,2.58,2,0.442,1.234,0.985,0.885,1
21,40,3,2.89,3,0.572,1.234,0.985,1.144,0
21,41,0,0.61,0,0.315,1.612,0.985,0.631,0
21,42,0,0.49,0,0.497,0.745,0.985,0.995,1
21,42,1,2.82,1,1.0,0.745,0.985,2.13,0
21,42,2,0.69,2,0.532,0.745,0.985,1.065,0
21,43,0,1.91,0,0.734,1.516,0.985,1.467,1
21,43,1,2.68,1,0.772,1.516,0.985,1.544,1
21,43,2,6.04,2,0.813,1.516,0.985,1.625,0
21,43,3,0.78,3,0.406,1.516,0.985,0.813,0
21,43,4,0.59,4,0.203,1.516,0.985,0.406,1
21,43,5,0.31,5,0.214,1.516,0.985,0.428,0
21,43,6,0.45,6,0.15,1.516,0.985,0.3,0
21,44,0,0.59,0,0.508,1.298,0.985,1.016,1
21,45,0,2.47,0,0.735,0.803,0.985,1.47,0
21,46,0,1.11,0,0.361,1.18,0.985,0.723,0
21,47,0,0.47,0,0.359,1.424,0.985,0.718,1
21,47,1,0.57,1,0.402,1.424,0.985,0.805,0
21,47,2,0.39,2,0.201,1.424,0.985,0.402,0
21,48,0,0.47,0,0.735,1.48,0.985,1.47,1
21,48,1,0.52,1,0.793,1.48,0.985,1.585,0
21,48,2,0.9,2,0.396,1.48,0.985,0.793,0
21,48,3,0.37,3,0.198,1.48,0.985,0.396,0
21,49,0,0.69,0,0.737,1.53,0.985,1.474,0
21,49,1,0.41,1,0.369,1.53,0.985,0.737,0
21,49,2,0.43,2,0.184,1.53,0.985,0.369,0
21,50,0,2.56,0,0.648,1.57,0.985,1.296,0
21,50,1,0.78,1,0.324,1.57,0.985,0.648,0
21,50,2,0.36,2,0.162,1.57,0.985,0.324,0
21,51,0,0.54,0,0.309,1.091,0.985,0.619,0
21,51,1,0.4,1,0.155,1.091,0.985,0.309,0
21,51,2,0.53,2,0.15,1.091,0.985,0.3,0
21,51,3,0.42,3,0.15,1.091,0.985,0.3,0
21,52,0,0.71,0,0.667,1.974,0.985,1.335,1
21,52,1,0.97,1,0.539,1.974,0.985,1.079,1
21,52,2,1.07,2,0.436,1.974,0.985,0.872,1
21,52,3,0.42,3,0.352,1.974,0.985,0.705,1
21,52,4,0.38,4,0.285,1.974,0.985,0.569,0
21,52,5,0.69,5,0.15,1.974,0.985,0.3,0
21,52,6,0.46,6,0.15,1.974,0.985,0.3,0
21,52,7,1.46,7,0.15,1.974,0.985,0.3,0
21,53,0,0.5,0,0.567,1.136,0.985,1.135,0
21,53,1,1.18,1,0.284,1.136,0.985,0.567,0
21,53,2,0.42,2,0.15,1.136,0.985,0.3,0
21,53,3,0.42,3,0.15,1.136,0.985,0.3,0
21,53,4,0.45,4,0.15,1.136,0.985,0.3,1
21,53,5,0.59,5,0.211,1.136,0.985,0.421,0
21,53,6,0.43,6,0.15,1.136,0.985,0.3,0
21,53,7,0.56,7,0.15,1.136,0.985,0.3,0
21,54,0,0.66,0,0.269,1.632,0.985,0.538,0
21,54,1,0.55,1,0.15,1.632,0.985,0.3,0
21,54,2,0.42,2,0.15,1.632,0.985,0.3,1
21,54,3,0.59,3,0.147,1.632,0.985,0.293,0
21,55,0,0.52,0,0.387,1.161,0.985,0.774,0
21,55,1,0.49,1,0.194,1.161,0.985,0.387,0
21,55,2,0.44,2,0.15,1.161,0.985,0.3,1
21,55,3,0.98,3,0.206,1.161,0.985,0.412,0
21,55,4,0.57,4,0.15,1.161,0.985,0.3,0
21,55,5,0.37,5,0.15,1.161,0.985,0.3,0
21,55,6,0.48,6,0.15,1.161,0.985,0.3,0
21,55,7,0.61,7,0.15,1.161,0.985,0.3,1
21,56,0,0.62,0,0.368,1.258,0.985,0.735,0
21,56,1,0.43,1,0.184,1.258,0.985,0.368,1
21,57,0,0.96,0,0.673,0.641,0.985,1.346,0
21,57,1,0.33,1,0.336,0.641,0.985,0.673,0
21,57,2,0.7,2,0.168,0.641,0.985,0.336,0
21,57,3,0.33,3,0.15,0.641,0.985,0.3,0
21,57,4,0.33,4,0.15,0.641,0.985,0.3,1
21,57,5,0.31,5,0.373,0.641,0.985,0.747,0
21,57,6,0.31,6,0.187,0.641,0.985,0.373,1
21,58,0,0.61,0,0.508,1.208,0.985,1.017,1
21,58,1,4.32,1,0.671,1.208,0.985,1.343,0
21,58,2,0.42,2,0.336,1.208,0.985,0.671,1
21,58,3,0.93,3,0.443,1.208,0.985,0.887,0
21,58,4,0.75,4,0.222,1.208,0.985,0.443,0
21,58,5,0.82,5,0.15,1.208,0.985,0.3,0
21,58,6,0.31,6,0.15,1.208,0.985,0.3,0
21,58,7,0.6,7,0.15,1.208,0.985,0.3,0
21,59,0,1.37,0,0.442,1.361,0.985,0.885,0
21,59,1,0.47,1,0.221,1.361,0.985,0.442,1
21,59,2,0.36,2,0.259,1.361,0.985,0.519,1
22,0,0,0.34,0,0.698,1.622,1.092,1.395,1
22,0,1,0.68,1,0.7,1.622,1.092,1.4,0
22,0,2,0.52,2,0.35,1.622,1.092,0.7,0
22,0,3,0.52,3,0.175,1.622,1.092,0.35,1
22,0,4,0.36,4,0.176,1.622,1.092,0.351,0
22,0,5,0.45,5,0.15,1.622,1.092,0.3,1
22,0,6,0.64,6,0.151,1.622,1.092,0.301,1
22,1,0,0.55,0,0.358,1.915,1.092,0.715,1
22,2,0,1.61,0,0.603,1.008,1.092,1.206,1
22,2,1,1.51,1,0.974,1.008,1.092,1.948,0
22,2,2,0.36,2,0.487,1.008,1.092,0.974,1
22,2,3,1.46,3,0.786,1.008,1.092,1.573,0
22,2,4,3.59,4,0.393,1.008,1.092,0.786,0
22,2,5,0.71,5,0.197,1.008,1.092,0.393,0
22,3,0,0.53,0,0.328,1.124,1.092,0.656,1
22,3,1,1.28,1,0.475,1.124,1.092,0.95,0
22,3,2,0.3,2,0.237,1.124,1.092,0.475,0
22,3,3,0.58,3,0.15,1.124,1.092,0.3,1
22,4,0,1.48,0,0.468,1.317,1.092,0.935,1
22,4,1,0.32,1,0.578,1.317,1.092,1.156,1
22,4,2,1.51,2,0.714,1.317,1.092,1.428,0
22,4,3,0.61,3,0.357,1.317,1.092,0.714,0
22,5,0,0.48,0,0.427,1.112,1.092,0.853,0
22,5,1,1.22,1,0.213,1.112,1.092,0.427,0
22,6,0,0.48,0,0.457,1.592,1.092,0.914,1
22,6,1,1.03,1,0.467,1.592,1.092,0.935,1
22,6,2,0.36,2,0.478,1.592,1.092,0.956,1
22,6,3,0.71,3,0.488,1.592,1.092,0.977,0
22,7,0,0.47,0,0.332,1.901,1.092,0.665,0
22,7,1,0.44,1,0.166,1.901,1.092,0.332,0
22,7,2,0.43,2,0.15,1.901,1.092,0.3,0
22,8,0,0.32,0,0.703,1.262,1.092,1.407,1
22,8,1,1.27,1,0.907,1.262,1.092,1.815,0
22,8,2,0.37,2,0.454,1.262,1.092,0.907,1
22,8,3,1.12,3,0.585,1.262,1.092,1.17,1
22,9,0,0.93,0,0.339,0.656,1.092,0.679,0
22,9,1,0.78,1,0.17,0.656,1.092,0.339,0
22,9,2,0.66,2,0.15,0.656,1.092,0.3,0
22,9,3,0.35,3,0.15,0.656,1.092,0.3,0
22,9,4,0.47,4,0.15,0.656,1.092,0.3,0
22,10,0,0.96,0,0.576,1.663,1.092,1.152,1
22,10,1,0.56,1,0.564,1.663,1.092,1.127,1
22,10,2,0.33,2,0.552,1.663,1.092,1.104,1
22,10,3,3.68,3,0.54,1.663,1.092,1.08,0
22,10,4,0.62,4,0.27,1.663,1.092,0.54,0
22,11,0,1.34,0,0.567,1.433,1.092,1.134,0
22,11,1,0.81,1,0.284,1.433,1.092,0.567,0
22,11,2,0.55,2,0.15,1.433,1.092,0.3,0
22,12,0,0.41,0,0.64,1.995,1.092,1.279,1
22,12,1,0.38,1,0.522,1.995,1.092,1.043,1
22,12,2,1.6,2,0.426,1.995,1.092,0.851,0
22,13,0,0.66,0,0.74,1.93,1.092,1.48,0
22,13,1,2.1,1,0.37,1.93,1.092,0.74,0
22,13,2,0.73,2,0.185,1.93,1.092,0.37,0
22,14,0,0.46,0,0.454,0.611,1.092,0.907,0
22,14,1,1.08,1,0.227,0.611,1.092,0.454,0
22,15,0,1.09,0,0.317,0.882,1.092,0.635,0
22,15,1,0.32,1,0.159,0.882,1.092,0.317,0
22,16,0,0.44,0,0.498,0.754,1.092,0.996,1
22,16,1,1.52,1,1.0,0.754,1.092,2.151,1
22,17,0,1.21,0,0.408,1.369,1.092,0.817,1
22,17,1,0.66,1,0.485,1.369,1.092,0.971,1
22,18,0,0.46,0,0.434,1.456,1.092,0.867,0
22,19,0,0.59,0,0.419,0.963,1.092,0.839,1
22,19,1,0.65,1,0.709,0.963,1.092,1.417,1
22,20,0,0.35,0,0.392,0.822,1.092,0.784,1
22,20,1,0.4,1,0.776,0.822,1.092,1.552,1
22,20,2,3.47,2,1.0,0.822,1.092,3.072,0
22,20,3,0.39,3,0.768,0.822,1.092,1.536,1
22,20,4,0.97,4,1.0,0.822,1.092,3.04,1
22,20,5,8.04,5,1.0,0.822,1.092,6.017,0
22,21,0,1.56,0,0.524,0.858,1.092,1.048,0
22,21,1,0.32,1,0.262,0.858,1.092,0.524,1
22,22,0,0.31,0,0.313,1.73,1.092,0.627,1
22,22,1,0.4,1,0.295,1.73,1.092,0.59,0
22,22,2,0.6,2,0.15,1.73,1.092,0.3,0
22,22,3,0.41,3,0.15,1.73,1.092,0.3,0
22,22,4,0.94,4,0.15,1.73,1.092,0.3,0
22,23,0,4.44,0,0.622,0.682,1.092,1.245,0
22,23,1,0.45,1,0.311,0.682,1.092,0.622,1
22,23,2,1.9,2,0.742,0.682,1.092,1.484,0
22,24,0,0.48,0,0.576,0.802,1.092,1.151,1
22,24,1,0.75,1,1.0,0.802,1.092,2.335,1
22,24,2,9.77,2,1.0,0.802,1.092,4.737,0
22,24,3,2.53,3,1.0,0.802,1.092,2.368,1
22,24,4,1.55,4,1.0,0.802,1.092,4.805,1
22,24,5,10.85,5,1.0,0.802,1.092,9.746,0
22,25,0,1.33,0,0.398,0.507,1.092,0.796,0
22,26,0,1.71,0,0.45,1.268,1.092,0.901,1
22,27,0,0.38,0,0.398,0.779,1.092,0.796,1
22,27,1,0.58,1,0.831,0.779,1.092,1.663,1
22,28,0,1.8,0,0.524,1.277,1.092,1.048,0
22,28,1,0.35,1,0.262,1.277,1.092,0.524,0
22,28,2,0.3,2,0.15,1.277,1.092,0.3,1
22,28,3,0.35,3,0.191,1.277,1.092,0.382,0
22,28,4,0.73,4,0.15,1.277,1.092,0.3,0
22,28,5,0.3,5,0.15,1.277,1.092,0.3,0
22,28,6,0.38,6,0.15,1.277,1.092,0.3,0
22,28,7,0.51,7,0.15,1.277,1.092,0.3,0
22,29,0,1.02,0,0.712,1.471,1.092,1.423,1
22,29,1,0.34,1,0.787,1.471,1.092,1.574,1
22,29,2,1.79,2,0.871,1.471,1.092,1.741,0
22,29,3,0.48,3,0.435,1.471,1.092,0.871,0
22,30,0,1.57,0,0.448,0.73,1.092,0.896,0
22,30,1,0.32,1,0.224,0.73,1.092,0.448,0
22,30,2,0.52,2,0.15,0.73,1.092,0.3,0
22,30,3,0.44,3,0.15,0.73,1.092,0.3,0
22,30,4,0.47,4,0.15,0.73,1.092,0.3,1
22,30,5,0.54,5,0.335,0.73,1.092,0.669,0
22,30,6,0.62,6,0.167,0.73,1.092,0.335,1
22,31,0,3.3,0,0.604,1.48,1.092,1.209,0
22,31,1,0.39,1,0.302,1.48,1.092,0.604,0
22,31,2,0.36,2,0.151,1.48,1.092,0.302,0
22,31,3,0.45,3,0.15,1.48,1.092,0.3,0
22,32,0,0.33,0,0.554,1.963,1.092,1.108,1
22,32,1,1.31,1,0.459,1.963,1.092,0.918,0
22,32,2,0.31,2,0.23,1.963,1.092,0.459,0
22,32,3,0.44,3,0.15,1.963,1.092,0.3,0
22,32,4,0.32,4,0.15,1.963,1.092,0.3,0
22,32,5,0.39,5,0.15,1.963,1.092,0.3,0
22,32,6,0.53,6,0.15,1.963,1.092,0.3,1
22,33,0,1.25,0,0.45,0.733,1.092,0.9,0
22,33,1,0.41,1,0.225,0.733,1.092,0.45,0
22,33,2,0.43,2,0.15,0.733,1.092,0.3,0
22,33,3,0.34,3,0.15,0.733,1.092,0.3,1
22,33,4,0.75,4,0.333,0.733,1.092,0.666,0
22,34,0,0.43,0,0.386,0.737,1.092,0.772,0
22,34,1,0.37,1,0.193,0.737,1.092,0.386,1
22,34,2,0.33,2,0.426,0.737,1.092,0.853,1
22,34,3,0.36,3,0.942,0.737,1.092,1.884,1
22,34,4,0.55,4,1.0,0.737,1.092,4.162,1
22,35,0,0.9,0,0.617,0.512,1.092,1.234,1
22,35,1,0.31,1,1.0,0.512,1.092,3.921,1
22,35,2,5.08,2,1.0,0.512,1.092,12.459,1
22,35,3,7.32,3,1.0,0.512,1.092,39.585,0
22,35,4,8.15,4,1.0,0.512,1.092,19.792,1
22,35,5,30.69,5,1.0,0.512,1.092,62.885,1
22,35,6,228.14,6,1.0,0.512,1.092,199.802,0
22,35,7,40.02,7,1.0,0.512,1.092,99.901,0
22,36,0,0.31,0,0.455,1.493,1.092,0.911,1
22,36,1,0.45,1,0.496,1.493,1.092,0.993,0
22,36,2,0.95,2,0.248,1.493,1.092,0.496,0
22,36,3,0.37,3,0.15,1.493,1.092,0.3,0
22,37,0,0.9,0,0.396,1.852,1.092,0.792,0
22,37,1,0.33,1,0.198,1.852,1.092,0.396,1
22,37,2,0.35,2,0.174,1.852,1.092,0.348,0
22,38,0,0.91,0,0.532,0.587,1.092,1.063,0
22,38,1,1.99,1,0.266,0.587,1.092,0.532,0
22,39,0,2.99,0,0.57,0.836,1.092,1.139,0
22,39,1,1.22,1,0.285,0.836,1.092,0.57,0
22,39,2,0.92,2,0.15,0.836,1.092,0.3,0
22,39,3,0.72,3,0.15,0.836,1.092,0.3,0
22,39,4,0.83,4,0.15,0.836,1.092,0.3,0
22,39,5,0.51,5,0.15,0.836,1.092,0.3,0
22,39,6,0.38,6,0.15,0.836,1.092,0.3,0
22,40,0,1.55,0,0.463,1.503,1.092,0.926,0
22,40,1,0.51,1,0.232,1.503,1.092,0.463,0
22,40,2,0.35,2,0.15,1.503,1.092,0.3,1
22,41,0,0.44,0,0.283,1.336,1.092,0.567,0
22,41,1,0.41,1,0.15,1.336,1.092,0.3,1
22,41,2,0.35,2,0.183,1.336,1.092,0.365,0
22,41,3,0.53,3,0.15,1.336,1.092,0.3,0
22,41,4,0.55,4,0.15,1.336,1.092,0.3,0
22,41,5,0.45,5,0.15,1.336,1.092,0.3,0
22,41,6,0.45,6,0.15,1.336,1.092,0.3,1
22,41,7,0.52,7,0.183,1.336,1.092,0.365,0
22,42,0,0.34,0,0.429,0.74,1.092,0.858,1
22,42,1,4.95,1,0.944,0.74,1.092,1.888,0
22,42,2,0.34,2,0.472,0.74,1.092,0.944,1
22,42,3,1.27,3,1.0,0.74,1.092,2.077,1
22,43,0,0.49,0,0.529,1.484,1.092,1.058,0
22,43,1,0.91,1,0.265,1.484,1.092,0.529,1
22,43,2,0.31,2,0.29,1.484,1.092,0.58,1
22,43,3,0.31,3,0.318,1.484,1.092,0.636,1
22,43,4,0.34,4,0.349,1.484,1.092,0.698,0
22,44,0,0.46,0,0.293,1.377,1.092,0.586,0
22,44,1,1.01,1,0.15,1.377,1.092,0.3,0
22,44,2,0.41,2,0.15,1.377,1.092,0.3,0
22,44,3,0.52,3,0.15,1.377,1.092,0.3,1
22,45,0,0.46,0,0.624,1.303,1.092,1.248,1
22,45,1,2.17,1,0.779,1.303,1.092,1.558,0
22,46,0,2.37,0,0.582,0.846,1.092,1.163,0
22,47,0,0.64,0,0.284,1.616,1.092,0.567,0
22,47,1,0.7,1,0.15,1.616,1.092,0.3,0
22,47,2,0.41,2,0.15,1.616,1.092,0.3,1
22,47,3,0.42,3,0.151,1.616,1.092,0.302,0
22,47,4,0.31,4,0.15,1.616,1.092,0.3,0
22,47,5,0.32,5,0.15,1.616,1.092,0.3,0
22,47,6,0.6,6,0.15,1.616,1.092,0.3,1
22,47,7,0.41,7,0.151,1.616,1.092,0.302,0
22,48,0,2.4,0,0.576,0.597,1.092,1.151,0
22,49,0,0.83,0,0.442,1.091,1.092,0.884,0
22,49,1,0.36,1,0.221,1.091,1.092,0.442,1
22,49,2,1.66,2,0.33,1.091,1.092,0.659,0
22,49,3,0.69,3,0.165,1.091,1.092,0.33,0
22,49,4,0.61,4,0.15,1.091,1.092,0.3,1
22,49,5,0.37,5,0.224,1.091,1.092,0.447,1
22,49,6,0.33,6,0.334,1.091,1.092,0.667,0
22,50,0,0.71,0,0.477,0.878,1.092,0.953,0
22,50,1,0.43,1,0.238,0.878,1.092,0.477,0
22,50,2,0.72,2,0.15,0.878,1.092,0.3,0
22,50,3,0.64,3,0.15,0.878,1.092,0.3,0
22,51,0,1.51,0,0.606,0.747,1.092,1.212,0
22,51,1,1.39,1,0.303,0.747,1.092,0.606,0
22,51,2,0.57,2,0.152,0.747,1.092,0.303,0
22,51,3,0.66,3,0.15,0.747,1.092,0.3,0
22,51,4,0.58,4,0.15,0.747,1.092,0.3,0
22,51,5,0.31,5,0.15,0.747,1.092,0.3,1
22,51,6,0.32,6,0.327,0.747,1.092,0.653,1
22,52,0,1.01,0,0.356,1.248,1.092,0.711,0
22,52,1,0.61,1,0.178,1.248,1.092,0.356,0
22,52,2,0.52,2,0.15,1.248,1.092,0.3,0
22,52,3,0.46,3,0.15,1.248,1.092,0.3,0
22,53,0,1.37,0,0.747,1.861,1.092,1.493,1
22,53,1,0.55,1,0.653,1.861,1.092,1.306,1
22,54,0,0.38,0,0.252,1.994,1.092,0.505,0
22,54,1,0.4,1,0.15,1.994,1.092,0.3,0
22,54,2,0.43,2,0.15,1.994,1.092,0.3,0
22,54,3,0.31,3,0.15,1.994,1.092,0.3,0
22,54,4,0.99,4,0.15,1.994,1.092,0.3,0
22,54,5,0.35,5,0.15,1.994,1.092,0.3,1
22,55,0,2.74,0,0.399,0.802,1.092,0.797,0
22,55,1,0.42,1,0.199,0.802,1.092,0.399,0
22,56,0,0.54,0,0.445,1.95,1.092,0.89,1
22,56,1,0.62,1,0.372,1.95,1.092,0.743,0
22,56,2,0.78,2,0.186,1.95,1.092,0.372,0
22,57,0,4.22,0,0.553,0.62,1.092,1.105,0
22,57,1,0.52,1,0.276,0.62,1.092,0.553,0
22,57,2,0.86,2,0.15,0.62,1.092,0.3,0
22,57,3,0.39,3,0.15,0.62,1.092,0.3,1
22,57,4,0.34,4,0.394,0.62,1.092,0.787,1
22,57,5,1.63,5,1.0,0.62,1.092,2.065,0
22,57,6,0.55,6,0.516,0.62,1.092,1.032,1
22,58,0,0.52,0,0.323,1.804,1.092,0.645,1
22,58,1,0.4,1,0.291,1.804,1.092,0.582,1
22,58,2,0.31,2,0.263,1.804,1.092,0.525,0
22,58,3,0.38,3,0.15,1.804,1.092,0.3,0
22,59,0,1.99,0,0.696,0.846,1.092,1.391,1
22,59,1,1.11,1,1.0,0.846,1.092,2.677,1
22,59,2,4.67,2,1.0,0.846,1.092,5.15,0
22,59,3,1.7,3,1.0,0.846,1.092,2.575,1
22,59,4,2.44,4,1.0,0.846,1.092,4.954,1
22,59,5,26.43,5,1.0,0.846,1.092,9.531,0
22,59,6,1.23,6,1.0,0.846,1.092,4.765,1
23,0,0,0.39,0,0.473,0.533,0.923,0.945,1
23,0,1,2.97,1,1.0,0.533,0.923,2.796,1
23,0,2,10.14,2,1.0,0.533,0.923,8.275,0
23,0,3,1.83,3,1.0,0.533,0.923,4.137,1
23,0,4,13.79,4,1.0,0.533,0.923,12.242,1
23,0,5,56.49,5,1.0,0.533,0.923,36.224,0
23,0,6,32.27,6,1.0,0.533,0.923,18.112,0
23,0,7,15.56,7,1.0,0.533,0.923,9.056,0
23,1,0,1.85,0,0.728,1.127,0.923,1.455,0
23,1,1,0.63,1,0.364,1.127,0.923,0.728,0
23,1,2,0.31,2,0.182,1.127,0.923,0.364,1
23,2,0,0.49,0,0.275,0.915,0.923,0.55,1
23,2,1,1.18,1,0.474,0.915,0.923,0.948,0
23,2,2,0.9,2,0.237,0.915,0.923,0.474,1
23,2,3,2.35,3,0.409,0.915,0.923,0.817,0
23,3,0,3.1,0,0.708,0.707,0.923,1.416,0
23,3,1,1.6,1,0.354,0.707,0.923,0.708,0
23,3,2,0.47,2,0.177,0.707,0.923,0.354,0
23,3,3,0.55,3,0.15,0.707,0.923,0.3,1
23,3,4,0.78,4,0.334,0.707,0.923,0.669,1
23,4,0,0.72,0,0.694,0.886,0.923,1.388,1
23,5,0,0.46,0,0.29,1.733,0.923,0.581,0
23,5,1,0.62,1,0.15,1.733,0.923,0.3,0
23,5,2,0.63,2,0.15,1.733,0.923,0.3,0
23,5,3,0.66,3,0.15,1.733,0.923,0.3,0
23,5,4,0.35,4,0.15,1.733,0.923,0.3,1
23,5,5,0.34,5,0.136,1.733,0.923,0.273,0
23,5,6,0.34,6,0.15,1.733,0.923,0.3,0
23,6,0,0.58,0,0.284,1.26,0.923,0.567,0
23,6,1,0.48,1,0.15,1.26,0.923,0.3,0
23,6,2,0.31,2,0.15,1.26,0.923,0.3,0
23,6,3,0.92,3,0.15,1.26,0.923,0.3,0
23,6,4,0.32,4,0.15,1.26,0.923,0.3,0
23,7,0,0.73,0,0.275,0.593,0.923,0.551,0
23,7,1,0.55,1,0.15,0.593,0.923,0.3,0
23,7,2,0.54,2,0.15,0.593,0.923,0.3,0
23,7,3,0.68,3,0.15,0.593,0.923,0.3,0
23,7,4,0.53,4,0.15,0.593,0.923,0.3,0
23,8,0,0.43,0,0.517,0.736,0.923,1.033,1
23,8,1,1.34,1,1.0,0.736,0.923,2.213,0
23,8,2,2.78,2,0.553,0.736,0.923,1.106,0
23,9,0,0.44,0,0.654,0.686,0.923,1.309,1
23,9,1,0.83,1,1.0,0.686,0.923,3.007,1
23,9,2,7.1,2,1.0,0.686,0.923,6.912,0
23,9,3,7.38,3,1.0,0.686,0.923,3.456,0
23,9,4,2.28,4,0.864,0.686,0.923,1.728,0
23,10,0,1.71,0,0.692,1.62,0.923,1.384,0
23,10,1,0.37,1,0.346,1.62,0.923,0.692,1
23,10,2,0.52,2,0.337,1.62,0.923,0.673,0
23,10,3,0.61,3,0.168,1.62,0.923,0.337,0
23,10,4,0.36,4,0.15,1.62,0.923,0.3,1
23,11,0,1.85,0,0.605,1.108,0.923,1.209,0
23,11,1,0.46,1,0.302,1.108,0.923,0.605,0
23,11,2,0.68,2,0.151,1.108,0.923,0.302,0
23,11,3,0.49,3,0.15,1.108,0.923,0.3,0
23,12,0,0.38,0,0.724,0.738,0.923,1.448,1
23,12,1,0.91,1,1.0,0.738,0.923,3.092,1
23,12,2,2.43,2,1.0,0.738,0.923,6.604,1
23,12,3,15.88,3,1.0,0.738,0.923,14.105,0
23,12,4,2.6,4,1.0,0.738,0.923,7.052,1
23,13,0,0.53,0,0.284,1.548,0.923,0.568,1
23,13,1,0.82,1,0.289,1.548,0.923,0.578,0
23,13,2,0.5,2,0.15,1.548,0.923,0.3,0
23,13,3,0.73,3,0.15,1.548,0.923,0.3,1
23,13,4,0.76,4,0.153,1.548,0.923,0.306,0
23,14,0,2.0,0,0.658,1.064,0.923,1.315,0
23,15,0,1.21,0,0.7,1.984,0.923,1.4,0
23,16,0,0.94,0,0.716,1.537,0.923,1.432,1
23,17,0,1.06,0,0.739,0.986,0.923,1.479,0
23,17,1,1.39,1,0.37,0.986,0.923,0.739,1
23,17,2,0.64,2,0.591,0.986,0.923,1.182,0
23,17,3,0.63,3,0.296,0.986,0.923,0.591,1
23,17,4,1.12,4,0.473,0.986,0.923,0.945,0
23,17,5,0.44,5,0.236,0.986,0.923,0.473,1
23,17,6,0.45,6,0.378,0.986,0.923,0.756,1
23,17,7,1.59,7,0.604,0.986,0.923,1.208,1
23,18,0,0.52,0,0.537,0.962,0.923,1.073,1
23,18,1,0.36,1,0.879,0.962,0.923,1.758,1
23,18,2,4.9,2,1.0,0.962,0.923,2.881,0
23,18,3,0.47,3,0.72,0.962,0.923,1.44,1
23,19,0,0.86,0,0.626,1.016,0.923,1.251,1
23,19,1,1.58,1,0.971,1.016,0.923,1.942,1
23,19,2,2.55,2,1.0,1.016,0.923,3.015,1
23,19,3,2.17,3,1.0,1.016,0.923,4.679,1
23,19,4,10.88,4,1.0,1.016,0.923,7.262,1
23,19,5,9.19,5,1.0,1.016,0.923,11.271,1
23,19,6,56.19,6,1.0,1.016,0.923,17.492,0
23,20,0,0.84,0,0.66,0.913,0.923,1.32,1
23,20,1,0.68,1,1.0,0.913,0.923,2.281,1
23,20,2,1.89,2,1.0,0.913,0.923,3.94,1
23,20,3,4.78,3,1.0,0.913,0.923,6.805,1
23,20,4,4.12,4,1.0,0.913,0.923,11.755,0
23,20,5,2.95,5,1.0,0.913,0.923,5.878,0
23,21,0,0.86,0,0.63,0.678,0.923,1.26,1
23,21,1,5.44,1,1.0,0.678,0.923,2.93,0
23,21,2,0.91,2,0.733,0.678,0.923,1.465,1
23,21,3,0.49,3,1.0,0.678,0.923,3.406,1
23,22,0,0.55,0,0.69,1.373,0.923,1.381,0
23,22,1,0.35,1,0.345,1.373,0.923,0.69,1
23,22,2,0.52,2,0.396,1.373,0.923,0.793,0
23,22,3,0.63,3,0.198,1.373,0.923,0.396,0
23,23,0,2.28,0,0.448,1.506,0.923,0.896,0
23,23,1,0.35,1,0.224,1.506,0.923,0.448,0
23,23,2,0.32,2,0.15,1.506,0.923,0.3,1
23,23,3,0.45,3,0.157,1.506,0.923,0.314,0
23,23,4,1.6,4,0.15,1.506,0.923,0.3,0
23,23,5,0.4,5,0.15,1.506,0.923,0.3,0
23,23,6,0.42,6,0.15,1.506,0.923,0.3,0
23,23,7,0.34,7,0.15,1.506,0.923,0.3,1
23,24,0,2.21,0,0.724,0.731,0.923,1.448,0
23,24,1,0.47,1,0.362,0.731,0.923,0.724,1
23,24,2,0.64,2,0.781,0.731,0.923,1.562,1
23,24,3,3.28,3,1.0,0.731,0.923,3.371,1
23,24,4,6.81,4,1.0,0.731,0.923,7.276,0
23,25,0,0.37,0,0.575,1.677,0.923,1.149,0
23,25,1,0.37,1,0.287,1.677,0.923,0.575,0
23,25,2,0.33,2,0.15,1.677,0.923,0.3,0
23,26,0,0.54,0,0.301,0.666,0.923,0.602,1
23,26,1,0.3,1,0.713,0.666,0.923,1.426,1
23,26,2,0.63,2,1.0,0.666,0.923,3.378,1
23,27,0,0.54,0,0.558,1.886,0.923,1.117,1
23,27,1,0.33,1,0.467,1.886,0.923,0.934,0
23,27,2,0.45,2,0.233,1.886,0.923,0.467,0
23,27,3,0.3,3,0.15,1.886,0.923,0.3,0
23,28,0,0.78,0,0.374,1.623,0.923,0.749,0
23,28,1,0.95,1,0.187,1.623,0.923,0.374,0
23,28,2,0.66,2,0.15,1.623,0.923,0.3,0
23,28,3,0.37,3,0.15,1.623,0.923,0.3,1
23,28,4,0.43,4,0.146,1.623,0.923,0.291,0
23,28,5,0.31,5,0.15,1.623,0.923,0.3,0
23,29,0,0.64,0,0.274,0.689,0.923,0.548,0
23,29,1,0.81,1,0.15,0.689,0.923,0.3,0
23,29,2,0.35,2,0.15,0.689,0.923,0.3,0
23,29,3,0.31,3,0.15,0.689,0.923,0.3,1
23,30,0,1.01,0,0.543,0.659,0.923,1.085,1
23,31,0,2.2,0,0.497,0.845,0.923,0.993,0
23,31,1,2.38,1,0.248,0.845,0.923,0.497,0
23,32,0,0.49,0,0.645,1.843,0.923,1.29,0
23,32,1,0.56,1,0.322,1.843,0.923,0.645,0
23,32,2,0.37,2,0.161,1.843,0.923,0.322,1
23,32,3,0.31,3,0.138,1.843,0.923,0.276,0
23,32,4,0.67,4,0.15,1.843,0.923,0.3,0
23,32,5,0.64,5,0.15,1.843,0.923,0.3,0
23,32,6,0.39,6,0.15,1.843,0.923,0.3,1
23,32,7,0.49,7,0.128,1.843,0.923,0.257,1
23,33,0,1.37,0,0.573,1.767,0.923,1.145,0
23,33,1,0.68,1,0.286,1.767,0.923,0.573,1
23,33,2,0.58,2,0.256,1.767,0.923,0.511,0
23,33,3,0.74,3,0.15,1.767,0.923,0.3,0
23,34,0,0.76,0,0.553,1.36,0.923,1.106,1
23,34,1,1.09,1,0.641,1.36,0.923,1.283,1
23,34,2,0.69,2,0.744,1.36,0.923,1.488,0
23,35,0,0.63,0,0.694,1.339,0.923,1.387,1
23,35,1,0.87,1,0.817,1.339,0.923,1.634,0
23,35,2,1.13,2,0.408,1.339,0.923,0.817,0
23,35,3,0.47,3,0.204,1.339,0.923,0.408,0
23,35,4,0.41,4,0.15,1.339,0.923,0.3,0
23,35,5,0.46,5,0.15,1.339,0.923,0.3,0
23,36,0,0.46,0,0.608,1.038,0.923,1.217,1
23,36,1,0.59,1,0.924,1.038,0.923,1.848,1
23,36,2,2.47,2,1.0,1.038,0.923,2.807,0
23,36,3,0.33,3,0.702,1.038,0.923,1.403,0
23,36,4,1.44,4,0.351,1.038,0.923,0.702,0
23,36,5,0.69,5,0.175,1.038,0.923,0.351,0
23,36,6,0.41,6,0.15,1.038,0.923,0.3,0
23,36,7,0.31,7,0.15,1.038,0.923,0.3,1
23,37,0,0.43,0,0.539,1.911,0.923,1.078,1
23,37,1,0.85,1,0.445,1.911,0.923,0.889,0
23,37,2,0.32,2,0.222,1.911,0.923,0.445,1
23,38,0,0.61,0,0.423,1.337,0.923,0.846,0
23,38,1,0.44,1,0.211,1.337,0.923,0.423,1
23,38,2,0.65,2,0.249,1.337,0.923,0.499,0
23,38,3,0.48,3,0.15,1.337,0.923,0.3,0
23,38,4,0.47,4,0.15,1.337,0.923,0.3,1
23,39,0,0.4,0,0.741,0.734,0.923,1.482,1
23,39,1,2.77,1,1.0,0.734,0.923,3.183,0
23,40,0,0.47,0,0.395,1.156,0.923,0.79,0
23,40,1,1.06,1,0.198,1.156,0.923,0.395,0
23,40,2,0.59,2,0.15,1.156,0.923,0.3,1
23,40,3,0.3,3,0.205,1.156,0.923,0.409,1
23,41,0,0.42,0,0.313,1.95,0.923,0.626,0
23,41,1,0.53,1,0.157,1.95,0.923,0.313,0
23,41,2,0.53,2,0.15,1.95,0.923,0.3,0
23,41,3,0.51,3,0.15,1.95,0.923,0.3,0
23,42,0,2.26,0,0.635,0.931,0.923,1.27,0
23,42,1,1.4,1,0.318,0.931,0.923,0.635,0
23,43,0,0.41,0,0.366,1.139,0.923,0.732,1
23,43,1,1.62,1,0.506,1.139,0.923,1.013,0
23,43,2,0.93,2,0.253,1.139,0.923,0.506,1
23,44,0,1.31,0,0.607,0.603,0.923,1.214,0
23,44,1,1.34,1,0.303,0.603,0.923,0.607,0
23,44,2,0.41,2,0.152,0.603,0.923,0.303,0
23,44,3,0.57,3,0.15,0.603,0.923,0.3,1
23,44,4,0.61,4,0.392,0.603,0.923,0.784,0
23,45,0,1.11,0,0.381,1.176,0.923,0.762,0
23,45,1,1.08,1,0.19,1.176,0.923,0.381,0
23,45,2,0.56,2,0.15,1.176,0.923,0.3,0
23,46,0,0.61,0,0.319,0.509,0.923,0.637,0
23,46,1,0.92,1,0.159,0.509,0.923,0.319,0
23,46,2,0.61,2,0.15,0.509,0.923,0.3,0
23,46,3,0.64,3,0.15,0.509,0.923,0.3,0
23,46,4,0.56,4,0.15,0.509,0.923,0.3,0
23,46,5,0.61,5,0.15,0.509,0.923,0.3,1
23,46,6,0.38,6,0.465,0.509,0.923,0.93,1
23,46,7,0.41,7,1.0,0.509,0.923,2.884,1
23,47,0,0.92,0,0.343,1.182,0.923,0.685,0
23,47,1,0.53,1,0.171,1.182,0.923,0.343,0
23,48,0,1.27,0,0.298,0.922,0.923,0.596,0
23,48,1,0.67,1,0.15,0.922,0.923,0.3,0
23,48,2,0.79,2,0.15,0.922,0.923,0.3,0
23,49,0,0.4,0,0.432,0.638,0.923,0.865,0
23,49,1,0.44,1,0.216,0.638,0.923,0.432,1
23,50,0,2.1,0,0.528,1.106,0.923,1.055,0
23,51,0,0.71,0,0.7,0.575,0.923,1.401,1
23,51,1,1.62,1,1.0,0.575,0.923,3.842,1
23,51,2,7.9,2,1.0,0.575,0.923,10.539,0
23,51,3,2.01,3,1.0,0.575,0.923,5.27,1
23,51,4,7.42,4,1.0,0.575,0.923,14.456,1
23,51,5,68.88,5,1.0,0.575,0.923,39.656,0
23,51,6,27.54,6,1.0,0.575,0.923,19.828,0
23,52,0,1.13,0,0.682,0.83,0.923,1.364,0
23,53,0,3.06,0,0.568,0.614,0.923,1.135,0
23,54,0,0.44,0,0.359,1.539,0.923,0.718,0
23,54,1,0.34,1,0.179,1.539,0.923,0.359,0
23,54,2,0.49,2,0.15,1.539,0.923,0.3,0
23,54,3,0.59,3,0.15,1.539,0.923,0.3,0
23,54,4,0.51,4,0.15,1.539,0.923,0.3,0
23,54,5,0.36,5,0.15,1.539,0.923,0.3,0
23,55,0,0.43,0,0.604,0.94,0.923,1.208,0
23,55,1,0.56,1,0.302,0.94,0.923,0.604,0
23,55,2,0.31,2,0.151,0.94,0.923,0.302,0
23,55,3,0.34,3,0.15,0.94,0.923,0.3,0
23,55,4,0.4,4,0.15,0.94,0.923,0.3,0
23,55,5,0.41,5,0.15,0.94,0.923,0.3,0
23,56,0,0.41,0,0.26,1.901,0.923,0.521,1
23,56,1,0.36,1,0.216,1.901,0.923,0.432,0
23,56,2,0.82,2,0.15,1.901,0.923,0.3,0
23,56,3,0.33,3,0.15,1.901,0.923,0.3,0
23,57,0,0.52,0,0.695,1.918,0.923,1.389,1
23,57,1,0.77,1,0.571,1.918,0.923,1.142,0
23,57,2,1.22,2,0.286,1.918,0.923,0.571,1
23,57,3,0.31,3,0.235,1.918,0.923,0.47,0
23,58,0,0.59,0,0.446,0.589,0.923,0.892,0
23,58,1,0.74,1,0.223,0.589,0.923,0.446,1
23,59,0,2.43,0,0.662,1.569,0.923,1.324,0
23,59,1,0.62,1,0.331,1.569,0.923,0.662,0
23,59,2,0.46,2,0.166,1.569,0.923,0.331,0
23,59,3,0.45,3,0.15,1.569,0.923,0.3,0
23,59,4,0.77,4,0.15,1.569,0.923,0.3,0
23,59,5,0.45,5,0.15,1.569,0.923,0.3,0
23,59,6,0.52,6,0.15,1.569,0.923,0.3,0
24,0,0,1.78,0,0.543,1.46,0.557,1.085,1
24,0,1,1.03,1,0.545,1.46,0.557,1.091,0
24,0,2,1.26,2,0.273,1.46,0.557,0.545,0
24,0,3,0.56,3,0.15,1.46,0.557,0.3,0
24,0,4,1.51,4,0.15,1.46,0.557,0.3,0
24,0,5,0.38,5,0.15,1.46,0.557,0.3,1
24,1,0,0.78,0,0.54,0.58,0.557,1.081,1
24,1,1,3.85,1,1.0,0.58,0.557,2.732,0
24,1,2,0.4,2,0.683,0.58,0.557,1.366,1
24,1,3,0.77,3,1.0,0.58,0.557,3.453,1
24,1,4,6.16,4,1.0,0.58,0.557,8.73,0
24,1,5,1.97,5,1.0,0.58,0.557,4.365,1
24,2,0,1.89,0,0.542,0.681,0.557,1.084,1
24,2,1,2.27,1,1.0,0.681,0.557,2.336,0
24,2,2,0.78,2,0.584,0.681,0.557,1.168,0
24,2,3,0.35,3,0.292,0.681,0.557,0.584,1
24,3,0,0.92,0,0.671,1.764,0.557,1.342,0
24,3,1,0.5,1,0.336,1.764,0.557,0.671,0
24,4,0,1.97,0,0.38,1.773,0.557,0.76,0
24,4,1,0.55,1,0.19,1.773,0.557,0.38,0
24,4,2,0.32,2,0.15,1.773,0.557,0.3,0
24,4,3,0.51,3,0.15,1.773,0.557,0.3,0
24,4,4,0.48,4,0.15,1.773,0.557,0.3,0
24,4,5,0.43,5,0.15,1.773,0.557,0.3,0
24,5,0,0.79,0,0.634,1.821,0.557,1.268,0
24,5,1,1.01,1,0.317,1.821,0.557,0.634,0
24,5,2,0.33,2,0.158,1.821,0.557,0.317,0
24,5,3,0.3,3,0.15,1.821,0.557,0.3,1
24,6,0,0.75,0,0.521,1.713,0.557,1.043,1
24,6,1,0.75,1,0.446,1.713,0.557,0.893,0
24,6,2,0.38,2,0.223,1.713,0.557,0.446,1
24,6,3,0.31,3,0.191,1.713,0.557,0.382,0
24,6,4,0.58,4,0.15,1.713,0.557,0.3,0
24,6,5,0.51,5,0.15,1.713,0.557,0.3,1
24,6,6,0.36,6,0.128,1.713,0.557,0.257,0
24,6,7,0.4,7,0.15,1.713,0.557,0.3,0
24,7,0,0.76,0,0.368,0.95,0.557,0.736,1
24,7,1,1.32,1,0.568,0.95,0.557,1.137,0
24,7,2,0.39,2,0.284,0.95,0.557,0.568,1
24,7,3,0.5,3,0.439,0.95,0.557,0.877,1
24,8,0,0.64,0,0.685,1.571,0.557,1.371,0
24,8,1,0.56,1,0.343,1.571,0.557,0.685,1
24,8,2,0.98,2,0.32,1.571,0.557,0.64,0
24,8,3,0.35,3,0.16,1.571,0.557,0.32,0
24,8,4,0.34,4,0.15,1.571,0.557,0.3,0
24,8,5,0.52,5,0.15,1.571,0.557,0.3,1
24,8,6,0.31,6,0.14,1.571,0.557,0.28,0
24,8,7,0.35,7,0.15,1.571,0.557,0.3,0
24,9,0,0.89,0,0.658,0.843,0.557,1.315,0
24,9,1,2.19,1,0.329,0.843,0.557,0.658,0
24,9,2,0.76,2,0.164,0.843,0.557,0.329,0
24,9,3,1.31,3,0.15,0.843,0.557,0.3,0
24,10,0,1.12,0,0.521,1.669,0.557,1.043,1
24,11,0,1.9,0,0.529,1.2,0.557,1.059,0
24,11,1,0.64,1,0.265,1.2,0.557,0.529,0
24,11,2,0.39,2,0.15,1.2,0.557,0.3,1
24,12,0,1.06,0,0.401,1.315,0.557,0.802,0
24,12,1,0.63,1,0.2,1.315,0.557,0.401,0
24,13,0,1.17,0,0.421,1.731,0.557,0.843,0
24,13,1,0.73,1,0.211,1.731,0.557,0.421,0
24,13,2,0.77,2,0.15,1.731,0.557,0.3,0
24,13,3,0.51,3,0.15,1.731,0.557,0.3,1
24,13,4,0.38,4,0.127,1.731,0.557,0.254,1
24,13,5,0.34,5,0.108,1.731,0.557,0.215,0
24,13,6,0.32,6,0.15,1.731,0.557,0.3,1
24,13,7,0.43,7,0.127,1.731,0.557,0.254,0
24,14,0,0.33,0,0.367,1.614,0.557,0.735,0
24,14,1,0.61,1,0.184,1.614,0.557,0.367,0
24,14,2,0.46,2,0.15,1.614,0.557,0.3,0
24,14,3,0.35,3,0.15,1.614,0.557,0.3,1
24,14,4,0.34,4,0.136,1.614,0.557,0.273,1
24,14,5,0.31,5,0.124,1.614,0.557,0.248,0
24,15,0,3.5,0,0.661,0.83,0.557,1.322,0
24,15,1,0.37,1,0.33,0.83,0.557,0.661,1
24,15,2,0.42,2,0.584,0.83,0.557,1.169,1
24,15,3,0.48,3,1.0,0.83,0.557,2.067,1
24,16,0,0.86,0,0.613,1.697,0.557,1.226,0
24,16,1,0.79,1,0.306,1.697,0.557,0.613,0
24,17,0,0.35,0,0.281,1.816,0.557,0.563,0
24,17,1,0.74,1,0.15,1.816,0.557,0.3,0
24,17,2,0.43,2,0.15,1.816,0.557,0.3,1
24,17,3,1.13,3,0.121,1.816,0.557,0.242,1
24,17,4,0.41,4,0.098,1.816,0.557,0.196,0
24,17,5,0.36,5,0.15,1.816,0.557,0.3,0
24,17,6,0.6,6,0.15,1.816,0.557,0.3,0
24,18,0,0.81,0,0.612,1.731,0.557,1.225,1
24,18,1,1.73,1,0.519,1.731,0.557,1.038,0
24,19,0,0.34,0,0.74,0.758,0.557,1.479,0
24,19,1,0.4,1,0.37,0.758,0.557,0.74,1
24,20,0,1.94,0,0.737,1.501,0.557,1.475,0
24,20,1,1.01,1,0.369,1.501,0.557,0.737,0
24,20,2,0.31,2,0.184,1.501,0.557,0.369,1
24,20,3,0.33,3,0.18,1.501,0.557,0.36,1
24,20,4,0.43,4,0.176,1.501,0.557,0.352,0
24,21,0,0.67,0,0.387,0.611,0.557,0.775,0
24,21,1,0.49,1,0.194,0.611,0.557,0.387,0
24,21,2,0.67,2,0.15,0.611,0.557,0.3,0
24,21,3,0.83,3,0.15,0.611,0.557,0.3,0
24,22,0,0.42,0,0.708,0.822,0.557,1.416,1
24,22,1,0.68,1,1.0,0.822,0.557,2.526,1
24,22,2,0.99,2,1.0,0.822,0.557,4.506,0
24,22,3,2.75,3,1.0,0.822,0.557,2.253,0
24,22,4,0.99,4,0.563,0.822,0.557,1.126,1
24,22,5,0.41,5,1.0,0.822,0.557,2.01,1
24,22,6,1.19,6,1.0,0.822,0.557,3.585,1
24,22,7,11.01,7,1.0,0.822,0.557,6.396,0
24,23,0,0.38,0,0.719,1.187,0.557,1.437,1
24,23,1,0.73,1,0.889,1.187,0.557,1.777,1
24,23,2,1.21,2,1.0,1.187,0.557,2.198,0
24,23,3,1.07,3,0.549,1.187,0.557,1.099,0
24,23,4,0.91,4,0.275,1.187,0.557,0.549,0
24,23,5,0.55,5,0.15,1.187,0.557,0.3,0
24,23,6,0.97,6,0.15,1.187,0.557,0.3,1
24,23,7,0.32,7,0.185,1.187,0.557,0.371,1
24,24,0,2.08,0,0.45,0.582,0.557,0.901,1
24,24,1,5.16,1,1.0,0.582,0.557,2.27,0
24,24,2,1.53,2,0.568,0.582,0.557,1.135,0
24,24,3,1.03,3,0.284,0.582,0.557,0.568,1
24,24,4,1.58,4,0.715,0.582,0.557,1.431,0
24,24,5,0.33,5,0.358,0.582,0.557,0.715,1
24,24,6,0.83,6,0.901,0.582,0.557,1.803,1
24,24,7,2.72,7,1.0,0.582,0.557,4.544,1
24,25,0,0.67,0,0.261,0.98,0.557,0.522,0
24,25,1,0.6,1,0.15,0.98,0.557,0.3,0
24,25,2,0.44,2,0.15,0.98,0.557,0.3,0
24,25,3,0.76,3,0.15,0.98,0.557,0.3,0
24,25,4,0.35,4,0.15,0.98,0.557,0.3,0
24,25,5,0.79,5,0.15,0.98,0.557,0.3,0
24,25,6,0.71,6,0.15,0.98,0.557,0.3,0
24,25,7,0.94,7,0.15,0.98,0.557,0.3,0
24,26,0,0.92,0,0.708,1.374,0.557,1.415,0
24,26,1,1.54,1,0.354,1.374,0.557,0.708,0
24,26,2,0.33,2,0.177,1.374,0.557,0.354,0
24,26,3,0.74,3,0.15,1.374,0.557,0.3,0
24,26,4,0.48,4,0.15,1.374,0.557,0.3,0
24,26,5,0.61,5,0.15,1.374,0.557,0.3,0
24,26,6,0.72,6,0.15,1.374,0.557,0.3,1
24,26,7,0.55,7,0.16,1.374,0.557,0.32,1
24,27,0,0.8,0,0.573,1.401,0.557,1.146,0
24,27,1,0.35,1,0.286,1.401,0.557,0.573,0
24,27,2,0.49,2,0.15,1.401,0.557,0.3,0
24,28,0,0.58,0,0.268,0.731,0.557,0.537,0
24,28,1,0.3,1,0.15,0.731,0.557,0.3,1
24,29,0,0.75,0,0.291,1.589,0.557,0.581,0
24,30,0,1.85,0,0.451,1.52,0.557,0.901,1
24,31,0,0.34,0,0.626,1.838,0.557,1.253,1
24,31,1,0.98,1,0.5,1.838,0.557,1.0,0
24,31,2,0.95,2,0.25,1.838,0.557,0.5,0
24,32,0,1.33,0,0.491,1.678,0.557,0.983,1
24,32,1,0.72,1,0.43,1.678,0.557,0.859,1
24,32,2,0.66,2,0.376,1.678,0.557,0.752,0
24,32,3,0.39,3,0.188,1.678,0.557,0.376,0
24,32,4,0.35,4,0.15,1.678,0.557,0.3,0
24,32,5,0.59,5,0.15,1.678,0.557,0.3,0
24,32,6,0.37,6,0.15,1.678,0.557,0.3,0
24,33,0,0.31,0,0.613,0.801,0.557,1.226,1
24,33,1,1.88,1,1.0,0.801,0.557,2.245,1
24,33,2,2.24,2,1.0,0.801,0.557,4.113,0
24,33,3,4.49,3,1.0,0.801,0.557,2.056,0
24,33,4,2.97,4,0.514,0.801,0.557,1.028,0
24,33,5,0.84,5,0.257,0.801,0.557,0.514,0
24,34,0,1.09,0,0.311,0.892,0.557,0.622,0
24,34,1,0.51,1,0.156,0.892,0.557,0.311,1
24,34,2,0.87,2,0.256,0.892,0.557,0.512,0
24,34,3,0.53,3,0.15,0.892,0.557,0.3,1
24,34,4,0.48,4,0.247,0.892,0.557,0.494,1
24,35,0,0.59,0,0.535,1.042,0.557,1.07,0
24,35,1,0.72,1,0.268,1.042,0.557,0.535,0
24,36,0,0.67,0,0.549,0.574,0.557,1.099,1
24,37,0,0.38,0,0.29,1.693,0.557,0.581,1
24,37,1,0.64,1,0.252,1.693,0.557,0.503,0
24,37,2,0.52,2,0.15,1.693,0.557,0.3,0
24,37,3,0.99,3,0.15,1.693,0.557,0.3,0
24,37,4,0.45,4,0.15,1.693,0.557,0.3,0
24,37,5,0.38,5,0.15,1.693,0.557,0.3,1
24,37,6,0.34,6,0.13,1.693,0.557,0.26,0
24,38,0,0.44,0,0.39,1.656,0.557,0.78,0
24,38,1,0.61,1,0.195,1.656,0.557,0.39,0
24,38,2,0.54,2,0.15,1.656,0.557,0.3,0
24,38,3,0.7,3,0.15,1.656,0.557,0.3,1
24,39,0,0.8,0,0.373,0.685,0.557,0.746,0
24,39,1,0.75,1,0.186,0.685,0.557,0.373,1
24,39,2,0.98,2,0.399,0.685,0.557,0.798,1
24,40,0,1.12,0,0.38,0.69,0.557,0.76,0
24,40,1,0.34,1,0.19,0.69,0.557,0.38,1
24,40,2,0.35,2,0.404,0.69,0.557,0.807,1
24,40,3,1.8,3,0.858,0.69,0.557,1.716,0
24,40,4,1.68,4,0.429,0.69,0.557,0.858,0
24,40,5,1.16,5,0.214,0.69,0.557,0.429,0
24,40,6,0.51,6,0.15,0.69,0.557,0.3,0
24,41,0,0.58,0,0.591,1.41,0.557,1.183,1
24,41,1,0.61,1,0.615,1.41,0.557,1.23,0
24,41,2,1.25,2,0.308,1.41,0.557,0.615,0
24,41,3,0.32,3,0.154,1.41,0.557,0.308,1
24,41,4,0.48,4,0.16,1.41,0.557,0.32,0
24,42,0,0.6,0,0.442,1.5,0.557,0.885,1
24,42,1,1.16,1,0.433,1.5,0.557,0.866,0
24,42,2,0.36,2,0.216,1.5,0.557,0.433,0
24,42,3,0.38,3,0.15,1.5,0.557,0.3,0
24,42,4,0.4,4,0.15,1.5,0.557,0.3,0
24,42,5,0.53,5,0.15,1.5,0.557,0.3,1
24,42,6,0.4,6,0.147,1.5,0.557,0.293,0
24,42,7,0.34,7,0.15,1.5,0.557,0.3,0
24,43,0,0.53,0,0.748,1.344,0.557,1.496,1
24,43,1,0.96,1,0.817,1.344,0.557,1.634,1
24,43,2,1.62,2,0.892,1.344,0.557,1.784,1
24,43,3,4.42,3,0.974,1.344,0.557,1.949,0
24,44,0,0.74,0,0.598,0.587,0.557,1.196,1
24,44,1,1.84,1,1.0,0.587,0.557,2.988,1
24,44,2,8.77,2,1.0,0.587,0.557,7.469,1
24,44,3,10.21,3,1.0,0.587,0.557,18.667,0
24,44,4,13.46,4,1.0,0.587,0.557,9.334,1
24,44,5,74.92,5,1.0,0.587,0.557,23.328,0
24,44,6,9.26,6,1.0,0.587,0.557,11.664,0
24,44,7,5.38,7,1.0,0.587,0.557,5.832,1
24,45,0,0.58,0,0.603,1.386,0.557,1.206,1
24,45,1,0.56,1,0.639,1.386,0.557,1.278,1
24,45,2,0.69,2,0.676,1.386,0.557,1.353,1
24,45,3,0.76,3,0.716,1.386,0.557,1.433,1
24,45,4,5.6,4,0.758,1.386,0.557,1.517,0
24,45,5,0.91,5,0.379,1.386,0.557,0.758,1
24,46,0,2.78,0,0.668,0.553,0.557,1.336,0
24,46,1,2.62,1,0.334,0.553,0.557,0.668,0
24,46,2,0.53,2,0.167,0.553,0.557,0.334,1
24,46,3,0.88,3,0.443,0.553,0.557,0.886,0
24,46,4,0.42,4,0.221,0.553,0.557,0.443,0
24,46,5,0.4,5,0.15,0.553,0.557,0.3,1
24,46,6,1.52,6,0.398,0.553,0.557,0.796,0
24,46,7,0.56,7,0.199,0.553,0.557,0.398,0
24,47,0,0.44,0,0.409,1.513,0.557,0.819,0
24,47,1,0.51,1,0.205,1.513,0.557,0.409,0
24,47,2,0.43,2,0.15,1.513,0.557,0.3,0
24,47,3,0.75,3,0.15,1.513,0.557,0.3,0
24,48,0,0.38,0,0.388,1.471,0.557,0.776,1
24,48,1,0.4,1,0.387,1.471,0.557,0.774,1
24,48,2,1.17,2,0.386,1.471,0.557,0.772,1
24,49,0,1.33,0,0.441,1.621,0.557,0.883,0
24,50,0,1.55,0,0.351,1.553,0.557,0.701,0
24,50,1,0.46,1,0.175,1.553,0.557,0.351,0
24,50,2,0.39,2,0.15,1.553,0.557,0.3,1
24,50,3,0.31,3,0.142,1.553,0.557,0.283,1
24,50,4,0.71,4,0.134,1.553,0.557,0.268,0
24,50,5,0.41,5,0.15,1.553,0.557,0.3,0
24,50,6,0.31,6,0.15,1.553,0.557,0.3,1
24,50,7,0.5,7,0.142,1.553,0.557,0.283,0
24,51,0,0.94,0,0.432,1.09,0.557,0.864,0
24,51,1,0.35,1,0.216,1.09,0.557,0.432,0
24,51,2,0.6,2,0.15,1.09,0.557,0.3,0
24,52,0,0.47,0,0.305,0.878,0.557,0.611,0
24,52,1,0.42,1,0.153,0.878,0.557,0.305,0
24,52,2,0.49,2,0.15,0.878,0.557,0.3,0
24,52,3,1.25,3,0.15,0.878,0.557,0.3,0
24,52,4,0.7,4,0.15,0.878,0.557,0.3,0
24,52,5,0.96,5,0.15,0.878,0.557,0.3,0
24,52,6,0.52,6,0.15,0.878,0.557,0.3,1
24,52,7,0.42,7,0.251,0.878,0.557,0.501,0
24,53,0,6.63,0,0.72,1.722,0.557,1.44,0
24,53,1,1.47,1,0.36,1.722,0.557,0.72,0
24,54,0,0.52,0,0.295,0.973,0.557,0.591,1
24,54,1,0.98,1,0.445,0.973,0.557,0.891,1
24,54,2,0.33,2,0.671,0.973,0.557,1.343,1
24,54,3,0.33,3,1.0,0.973,0.557,2.025,1
24,54,4,6.69,4,1.0,0.973,0.557,3.052,1
24,54,5,0.62,5,1.0,0.973,0.557,4.602,1
24,54,6,18.51,6,1.0,0.973,0.557,6.938,0
24,55,0,0.37,0,0.463,1.948,0.557,0.925,1
24,55,1,0.6,1,0.349,1.948,0.557,0.697,0
24,56,0,0.6,0,0.442,1.212,0.557,0.884,1
24,56,1,0.9,1,0.535,1.212,0.557,1.07,1
24,56,2,0.39,2,0.648,1.212,0.557,1.296,1
24,56,3,0.74,3,0.784,1.212,0.557,1.568,1
24,56,4,0.79,4,0.949,1.212,0.557,1.898,1
24,56,5,1.46,5,1.0,1.212,0.557,2.298,1
24,56,6,0.97,6,1.0,1.212,0.557,2.781,1
24,56,7,2.93,7,1.0,1.212,0.557,3.367,0
24,57,0,1.64,0,0.625,1.01,0.557,1.25,1
24,57,1,3.02,1,0.908,1.01,0.557,1.816,0
24,57,2,0.76,2,0.454,1.01,0.557,0.908,1
24,58,0,0.86,0,0.412,0.75,0.557,0.824,0
24,58,1,0.65,1,0.206,0.75,0.557,0.412,0
24,58,2,0.45,2,0.15,0.75,0.557,0.3,0
24,58,3,0.37,3,0.15,0.75,0.557,0.3,0
24,58,4,0.34,4,0.15,0.75,0.557,0.3,0
24,59,0,0.68,0,0.46,1.779,0.557,0.92,1
25,0,0,3.5,0,0.462,0.992,0.878,0.924,0
25,0,1,0.45,1,0.231,0.992,0.878,0.462,0
25,0,2,0.4,2,0.15,0.992,0.878,0.3,0
25,1,0,1.3,0,0.509,1.998,0.878,1.019,0
25,1,1,0.57,1,0.255,1.998,0.878,0.509,0
25,1,2,0.33,2,0.15,1.998,0.878,0.3,0
25,1,3,0.32,3,0.15,1.998,0.878,0.3,1
25,1,4,0.33,4,0.117,1.998,0.878,0.235,1
25,1,5,0.37,5,0.092,1.998,0.878,0.184,0
25,2,0,0.3,0,0.275,1.681,0.878,0.55,1
25,2,1,0.37,1,0.256,1.681,0.878,0.512,1
25,2,2,0.65,2,0.238,1.681,0.878,0.476,0
25,2,3,0.43,3,0.15,1.681,0.878,0.3,0
25,3,0,0.64,0,0.254,1.944,0.878,0.508,0
25,3,1,0.32,1,0.15,1.944,0.878,0.3,0
25,3,2,1.06,2,0.15,1.944,0.878,0.3,0
25,4,0,0.55,0,0.28,1.688,0.878,0.56,0
25,4,1,0.74,1,0.15,1.688,0.878,0.3,0
25,5,0,0.45,0,0.255,1.877,0.878,0.51,1
25,5,1,1.02,1,0.212,1.877,0.878,0.425,0
25,5,2,0.78,2,0.15,1.877,0.878,0.3,0
25,5,3,0.51,3,0.15,1.877,0.878,0.3,0
25,5,4,0.4,4,0.15,1.877,0.878,0.3,0
25,6,0,1.02,0,0.261,0.881,0.878,0.522,0
25,7,0,1.1,0,0.286,1.938,0.878,0.572,0
25,7,1,0.4,1,0.15,1.938,0.878,0.3,0
25,7,2,0.58,2,0.15,1.938,0.878,0.3,0
25,7,3,0.35,3,0.15,1.938,0.878,0.3,0
25,7,4,0.46,4,0.15,1.938,0.878,0.3,0
25,7,5,0.45,5,0.15,1.938,0.878,0.3,0
25,7,6,0.54,6,0.15,1.938,0.878,0.3,0
25,8,0,0.91,0,0.386,1.005,0.878,0.772,0
25,8,1,0.31,1,0.193,1.005,0.878,0.386,0
25,9,0,1.0,0,0.645,0.506,0.878,1.29,1
25,9,1,1.2,1,1.0,0.506,0.878,3.981,1
25,9,2,10.0,2,1.0,0.506,0.878,12.291,0
25,9,3,2.85,3,1.0,0.506,0.878,6.146,0
25,9,4,1.14,4,1.0,0.506,0.878,3.073,0
25,9,5,0.39,5,0.768,0.506,0.878,1.536,1
25,10,0,1.67,0,0.55,1.65,0.878,1.1,0
25,10,1,0.33,1,0.275,1.65,0.878,0.55,1
25,10,2,0.93,2,0.261,1.65,0.878,0.521,0
25,10,3,0.44,3,0.15,1.65,0.878,0.3,0
25,10,4,0.82,4,0.15,1.65,0.878,0.3,0
25,11,0,0.76,0,0.381,1.134,0.878,0.762,0
25,11,1,0.37,1,0.19,1.134,0.878,0.381,0
25,11,2,0.57,2,0.15,1.134,0.878,0.3,0
25,11,3,0.61,3,0.15,1.134,0.878,0.3,0
25,11,4,0.5,4,0.15,1.134,0.878,0.3,0
25,11,5,0.53,5,0.15,1.134,0.878,0.3,0
25,12,0,0.46,0,0.407,0.944,0.878,0.813,1
25,12,1,1.88,1,0.673,0.944,0.878,1.347,0
25,12,2,0.32,2,0.337,0.944,0.878,0.673,0
25,12,3,0.49,3,0.168,0.944,0.878,0.337,0
25,13,0,0.31,0,0.396,1.39,0.878,0.791,0
25,13,1,0.34,1,0.198,1.39,0.878,0.396,0
25,13,2,0.35,2,0.15,1.39,0.878,0.3,0
25,14,0,1.18,0,0.345,0.734,0.878,0.69,0
25,14,1,0.45,1,0.173,0.734,0.878,0.345,1
25,14,2,0.66,2,0.367,0.734,0.878,0.735,0
25,14,3,0.4,3,0.184,0.734,0.878,0.367,0
25,14,4,0.34,4,0.15,0.734,0.878,0.3,1
25,15,0,0.45,0,0.378,1.949,0.878,0.756,1
25,15,1,0.63,1,0.303,1.949,0.878,0.606,0
25,15,2,1.16,2,0.152,1.949,0.878,0.303,0
25,15,3,0.58,3,0.15,1.949,0.878,0.3,0
25,15,4,0.31,4,0.15,1.949,0.878,0.3,0
25,15,5,0.59,5,0.15,1.949,0.878,0.3,0
25,15,6,0.38,6,0.15,1.949,0.878,0.3,1
25,15,7,0.37,7,0.12,1.949,0.878,0.241,0
25,16,0,1.55,0,0.692,1.753,0.878,1.384,0
25,16,1,0.52,1,0.346,1.753,0.878,0.692,1
25,16,2,0.66,2,0.309,1.753,0.878,0.617,0
25,16,3,0.83,3,0.154,1.753,0.878,0.309,0
25,16,4,0.34,4,0.15,1.753,0.878,0.3,0
25,16,5,0.3,5,0.15,1.753,0.878,0.3,1
25,16,6,0.35,6,0.134,1.753,0.878,0.268,0
25,17,0,1.53,0,0.64,0.553,0.878,1.28,0
25,17,1,0.33,1,0.32,0.553,0.878,0.64,0
25,17,2,0.4,2,0.16,0.553,0.878,0.32,1
25,17,3,0.58,3,0.452,0.553,0.878,0.904,0
25,18,0,0.81,0,0.627,1.549,0.878,1.255,1
25,18,1,1.59,1,0.634,1.549,0.878,1.267,0
25,18,2,0.85,2,0.317,1.549,0.878,0.634,1
25,18,3,0.32,3,0.32,1.549,0.878,0.64,1
25,18,4,0.83,4,0.323,1.549,0.878,0.646,0
25,19,0,0.98,0,0.674,0.822,0.878,1.348,1
25,19,1,2.07,1,1.0,0.822,0.878,2.563,1
25,19,2,0.88,2,1.0,0.822,0.878,4.873,1
25,19,3,2.25,3,1.0,0.822,0.878,9.265,0
25,19,4,3.37,4,1.0,0.822,0.878,4.633,0
25,19,5,1.51,5,1.0,0.822,0.878,2.316,0
25,19,6,0.47,6,0.579,0.822,0.878,1.158,1
25,19,7,0.92,7,1.0,0.822,0.878,2.202,1
25,20,0,1.12,0,0.591,0.876,0.878,1.182,1
25,20,1,3.19,1,1.0,0.876,0.878,2.11,0
25,21,0,0.66,0,0.603,1.712,0.878,1.205,0
25,21,1,0.48,1,0.301,1.712,0.878,0.603,0
25,21,2,0.93,2,0.151,1.712,0.878,0.301,0
25,22,0,1.67,0,0.726,1.691,0.878,1.452,0
25,22,1,0.56,1,0.363,1.691,0.878,0.726,1
25,23,0,1.65,0,0.715,1.889,0.878,1.431,1
25,23,1,0.32,1,0.592,1.889,0.878,1.184,0
25,23,2,0.83,2,0.296,1.889,0.878,0.592,1
25,23,3,0.42,3,0.245,1.889,0.878,0.49,0
25,23,4,0.46,4,0.15,1.889,0.878,0.3,0
25,23,5,0.45,5,0.15,1.889,0.878,0.3,0
25,24,0,0.79,0,0.365,1.098,0.878,0.73,1
25,24,1,0.91,1,0.52,1.098,0.878,1.039,0
25,24,2,0.73,2,0.26,1.098,0.878,0.52,0
25,24,3,0.69,3,0.15,1.098,0.878,0.3,0
25,24,4,0.76,4,0.15,1.098,0.878,0.3,0
25,24,5,0.9,5,0.15,1.098,0.878,0.3,0
25,25,0,0.71,0,0.657,1.466,0.878,1.313,1
25,25,1,0.38,1,0.7,1.466,0.878,1.401,1
25,25,2,0.36,2,0.747,1.466,0.878,1.494,1
25,25,3,0.85,3,0.797,1.466,0.878,1.594,0
25,25,4,0.44,4,0.398,1.466,0.878,0.797,0
25,25,5,0.56,5,0.199,1.466,0.878,0.398,0
25,26,0,1.06,0,0.464,0.585,0.878,0.928,0
25,26,1,0.39,1,0.232,0.585,0.878,0.464,1
25,26,2,0.39,2,0.62,0.585,0.878,1.24,1
25,26,3,0.73,3,1.0,0.585,0.878,3.314,1
25,26,4,6.28,4,1.0,0.585,0.878,8.854,0
25,26,5,4.9,5,1.0,0.585,0.878,4.427,0
25,26,6,3.57,6,1.0,0.585,0.878,2.214,1
25,27,0,1.28,0,0.27,1.886,0.878,0.541,0
25,27,1,0.42,1,0.15,1.886,0.878,0.3,1
25,27,2,0.34,2,0.124,1.886,0.878,0.249,0
25,27,3,0.41,3,0.15,1.886,0.878,0.3,1
25,27,4,0.44,4,0.124,1.886,0.878,0.249,0
25,27,5,0.51,5,0.15,1.886,0.878,0.3,1
25,27,6,0.53,6,0.124,1.886,0.878,0.249,0
25,28,0,1.02,0,0.371,1.358,0.878,0.742,0
25,28,1,0.42,1,0.186,1.358,0.878,0.371,0
25,28,2,0.37,2,0.15,1.358,0.878,0.3,0
25,28,3,0.52,3,0.15,1.358,0.878,0.3,1
25,28,4,0.7,4,0.173,1.358,0.878,0.345,0
25,29,0,0.78,0,0.288,1.348,0.878,0.577,0
25,29,1,0.42,1,0.15,1.348,0.878,0.3,0
25,29,2,0.39,2,0.15,1.348,0.878,0.3,0
25,29,3,0.55,3,0.15,1.348,0.878,0.3,0
25,29,4,0.57,4,0.15,1.348,0.878,0.3,0
25,29,5,0.32,5,0.15,1.348,0.878,0.3,0
25,29,6,0.31,6,0.15,1.348,0.878,0.3,0
25,30,0,2.29,0,0.674,1.349,0.878,1.348,0
25,30,1,0.64,1,0.337,1.349,0.878,0.674,1
25,31,0,0.34,0,0.717,1.647,0.878,1.434,1
25,31,1,1.92,1,0.681,1.647,0.878,1.361,0
25,31,2,0.3,2,0.34,1.647,0.878,0.681,0
25,31,3,1.13,3,0.17,1.647,0.878,0.34,0
25,31,4,0.35,4,0.15,1.647,0.878,0.3,1
25,31,5,0.46,5,0.142,1.647,0.878,0.285,0
25,31,6,0.61,6,0.15,1.647,0.878,0.3,0
25,31,7,0.47,7,0.15,1.647,0.878,0.3,1
25,32,0,1.44,0,0.519,0.908,0.878,1.039,0
25,32,1,0.68,1,0.26,0.908,0.878,0.519,0
25,32,2,0.31,2,0.15,0.908,0.878,0.3,0
25,32,3,0.42,3,0.15,0.908,0.878,0.3,0
25,32,4,0.53,4,0.15,0.908,0.878,0.3,0
25,32,5,0.39,5,0.15,0.908,0.878,0.3,1
25,33,0,0.73,0,0.251,0.654,0.878,0.501,0
25,34,0,0.85,0,0.585,0.623,0.878,1.17,1
25,34,1,0.83,1,1.0,0.623,0.878,2.938,0
25,34,2,1.58,2,0.734,0.623,0.878,1.469,1
25,34,3,2.18,3,1.0,0.623,0.878,3.688,1
25,34,4,4.88,4,1.0,0.623,0.878,9.258,0
25,34,5,1.67,5,1.0,0.623,0.878,4.629,1
25,34,6,11.26,6,1.0,0.623,0.878,11.621,0
25,35,0,0.52,0,0.401,1.625,0.878,0.803,1
25,35,1,0.52,1,0.386,1.625,0.878,0.772,0
25,36,0,0.53,0,0.365,0.829,0.878,0.73,1
25,36,1,0.41,1,0.688,0.829,0.878,1.376,1
25,36,2,0.63,2,1.0,0.829,0.878,2.596,0
25,36,3,1.16,3,0.649,0.829,0.878,1.298,0
25,36,4,0.62,4,0.324,0.829,0.878,0.649,0
25,37,0,1.06,0,0.651,1.44,0.878,1.301,0
25,38,0,1.09,0,0.724,1.448,0.878,1.447,0
25,38,1,0.35,1,0.362,1.448,0.878,0.724,1
25,38,2,1.25,2,0.391,1.448,0.878,0.782,0
25,39,0,0.54,0,0.449,1.38,0.878,0.897,0
25,39,1,0.33,1,0.224,1.38,0.878,0.449,1
25,39,2,0.37,2,0.254,1.38,0.878,0.508,0
25,39,3,0.59,3,0.15,1.38,0.878,0.3,0
25,39,4,0.35,4,0.15,1.38,0.878,0.3,1
25,39,5,0.43,5,0.17,1.38,0.878,0.34,0
25,39,6,0.53,6,0.15,1.38,0.878,0.3,1
25,40,0,1.03,0,0.507,1.009,0.878,1.013,1
25,40,1,0.34,1,0.785,1.009,0.878,1.571,1
25,40,2,0.49,2,1.0,1.009,0.878,2.435,1
25,41,0,0.32,0,0.449,1.591,0.878,0.897,0
25,42,0,0.76,0,0.448,0.55,0.878,0.895,1
25,42,1,0.79,1,1.0,0.55,0.878,2.543,1
25,42,2,1.64,2,1.0,0.55,0.878,7.223,1
25,42,3,4.15,3,1.0,0.55,0.878,20.517,1
25,42,4,64.4,4,1.0,0.55,0.878,58.281,1
25,42,5,220.36,5,1.0,0.55,0.878,165.553,1
25,42,6,894.74,6,1.0,0.55,0.878,470.269,1
25,43,0,1.5,0,0.359,1.445,0.878,0.719,0
25,44,0,0.48,0,0.605,0.996,0.878,1.209,0
25,44,1,0.42,1,0.302,0.996,0.878,0.605,1
25,44,2,0.9,2,0.474,0.996,0.878,0.949,1
25,45,0,0.72,0,0.73,0.552,0.878,1.459,1
25,45,1,2.98,1,1.0,0.552,0.878,4.134,0
25,45,2,0.92,2,1.0,0.552,0.878,2.067,1
25,45,3,1.33,3,1.0,0.552,0.878,5.855,0
25,45,4,2.4,4,1.0,0.552,0.878,2.927,0
25,45,5,2.64,5,0.732,0.552,0.878,1.464,0
25,45,6,1.61,6,0.366,0.552,0.878,0.732,0
25,46,0,0.78,0,0.736,1.6,0.878,1.471,0
25,46,1,0.63,1,0.368,1.6,0.878,0.736,1
25,47,0,0.68,0,0.365,0.57,0.878,0.73,0
25,47,1,0.82,1,0.182,0.57,0.878,0.365,0
25,47,2,0.4,2,0.15,0.57,0.878,0.3,0
25,47,3,0.4,3,0.15,0.57,0.878,0.3,0
25,47,4,0.41,4,0.15,0.57,0.878,0.3,1
25,47,5,0.74,5,0.411,0.57,0.878,0.823,1
25,48,0,1.12,0,0.572,1.01,0.878,1.144,0
25,48,1,0.49,1,0.286,1.01,0.878,0.572,0
25,48,2,0.37,2,0.15,1.01,0.878,0.3,0
25,48,3,0.49,3,0.15,1.01,0.878,0.3,1
25,48,4,0.39,4,0.232,1.01,0.878,0.465,0
25,48,5,0.71,5,0.15,1.01,0.878,0.3,0
25,48,6,0.37,6,0.15,1.01,0.878,0.3,0
25,48,7,0.37,7,0.15,1.01,0.878,0.3,1
25,49,0,1.49,0,0.643,1.485,0.878,1.285,0
25,49,1,0.58,1,0.321,1.485,0.878,0.643,0
25,50,0,0.56,0,0.666,1.654,0.878,1.331,0
25,50,1,0.97,1,0.333,1.654,0.878,0.666,0
25,50,2,0.52,2,0.166,1.654,0.878,0.333,0
25,50,3,0.69,3,0.15,1.654,0.878,0.3,0
25,50,4,0.73,4,0.15,1.654,0.878,0.3,0
25,50,5,0.47,5,0.15,1.654,0.878,0.3,0
25,51,0,4.19,0,0.699,0.555,0.878,1.397,0
25,51,1,0.95,1,0.349,0.555,0.878,0.699,1
25,51,2,0.73,2,0.984,0.555,0.878,1.969,0
25,51,3,1.9,3,0.492,0.555,0.878,0.984,0
25,51,4,1.07,4,0.246,0.555,0.878,0.492,0
25,51,5,0.3,5,0.15,0.555,0.878,0.3,1
25,51,6,0.7,6,0.423,0.555,0.878,0.845,1
25,52,0,1.31,0,0.48,1.905,0.878,0.959,0
25,52,1,0.64,1,0.24,1.905,0.878,0.48,1
25,52,2,0.63,2,0.197,1.905,0.878,0.394,1
25,52,3,0.32,3,0.161,1.905,0.878,0.323,0
25,52,4,0.54,4,0.15,1.905,0.878,0.3,0
25,52,5,1.11,5,0.15,1.905,0.878,0.3,0
25,53,0,0.34,0,0.295,1.703,0.878,0.59,1
25,53,1,0.38,1,0.271,1.703,0.878,0.542,1
25,53,2,0.3,2,0.249,1.703,0.878,0.498,1
25,53,3,0.35,3,0.228,1.703,0.878,0.457,0
25,53,4,0.94,4,0.15,1.703,0.878,0.3,0
25,53,5,0.3,5,0.15,1.703,0.878,0.3,0
25,53,6,0.49,6,0.15,1.703,0.878,0.3,0
25,53,7,0.75,7,0.15,1.703,0.878,0.3,0
25,54,0,0.77,0,0.388,1.736,0.878,0.775,1
25,54,1,0.94,1,0.349,1.736,0.878,0.698,0
25,54,2,0.39,2,0.175,1.736,0.878,0.349,0
25,54,3,0.47,3,0.15,1.736,0.878,0.3,1
25,54,4,0.41,4,0.135,1.736,0.878,0.27,0
25,54,5,1.19,5,0.15,1.736,0.878,0.3,0
25,54,6,1.96,6,0.15,1.736,0.878,0.3,0
25,55,0,0.85,0,0.345,0.512,0.878,0.69,0
25,55,1,0.38,1,0.173,0.512,0.878,0.345,0
25,55,2,0.53,2,0.15,0.512,0.878,0.3,0
25,55,3,0.48,3,0.15,0.512,0.878,0.3,0
25,55,4,0.69,4,0.15,0.512,0.878,0.3,0
25,55,5,0.53,5,0.15,0.512,0.878,0.3,0
25,55,6,0.3,6,0.15,0.512,0.878,0.3,0
25,55,7,0.42,7,0.15,0.512,0.878,0.3,0
25,56,0,1.51,0,0.719,1.425,0.878,1.437,1
25,56,1,2.33,1,0.789,1.425,0.878,1.577,0
25,56,2,0.44,2,0.394,1.425,0.878,0.789,0
25,56,3,0.44,3,0.197,1.425,0.878,0.394,1
25,56,4,0.59,4,0.216,1.425,0.878,0.433,0
25,56,5,0.48,5,0.15,1.425,0.878,0.3,0
25,56,6,0.31,6,0.15,1.425,0.878,0.3,1
25,57,0,1.13,0,0.616,0.686,0.878,1.233,1
25,57,1,2.61,1,1.0,0.686,0.878,2.81,1
25,57,2,7.08,2,1.0,0.686,0.878,6.404,0
25,57,3,9.47,3,1.0,0.686,0.878,3.202,0
25,57,4,1.17,4,0.8,0.686,0.878,1.601,1
25,58,0,0.36,0,0.586,0.863,0.878,1.172,1
25,58,1,5.55,1,1.0,0.863,0.878,2.122,1
25,58,2,1.11,2,1.0,0.863,0.878,3.843,1
25,58,3,8.84,3,1.0,0.863,0.878,6.959,1
25,58,4,0.31,4,1.0,0.863,0.878,12.602,1
25,58,5,5.5,5,1.0,0.863,0.878,22.82,1
25,59,0,1.03,0,0.668,1.659,0.878,1.336,1
25,59,1,1.1,1,0.63,1.659,0.878,1.259,0
25,59,2,0.86,2,0.315,1.659,0.878,0.63,1
26,0,0,0.66,0,0.581,0.973,0.865,1.162,1
26,1,0,0.53,0,0.571,1.339,0.865,1.143,1
26,2,0,1.81,0,0.747,0.664,0.865,1.494,0
26,2,1,0.3,1,0.373,0.664,0.865,0.747,1
26,2,2,4.84,2,0.877,0.664,0.865,1.754,0
26,2,3,0.88,3,0.438,0.664,0.865,0.877,0
26,2,4,0.35,4,0.219,0.664,0.865,0.438,0
26,2,5,0.42,5,0.15,0.664,0.865,0.3,0
26,2,6,0.35,6,0.15,0.664,0.865,0.3,1
26,2,7,0.74,7,0.352,0.664,0.865,0.705,0
26,3,0,0.36,0,0.321,0.844,0.865,0.642,1
26,3,1,0.45,1,0.593,0.844,0.865,1.186,1
26,4,0,2.37,0,0.64,1.658,0.865,1.281,0
26,4,1,1.3,1,0.32,1.658,0.865,0.64,0
26,4,2,0.33,2,0.16,1.658,0.865,0.32,0
26,4,3,0.39,3,0.15,1.658,0.865,0.3,0
26,4,4,0.66,4,0.15,1.658,0.865,0.3,0
26,4,5,0.33,5,0.15,1.658,0.865,0.3,1
26,5,0,0.3,0,0.524,1.579,0.865,1.048,1
26,6,0,0.41,0,0.543,0.615,0.865,1.085,1
26,6,1,2.55,1,1.0,0.615,0.865,2.752,0
26,6,2,0.4,2,0.688,0.615,0.865,1.376,1
26,6,3,1.73,3,1.0,0.615,0.865,3.49,1
26,6,4,3.74,4,1.0,0.615,0.865,8.851,1
26,6,5,34.83,5,1.0,0.615,0.865,22.446,0
26,6,6,3.12,6,1.0,0.615,0.865,11.223,0
26,6,7,4.66,7,1.0,0.615,0.865,5.612,0
26,7,0,0.71,0,0.683,1.172,0.865,1.367,1
26,7,1,2.05,1,0.909,1.172,0.865,1.818,0
26,7,2,0.56,2,0.455,1.172,0.865,0.909,0
26,7,3,0.43,3,0.227,1.172,0.865,0.455,0
26,7,4,0.67,4,0.15,1.172,0.865,0.3,0
26,7,5,0.48,5,0.15,1.172,0.865,0.3,0
26,7,6,0.47,6,0.15,1.172,0.865,0.3,1
26,8,0,0.47,0,0.63,1.714,0.865,1.261,0
26,8,1,0.4,1,0.315,1.714,0.865,0.63,1
26,8,2,0.47,2,0.287,1.714,0.865,0.573,1
26,8,3,0.41,3,0.261,1.714,0.865,0.521,1
26,8,4,0.7,4,0.237,1.714,0.865,0.474,0
26,8,5,0.36,5,0.15,1.714,0.865,0.3,0
26,8,6,0.42,6,0.15,1.714,0.865,0.3,1
26,8,7,0.65,7,0.136,1.714,0.865,0.273,0
26,9,0,0.37,0,0.474,1.671,0.865,0.948,1
26,9,1,1.33,1,0.442,1.671,0.865,0.885,0
26,9,2,0.67,2,0.221,1.671,0.865,0.442,0
26,9,3,0.48,3,0.15,1.671,0.865,0.3,1
26,9,4,0.4,4,0.14,1.671,0.865,0.28,0
26,9,5,0.75,5,0.15,1.671,0.865,0.3,0
26,9,6,0.39,6,0.15,1.671,0.865,0.3,0
26,9,7,0.55,7,0.15,1.671,0.865,0.3,0
26,10,0,0.93,0,0.603,1.56,0.865,1.207,1
26,10,1,2.68,1,0.603,1.56,0.865,1.207,0
26,10,2,1.78,2,0.302,1.56,0.865,0.603,0
26,10,3,0.53,3,0.151,1.56,0.865,0.302,1
26,10,4,0.32,4,0.151,1.56,0.865,0.302,0
26,11,0,0.68,0,0.41,0.854,0.865,0.82,0
26,11,1,0.38,1,0.205,0.854,0.865,0.41,1
26,11,2,1.52,2,0.374,0.854,0.865,0.749,0
26,11,3,0.98,3,0.187,0.854,0.865,0.374,0
26,11,4,0.44,4,0.15,0.854,0.865,0.3,0
26,11,5,0.85,5,0.15,0.854,0.865,0.3,0
26,12,0,2.76,0,0.681,0.729,0.865,1.363,0
26,12,1,1.43,1,0.341,0.729,0.865,0.681,0
26,12,2,0.56,2,0.17,0.729,0.865,0.341,0
26,12,3,0.33,3,0.15,0.729,0.865,0.3,1
26,12,4,1.36,4,0.321,0.729,0.865,0.642,0
26,13,0,1.7,0,0.293,1.336,0.865,0.585,0
26,13,1,0.53,1,0.15,1.336,0.865,0.3,0
26,13,2,0.59,2,0.15,1.336,0.865,0.3,0
26,14,0,0.33,0,0.551,1.857,0.865,1.102,0
26,14,1,1.03,1,0.276,1.857,0.865,0.551,0
26,14,2,0.39,2,0.15,1.857,0.865,0.3,0
26,15,0,0.48,0,0.285,0.935,0.865,0.57,0
26,15,1,0.5,1,0.15,0.935,0.865,0.3,0
26,15,2,0.57,2,0.15,0.935,0.865,0.3,0
26,16,0,0.96,0,0.585,1.237,0.865,1.17,0
26,16,1,0.36,1,0.292,1.237,0.865,0.585,0
26,16,2,0.84,2,0.15,1.237,0.865,0.3,0
26,17,0,2.44,0,0.529,0.709,0.865,1.058,0
26,17,1,0.81,1,0.265,0.709,0.865,0.529,1
26,17,2,0.89,2,0.582,0.709,0.865,1.163,0
26,17,3,0.55,3,0.291,0.709,0.865,0.582,1
26,17,4,0.59,4,0.639,0.709,0.865,1.278,1
26,17,5,1.92,5,1.0,0.709,0.865,2.81,0
26,17,6,1.33,6,0.703,0.709,0.865,1.405,0
26,17,7,2.15,7,0.351,0.709,0.865,0.703,0
26,18,0,1.6,0,0.716,1.504,0.865,1.433,0
26,18,1,0.56,1,0.358,1.504,0.865,0.716,0
26,18,2,0.35,2,0.179,1.504,0.865,0.358,1
26,18,3,0.92,3,0.186,1.504,0.865,0.371,0
26,19,0,0.99,0,0.317,0.926,0.865,0.635,1
26,19,1,0.48,1,0.535,0.926,0.865,1.07,0
26,19,2,0.74,2,0.267,0.926,0.865,0.535,0
26,19,3,0.47,3,0.15,0.926,0.865,0.3,1
26,19,4,0.51,4,0.253,0.926,0.865,0.505,0
26,19,5,0.96,5,0.15,0.926,0.865,0.3,0
26,19,6,0.75,6,0.15,0.926,0.865,0.3,1
26,19,7,0.35,7,0.253,0.926,0.865,0.505,0
26,20,0,0.58,0,0.649,1.094,0.865,1.299,1
26,20,1,2.25,1,0.926,1.094,0.865,1.852,0
26,20,2,1.04,2,0.463,1.094,0.865,0.926,0
26,21,0,0.85,0,0.51,0.558,0.865,1.019,1
26,21,1,1.69,1,1.0,0.558,0.865,2.847,0
26,21,2,0.63,2,0.712,0.558,0.865,1.424,1
26,21,3,5.17,3,1.0,0.558,0.865,3.977,1
26,21,4,19.47,4,1.0,0.558,0.865,11.107,0
26,21,5,9.19,5,1.0,0.558,0.865,5.553,0
26,21,6,0.74,6,1.0,0.558,0.865,2.777,1
26,21,7,2.97,7,1.0,0.558,0.865,7.755,1
26,22,0,0.34,0,0.454,1.548,0.865,0.907,1
26,22,1,0.51,1,0.457,1.548,0.865,0.913,0
26,23,0,0.33,0,0.329,1.277,0.865,0.658,1
26,23,1,0.65,1,0.402,1.277,0.865,0.803,0
26,23,2,0.6,2,0.201,1.277,0.865,0.402,0
26,23,3,0.45,3,0.15,1.277,0.865,0.3,1
26,23,4,0.31,4,0.183,1.277,0.865,0.366,1
26,23,5,0.42,5,0.224,1.277,0.865,0.447,1
26,24,0,1.64,0,0.447,0.984,0.865,0.894,1
26,24,1,2.22,1,0.708,0.984,0.865,1.416,0
26,25,0,1.06,0,0.585,0.55,0.865,1.171,0
26,25,1,0.36,1,0.293,0.55,0.865,0.585,1
26,25,2,1.66,2,0.829,0.55,0.865,1.659,1
26,25,3,1.19,3,1.0,0.55,0.865,4.701,1
26,25,4,1.48,4,1.0,0.55,0.865,13.322,1
26,25,5,24.62,5,1.0,0.55,0.865,37.755,0
26,25,6,20.22,6,1.0,0.55,0.865,18.878,0
26,26,0,1.23,0,0.357,0.539,0.865,0.714,0
26,26,1,0.4,1,0.179,0.539,0.865,0.357,0
26,26,2,0.78,2,0.15,0.539,0.865,0.3,0
26,26,3,1.19,3,0.15,0.539,0.865,0.3,0
26,26,4,0.72,4,0.15,0.539,0.865,0.3,0
26,26,5,0.31,5,0.15,0.539,0.865,0.3,0
26,26,6,0.36,6,0.15,0.539,0.865,0.3,0
26,27,0,2.07,0,0.411,1.196,0.865,0.822,0
26,27,1,1.23,1,0.205,1.196,0.865,0.411,1
26,27,2,0.35,2,0.268,1.196,0.865,0.536,1
26,27,3,0.31,3,0.349,1.196,0.865,0.699,0
26,27,4,0.46,4,0.175,1.196,0.865,0.349,1
26,28,0,0.37,0,0.419,1.827,0.865,0.839,0
26,28,1,0.6,1,0.21,1.827,0.865,0.419,0
26,28,2,1.55,2,0.15,1.827,0.865,0.3,1
26,28,3,0.65,3,0.128,1.827,0.865,0.256,0
26,29,0,0.41,0,0.361,1.94,0.865,0.721,1
26,29,1,0.82,1,0.29,1.94,0.865,0.579,0
26,29,2,0.34,2,0.15,1.94,0.865,0.3,1
26,29,3,0.43,3,0.121,1.94,0.865,0.241,0
26,29,4,0.58,4,0.15,1.94,0.865,0.3,0
26,29,5,0.3,5,0.15,1.94,0.865,0.3,1
26,29,6,0.48,6,0.121,1.94,0.865,0.241,1
26,29,7,0.32,7,0.097,1.94,0.865,0.194,0
26,30,0,1.26,0,0.514,1.591,0.865,1.028,0
26,30,1,1.06,1,0.257,1.591,0.865,0.514,0
26,30,2,0.6,2,0.15,1.591,0.865,0.3,0
26,31,0,1.45,0,0.461,0.681,0.865,0.922,0
26,32,0,0.83,0,0.368,1.264,0.865,0.737,0
26,32,1,0.32,1,0.184,1.264,0.865,0.368,0
26,33,0,1.86,0,0.392,0.653,0.865,0.784,1
26,33,1,4.05,1,0.936,0.653,0.865,1.872,0
26,33,2,0.64,2,0.468,0.653,0.865,0.936,0
26,34,0,0.5,0,0.499,0.764,0.865,0.999,1
26,34,1,2.89,1,1.0,0.764,0.865,2.037,1
26,34,2,3.61,2,1.0,0.764,0.865,4.157,0
26,34,3,3.04,3,1.0,0.764,0.865,2.078,1
26,35,0,0.66,0,0.669,1.605,0.865,1.338,1
26,35,1,1.03,1,0.65,1.605,0.865,1.3,0
26,35,2,0.97,2,0.325,1.605,0.865,0.65,1
26,35,3,0.46,3,0.316,1.605,0.865,0.632,0
26,35,4,0.31,4,0.158,1.605,0.865,0.316,1
26,35,5,0.7,5,0.153,1.605,0.865,0.307,0
26,35,6,0.56,6,0.15,1.605,0.865,0.3,0
26,36,0,0.45,0,0.597,1.97,0.865,1.195,0
26,36,1,2.15,1,0.299,1.97,0.865,0.597,0
26,37,0,1.12,0,0.558,1.917,0.865,1.116,0
26,37,1,0.58,1,0.279,1.917,0.865,0.558,0
26,37,2,0.72,2,0.15,1.917,0.865,0.3,0
26,37,3,0.56,3,0.15,1.917,0.865,0.3,0
26,37,4,0.34,4,0.15,1.917,0.865,0.3,0
26,38,0,3.65,0,0.671,1.049,0.865,1.343,0
26,38,1,1.5,1,0.336,1.049,0.865,0.671,0
26,38,2,0.7,2,0.168,1.049,0.865,0.336,0
26,39,0,1.31,0,0.457,0.517,0.865,0.915,0
26,39,1,0.54,1,0.229,0.517,0.865,0.457,0
26,39,2,0.45,2,0.15,0.517,0.865,0.3,0
26,39,3,0.33,3,0.15,0.517,0.865,0.3,0
26,39,4,0.41,4,0.15,0.517,0.865,0.3,1
26,39,5,0.79,5,0.452,0.517,0.865,0.904,0
26,40,0,1.34,0,0.426,1.066,0.865,0.853,0
26,40,1,0.55,1,0.213,1.066,0.865,0.426,0
26,40,2,0.49,2,0.15,1.066,0.865,0.3,1
26,40,3,0.58,3,0.219,1.066,0.865,0.439,0
26,40,4,1.12,4,0.15,1.066,0.865,0.3,0
26,40,5,0.42,5,0.15,1.066,0.865,0.3,1
26,40,6,0.36,6,0.219,1.066,0.865,0.439,1
26,41,0,0.66,0,0.595,0.596,0.865,1.191,1
26,41,1,1.66,1,1.0,0.596,0.865,3.117,1
26,41,2,4.53,2,1.0,0.596,0.865,8.16,1
26,41,3,5.73,3,1.0,0.596,0.865,21.361,1
26,41,4,48.74,4,1.0,0.596,0.865,55.921,0
26,41,5,5.55,5,1.0,0.596,0.865,27.961,1
26,41,6,38.67,6,1.0,0.596,0.865,73.198,1
26,41,7,157.69,7,1.0,0.596,0.865,191.626,1
26,42,0,0.53,0,0.509,0.888,0.865,1.019,1
26,42,1,3.82,1,0.894,0.888,0.865,1.789,1
26,43,0,4.04,0,0.715,1.43,0.865,1.43,0
26,44,0,0.36,0,0.259,1.299,0.865,0.519,0
26,45,0,1.88,0,0.565,1.535,0.865,1.13,0
26,45,1,0.38,1,0.282,1.535,0.865,0.565,0
26,46,0,0.41,0,0.287,1.302,0.865,0.574,0
26,46,1,0.42,1,0.15,1.302,0.865,0.3,0
26,46,2,0.59,2,0.15,1.302,0.865,0.3,0
26,46,3,0.38,3,0.15,1.302,0.865,0.3,0
26,46,4,0.45,4,0.15,1.302,0.865,0.3,0
26,46,5,0.63,5,0.15,1.302,0.865,0.3,0
26,46,6,0.56,6,0.15,1.302,0.865,0.3,0
26,47,0,0.36,0,0.573,1.241,0.865,1.147,1
26,47,1,0.85,1,0.72,1.241,0.865,1.441,0
26,47,2,0.3,2,0.36,1.241,0.865,0.72,1
26,47,3,2.32,3,0.453,1.241,0.865,0.905,0
26,47,4,0.54,4,0.226,1.241,0.865,0.453,0
26,47,5,0.4,5,0.15,1.241,0.865,0.3,0
26,47,6,0.6,6,0.15,1.241,0.865,0.3,0
26,47,7,0.4,7,0.15,1.241,0.865,0.3,1
26,48,0,0.36,0,0.62,1.218,0.865,1.24,0
26,48,1,1.31,1,0.31,1.218,0.865,0.62,0
26,48,2,0.39,2,0.155,1.218,0.865,0.31,0
26,48,3,0.42,3,0.15,1.218,0.865,0.3,0
26,48,4,0.78,4,0.15,1.218,0.865,0.3,0
26,49,0,0.89,0,0.405,1.549,0.865,0.811,0
26,49,1,0.32,1,0.203,1.549,0.865,0.405,1
26,49,2,0.45,2,0.204,1.549,0.865,0.408,1
26,49,3,0.35,3,0.205,1.549,0.865,0.411,1
26,49,4,0.31,4,0.207,1.549,0.865,0.414,0
26,49,5,0.37,5,0.15,1.549,0.865,0.3,0
26,50,0,1.11,0,0.544,1.728,0.865,1.088,1
26,50,1,0.54,1,0.491,1.728,0.865,0.982,1
26,50,2,0.9,2,0.443,1.728,0.865,0.886,0
26,50,3,0.35,3,0.221,1.728,0.865,0.443,1
26,50,4,0.79,4,0.2,1.728,0.865,0.4,0
26,51,0,0.77,0,0.324,1.737,0.865,0.648,0
26,51,1,0.5,1,0.162,1.737,0.865,0.324,1
26,51,2,0.69,2,0.145,1.737,0.865,0.291,0
26,51,3,0.41,3,0.15,1.737,0.865,0.3,0
26,51,4,0.65,4,0.15,1.737,0.865,0.3,1
26,51,5,0.3,5,0.135,1.737,0.865,0.269,0
26,52,0,0.48,0,0.384,0.792,0.865,0.768,0
26,52,1,0.62,1,0.192,0.792,0.865,0.384,1
26,52,2,1.12,2,0.378,0.792,0.865,0.756,0
26,52,3,0.31,3,0.189,0.792,0.865,0.378,0
26,52,4,0.42,4,0.15,0.792,0.865,0.3,0
26,52,5,0.57,5,0.15,0.792,0.865,0.3,0
26,53,0,2.0,0,0.46,0.799,0.865,0.92,0
26,53,1,0.52,1,0.23,0.799,0.865,0.46,0
26,53,2,0.41,2,0.15,0.799,0.865,0.3,0
26,54,0,2.41,0,0.43,1.543,0.865,0.861,0
26,54,1,0.51,1,0.215,1.543,0.865,0.43,1
26,54,2,0.64,2,0.217,1.543,0.865,0.435,1
26,54,3,1.11,3,0.22,1.543,0.865,0.439,0
26,54,4,0.47,4,0.15,1.543,0.865,0.3,0
26,54,5,0.55,5,0.15,1.543,0.865,0.3,0
26,55,0,1.77,0,0.745,1.076,0.865,1.491,0
26,55,1,0.77,1,0.373,1.076,0.865,0.745,0
26,55,2,0.8,2,0.186,1.076,0.865,0.373,0
26,55,3,0.68,3,0.15,1.076,0.865,0.3,0
26,56,0,0.67,0,0.368,0.769,0.865,0.737,0
26,56,1,0.49,1,0.184,0.769,0.865,0.368,1
26,56,2,1.17,2,0.373,0.769,0.865,0.747,1
26,56,3,2.47,3,0.757,0.769,0.865,1.514,0
26,56,4,0.8,4,0.379,0.769,0.865,0.757,0
26,56,5,0.41,5,0.189,0.769,0.865,0.379,1
26,56,6,0.62,6,0.384,0.769,0.865,0.768,0
26,56,7,0.33,7,0.192,0.769,0.865,0.384,0
26,57,0,2.13,0,0.55,1.292,0.865,1.101,0
26,57,1,0.79,1,0.275,1.292,0.865,0.55,0
26,57,2,0.82,2,0.15,1.292,0.865,0.3,0
26,57,3,0.56,3,0.15,1.292,0.865,0.3,1
26,57,4,0.34,4,0.181,1.292,0.865,0.362,0
26,58,0,1.52,0,0.571,1.568,0.865,1.141,0
26,58,1,0.42,1,0.285,1.568,0.865,0.571,1
26,58,2,0.51,2,0.284,1.568,0.865,0.568,1
26,58,3,1.55,3,0.282,1.568,0.865,0.564,0
26,58,4,1.36,4,0.15,1.568,0.865,0.3,0
26,58,5,0.33,5,0.15,1.568,0.865,0.3,1
26,58,6,0.34,6,0.149,1.568,0.865,0.298,0
26,59,0,3.76,0,0.305,0.587,0.865,0.61,0
27,0,0,0.72,0,0.568,0.839,1.052,1.136,0
27,0,1,1.22,1,0.284,0.839,1.052,0.568,0
27,0,2,0.34,2,0.15,0.839,1.052,0.3,0
27,1,0,0.68,0,0.656,1.469,1.052,1.313,1
27,1,1,0.66,1,0.722,1.469,1.052,1.444,0
27,1,2,1.39,2,0.361,1.469,1.052,0.722,1
27,2,0,0.3,0,0.326,1.842,1.052,0.653,0
27,2,1,0.32,1,0.163,1.842,1.052,0.326,1
27,2,2,0.41,2,0.143,1.842,1.052,0.286,0
27,2,3,0.45,3,0.15,1.842,1.052,0.3,0
27,3,0,0.78,0,0.636,1.61,1.052,1.271,1
27,3,1,2.68,1,0.638,1.61,1.052,1.276,0
27,3,2,0.63,2,0.319,1.61,1.052,0.638,0
27,3,3,0.38,3,0.159,1.61,1.052,0.319,1
27,3,4,0.34,4,0.16,1.61,1.052,0.32,0
27,3,5,0.56,5,0.15,1.61,1.052,0.3,0
27,3,6,0.58,6,0.15,1.61,1.052,0.3,0
27,4,0,0.35,0,0.264,1.245,1.052,0.528,1
27,4,1,0.91,1,0.342,1.245,1.052,0.685,0
27,4,2,0.53,2,0.171,1.245,1.052,0.342,0
27,4,3,1.26,3,0.15,1.245,1.052,0.3,0
27,4,4,0.65,4,0.15,1.245,1.052,0.3,0
27,5,0,1.3,0,0.461,1.226,1.052,0.921,0
27,5,1,1.12,1,0.23,1.226,1.052,0.461,0
27,5,2,0.4,2,0.15,1.226,1.052,0.3,0
27,5,3,0.94,3,0.15,1.226,1.052,0.3,0
27,5,4,0.38,4,0.15,1.226,1.052,0.3,1
27,5,5,0.52,5,0.198,1.226,1.052,0.395,0
27,5,6,0.65,6,0.15,1.226,1.052,0.3,0
27,5,7,0.48,7,0.15,1.226,1.052,0.3,0
27,6,0,0.54,0,0.655,0.824,1.052,1.31,0
27,6,1,0.41,1,0.328,0.824,1.052,0.655,1
27,6,2,0.44,2,0.642,0.824,1.052,1.284,1
27,6,3,1.35,3,1.0,0.824,1.052,2.518,1
27,7,0,1.34,0,0.622,0.826,1.052,1.244,0
27,7,1,1.23,1,0.311,0.826,1.052,0.622,0
27,7,2,0.84,2,0.155,0.826,1.052,0.311,0
27,7,3,0.42,3,0.15,0.826,1.052,0.3,0
27,7,4,0.79,4,0.15,0.826,1.052,0.3,0
27,7,5,0.36,5,0.15,0.826,1.052,0.3,0
27,7,6,1.74,6,0.15,0.826,1.052,0.3,0
27,8,0,0.41,0,0.255,1.226,1.052,0.51,0
27,8,1,0.75,1,0.15,1.226,1.052,0.3,0
27,8,2,1.02,2,0.15,1.226,1.052,0.3,0
27,9,0,1.0,0,0.383,1.3,1.052,0.766,1
27,9,1,0.73,1,0.476,1.3,1.052,0.952,0
27,9,2,0.43,2,0.238,1.3,1.052,0.476,0
27,9,3,0.67,3,0.15,1.3,1.052,0.3,0
27,9,4,0.33,4,0.15,1.3,1.052,0.3,0
27,9,5,0.35,5,0.15,1.3,1.052,0.3,0
27,9,6,0.57,6,0.15,1.3,1.052,0.3,0
27,10,0,1.03,0,0.727,1.763,1.052,1.453,0
27,10,1,0.5,1,0.363,1.763,1.052,0.727,0
27,10,2,0.57,2,0.182,1.763,1.052,0.363,0
27,10,3,0.7,3,0.15,1.763,1.052,0.3,0
27,10,4,0.33,4,0.15,1.763,1.052,0.3,1
27,11,0,1.11,0,0.295,1.119,1.052,0.589,1
27,12,0,0.32,0,0.522,0.734,1.052,1.044,1
27,12,1,8.14,1,1.0,0.734,1.052,2.298,0
27,12,2,0.82,2,0.575,0.734,1.052,1.149,1
27,12,3,2.6,3,1.0,0.734,1.052,2.53,1
27,12,4,5.23,4,1.0,0.734,1.052,5.568,0
27,12,5,3.88,5,1.0,0.734,1.052,2.784,1
27,13,0,0.48,0,0.395,0.754,1.052,0.79,1
27,13,1,2.25,1,0.847,0.754,1.052,1.694,1
27,13,2,2.11,2,1.0,0.754,1.052,3.629,0
27,13,3,7.69,3,0.907,0.754,1.052,1.815,0
27,13,4,0.43,4,0.454,0.754,1.052,0.907,1
27,13,5,0.37,5,0.972,0.754,1.052,1.944,1
27,14,0,0.33,0,0.463,1.147,1.052,0.927,1
27,14,1,1.26,1,0.653,1.147,1.052,1.306,0
27,14,2,1.2,2,0.326,1.147,1.052,0.653,0
27,14,3,0.56,3,0.163,1.147,1.052,0.326,0
27,14,4,0.3,4,0.15,1.147,1.052,0.3,1
27,14,5,0.31,5,0.211,1.147,1.052,0.423,1
27,15,0,0.51,0,0.398,1.843,1.052,0.796,1
27,15,1,0.4,1,0.349,1.843,1.052,0.697,1
27,16,0,2.86,0,0.7,1.118,1.052,1.399,0
27,16,1,1.31,1,0.35,1.118,1.052,0.7,0
27,17,0,0.81,0,0.566,0.663,1.052,1.131,0
27,18,0,2.5,0,0.539,1.361,1.052,1.077,0
27,18,1,0.61,1,0.269,1.361,1.052,0.539,0
27,18,2,0.43,2,0.15,1.361,1.052,0.3,0
27,18,3,0.56,3,0.15,1.361,1.052,0.3,0
27,19,0,0.53,0,0.695,1.973,1.052,1.389,1
27,19,1,0.42,1,0.569,1.973,1.052,1.137,1
27,20,0,0.66,0,0.401,1.098,1.052,0.803,1
27,21,0,0.44,0,0.301,0.743,1.052,0.602,1
27,21,1,0.67,1,0.655,0.743,1.052,1.31,0
27,22,0,0.72,0,0.737,0.641,1.052,1.475,1
27,22,1,0.33,1,1.0,0.641,1.052,3.718,1
27,22,2,14.96,2,1.0,0.641,1.052,9.37,0
27,22,3,2.07,3,1.0,0.641,1.052,4.685,1
27,22,4,7.7,4,1.0,0.641,1.052,11.809,1
27,22,5,13.21,5,1.0,0.641,1.052,29.765,0
27,22,6,4.25,6,1.0,0.641,1.052,14.882,1
27,23,0,0.98,0,0.409,1.746,1.052,0.817,0
27,23,1,0.4,1,0.204,1.746,1.052,0.409,1
27,23,2,0.57,2,0.189,1.746,1.052,0.378,1
27,23,3,0.54,3,0.175,1.746,1.052,0.35,0
27,24,0,0.64,0,0.359,1.17,1.052,0.717,0
27,24,1,0.42,1,0.179,1.17,1.052,0.359,1
27,24,2,0.93,2,0.248,1.17,1.052,0.495,0
27,24,3,0.76,3,0.15,1.17,1.052,0.3,0
27,24,4,0.46,4,0.15,1.17,1.052,0.3,0
27,24,5,0.51,5,0.15,1.17,1.052,0.3,0
27,24,6,0.57,6,0.15,1.17,1.052,0.3,0
27,24,7,0.41,7,0.15,1.17,1.052,0.3,0
27,25,0,1.27,0,0.452,0.935,1.052,0.903,1
27,25,1,1.29,1,0.78,0.935,1.052,1.561,0
27,25,2,0.61,2,0.39,0.935,1.052,0.78,0
27,25,3,0.5,3,0.195,0.935,1.052,0.39,0
27,25,4,1.07,4,0.15,0.935,1.052,0.3,0
27,25,5,0.31,5,0.15,0.935,1.052,0.3,0
27,26,0,0.88,0,0.501,1.821,1.052,1.001,1
27,26,1,0.79,1,0.444,1.821,1.052,0.889,1
27,27,0,0.8,0,0.65,0.668,1.052,1.3,0
27,28,0,2.83,0,0.449,1.463,1.052,0.899,0
27,29,0,0.42,0,0.367,1.717,1.052,0.734,0
27,29,1,0.36,1,0.184,1.717,1.052,0.367,1
27,29,2,1.04,2,0.173,1.717,1.052,0.345,0
27,29,3,0.51,3,0.15,1.717,1.052,0.3,0
27,30,0,0.4,0,0.394,1.182,1.052,0.788,1
27,31,0,1.72,0,0.264,1.913,1.052,0.527,0
27,31,1,1.29,1,0.15,1.913,1.052,0.3,0
27,31,2,0.42,2,0.15,1.913,1.052,0.3,1
27,31,3,0.51,3,0.127,1.913,1.052,0.253,0
27,31,4,0.39,4,0.15,1.913,1.052,0.3,1
27,31,5,0.68,5,0.127,1.913,1.052,0.253,0
27,31,6,0.32,6,0.15,1.913,1.052,0.3,0
27,31,7,0.33,7,0.15,1.913,1.052,0.3,1
27,32,0,2.35,0,0.532,1.157,1.052,1.063,0
27,32,1,0.57,1,0.266,1.157,1.052,0.532,1
27,32,2,1.58,2,0.371,1.157,1.052,0.742,0
27,32,3,0.83,3,0.186,1.157,1.052,0.371,0
27,32,4,0.52,4,0.15,1.157,1.052,0.3,0
27,33,0,0.74,0,0.69,0.941,1.052,1.381,1
27,33,1,1.35,1,1.0,0.941,1.052,2.371,1
27,33,2,2.81,2,1.0,0.941,1.052,4.07,1
27,33,3,6.46,3,1.0,0.941,1.052,6.987,0
27,33,4,5.69,4,1.0,0.941,1.052,3.494,0
27,33,5,4.41,5,0.873,0.941,1.052,1.747,0
27,33,6,0.86,6,0.437,0.941,1.052,0.873,0
27,34,0,0.52,0,0.585,1.762,1.052,1.17,1
27,34,1,0.98,1,0.536,1.762,1.052,1.073,0
27,35,0,0.96,0,0.537,1.369,1.052,1.073,0
27,35,1,0.33,1,0.268,1.369,1.052,0.537,1
27,35,2,0.71,2,0.317,1.369,1.052,0.633,0
27,35,3,0.32,3,0.158,1.369,1.052,0.317,1
27,35,4,0.9,4,0.187,1.369,1.052,0.374,0
27,36,0,0.33,0,0.304,1.74,1.052,0.608,1
27,36,1,1.06,1,0.282,1.74,1.052,0.564,0
27,36,2,0.36,2,0.15,1.74,1.052,0.3,0
27,36,3,0.33,3,0.15,1.74,1.052,0.3,1
27,36,4,0.36,4,0.139,1.74,1.052,0.279,0
27,36,5,0.33,5,0.15,1.74,1.052,0.3,0
27,36,6,0.41,6,0.15,1.74,1.052,0.3,0
27,36,7,0.41,7,0.15,1.74,1.052,0.3,0
27,37,0,1.04,0,0.596,1.783,1.052,1.191,1
27,37,1,0.38,1,0.54,1.783,1.052,1.079,1
27,37,2,2.01,2,0.489,1.783,1.052,0.978,0
27,37,3,0.34,3,0.245,1.783,1.052,0.489,1
27,37,4,0.8,4,0.222,1.783,1.052,0.443,0
27,37,5,0.4,5,0.15,1.783,1.052,0.3,1
27,38,0,0.57,0,0.369,0.911,1.052,0.739,1
27,38,1,0.34,1,0.655,0.911,1.052,1.31,1
27,38,2,0.38,2,1.0,0.911,1.052,2.324,1
27,38,3,5.07,3,1.0,0.911,1.052,4.121,0
27,38,4,0.38,4,1.0,0.911,1.052,2.06,1
27,38,5,0.57,5,1.0,0.911,1.052,3.653,1
27,38,6,1.24,6,1.0,0.911,1.052,6.478,1
27,39,0,1.11,0,0.296,1.128,1.052,0.592,0
27,39,1,0.66,1,0.15,1.128,1.052,0.3,0
27,39,2,0.34,2,0.15,1.128,1.052,0.3,0
27,39,3,0.47,3,0.15,1.128,1.052,0.3,0
27,39,4,0.49,4,0.15,1.128,1.052,0.3,0
27,39,5,0.47,5,0.15,1.128,1.052,0.3,0
27,39,6,0.68,6,0.15,1.128,1.052,0.3,1
27,39,7,0.45,7,0.215,1.128,1.052,0.43,0
27,40,0,0.52,0,0.492,1.434,1.052,0.984,1
27,40,1,1.69,1,0.555,1.434,1.052,1.109,0
27,40,2,0.69,2,0.277,1.434,1.052,0.555,0
27,40,3,0.49,3,0.15,1.434,1.052,0.3,0
27,40,4,0.32,4,0.15,1.434,1.052,0.3,0
27,41,0,2.04,0,0.702,1.284,1.052,1.403,0
27,41,1,0.39,1,0.351,1.284,1.052,0.702,0
27,41,2,0.7,2,0.175,1.284,1.052,0.351,0
27,41,3,0.33,3,0.15,1.284,1.052,0.3,0
27,41,4,0.99,4,0.15,1.284,1.052,0.3,0
27,41,5,0.6,5,0.15,1.284,1.052,0.3,0
27,41,6,0.64,6,0.15,1.284,1.052,0.3,0
27,41,7,0.78,7,0.15,1.284,1.052,0.3,0
27,42,0,1.71,0,0.459,1.756,1.052,0.917,0
27,42,1,1.04,1,0.229,1.756,1.052,0.459,0
27,42,2,0.56,2,0.15,1.756,1.052,0.3,0
27,42,3,0.5,3,0.15,1.756,1.052,0.3,1
27,42,4,0.64,4,0.138,1.756,1.052,0.276,0
27,42,5,0.67,5,0.15,1.756,1.052,0.3,0
27,42,6,0.32,6,0.15,1.756,1.052,0.3,0
27,43,0,1.45,0,0.565,0.926,1.052,1.131,0
27,43,1,0.67,1,0.283,0.926,1.052,0.565,0
27,43,2,0.83,2,0.15,0.926,1.052,0.3,0
27,44,0,0.89,0,0.561,0.683,1.052,1.122,1
27,45,0,0.55,0,0.491,1.138,1.052,0.982,1
27,45,1,1.15,1,0.697,1.138,1.052,1.394,1
27,45,2,0.64,2,0.989,1.138,1.052,1.978,0
27,45,3,0.78,3,0.494,1.138,1.052,0.989,1
27,46,0,1.18,0,0.728,0.554,1.052,1.457,0
27,46,1,0.51,1,0.364,0.554,1.052,0.728,0
27,46,2,0.38,2,0.182,0.554,1.052,0.364,0
27,46,3,0.48,3,0.15,0.554,1.052,0.3,0
27,46,4,0.31,4,0.15,0.554,1.052,0.3,1
27,46,5,0.44,5,0.437,0.554,1.052,0.874,0
27,47,0,0.97,0,0.267,1.808,1.052,0.533,0
27,47,1,0.62,1,0.15,1.808,1.052,0.3,0
27,48,0,0.88,0,0.36,1.724,1.052,0.72,1
27,49,0,0.38,0,0.555,1.525,1.052,1.11,1
27,49,1,0.76,1,0.588,1.525,1.052,1.176,1
27,49,2,0.88,2,0.623,1.525,1.052,1.245,0
27,49,3,0.5,3,0.311,1.525,1.052,0.623,0
27,49,4,0.3,4,0.156,1.525,1.052,0.311,1
27,50,0,0.83,0,0.426,0.82,1.052,0.852,1
27,50,1,1.51,1,0.839,0.82,1.052,1.679,0
27,50,2,0.48,2,0.42,0.82,1.052,0.839,0
27,50,3,0.47,3,0.21,0.82,1.052,0.42,0
27,50,4,0.31,4,0.15,0.82,1.052,0.3,0
27,50,5,0.46,5,0.15,0.82,1.052,0.3,0
27,50,6,0.6,6,0.15,0.82,1.052,0.3,0
27,51,0,1.93,0,0.733,0.738,1.052,1.466,1
27,52,0,2.18,0,0.646,1.856,1.052,1.291,0
27,52,1,2.19,1,0.323,1.856,1.052,0.646,0
27,52,2,0.43,2,0.161,1.856,1.052,0.323,0
27,52,3,0.57,3,0.15,1.856,1.052,0.3,0
27,53,0,1.45,0,0.435,0.851,1.052,0.871,0
27,53,1,0.38,1,0.218,0.851,1.052,0.435,1
27,53,2,1.57,2,0.413,0.851,1.052,0.826,0
27,53,3,0.64,3,0.206,0.851,1.052,0.413,0
27,53,4,0.53,4,0.15,0.851,1.052,0.3,0
27,54,0,0.64,0,0.273,1.968,1.052,0.545,0
27,54,1,0.5,1,0.15,1.968,1.052,0.3,0
27,54,2,0.35,2,0.15,1.968,1.052,0.3,0
27,54,3,0.48,3,0.15,1.968,1.052,0.3,0
27,55,0,0.62,0,0.704,1.85,1.052,1.407,0
27,55,1,0.49,1,0.352,1.85,1.052,0.704,0
27,55,2,0.37,2,0.176,1.85,1.052,0.352,0
27,55,3,0.39,3,0.15,1.85,1.052,0.3,0
27,55,4,0.32,4,0.15,1.85,1.052,0.3,1
27,56,0,0.38,0,0.434,1.65,1.052,0.869,1
27,57,0,1.28,0,0.689,1.602,1.052,1.379,1
27,57,1,2.01,1,0.695,1.602,1.052,1.391,0
27,57,2,0.54,2,0.348,1.602,1.052,0.695,1
27,57,3,0.83,3,0.351,1.602,1.052,0.701,0
27,57,4,0.42,4,0.175,1.602,1.052,0.351,1
27,58,0,0.37,0,0.576,1.565,1.052,1.151,1
27,58,1,0.54,1,0.594,1.565,1.052,1.188,0
27,59,0,1.95,0,0.672,1.461,1.052,1.344,1
27,59,1,1.63,1,0.743,1.461,1.052,1.486,0
28,0,0,0.55,0,0.512,1.166,1.487,1.024,1
28,0,1,2.06,1,0.767,1.166,1.487,1.533,0
28,0,2,0.34,2,0.383,1.166,1.487,0.767,0
28,0,3,0.34,3,0.192,1.166,1.487,0.383,0
28,0,4,0.38,4,0.15,1.166,1.487,0.3,0
28,1,0,0.68,0,0.263,0.827,1.487,0.525,1
28,1,1,0.92,1,0.554,0.827,1.487,1.108,0
28,1,2,0.44,2,0.277,0.827,1.487,0.554,0
28,1,3,0.68,3,0.15,0.827,1.487,0.3,0
28,2,0,0.55,0,0.446,1.218,1.487,0.892,0
28,3,0,0.36,0,0.642,1.78,1.487,1.285,1
28,3,1,0.82,1,0.63,1.78,1.487,1.261,0
28,3,2,0.91,2,0.315,1.78,1.487,0.63,0
28,4,0,0.62,0,0.427,1.249,1.487,0.854,0
28,4,1,0.37,1,0.213,1.249,1.487,0.427,0
28,5,0,0.55,0,0.323,1.26,1.487,0.647,1
28,5,1,0.51,1,0.448,1.26,1.487,0.896,0
28,5,2,0.58,2,0.224,1.26,1.487,0.448,0
28,5,3,0.38,3,0.15,1.26,1.487,0.3,1
28,6,0,0.5,0,0.55,1.845,1.487,1.1,0
28,6,1,0.48,1,0.275,1.845,1.487,0.55,0
28,6,2,0.42,2,0.15,1.845,1.487,0.3,0
28,6,3,0.47,3,0.15,1.845,1.487,0.3,0
28,6,4,0.86,4,0.15,1.845,1.487,0.3,0
28,6,5,0.72,5,0.15,1.845,1.487,0.3,0
28,7,0,0.32,0,0.542,1.425,1.487,1.084,0
28,7,1,0.54,1,0.271,1.425,1.487,0.542,1
28,7,2,0.41,2,0.332,1.425,1.487,0.664,1
28,7,3,0.8,3,0.407,1.425,1.487,0.814,0
28,7,4,0.33,4,0.203,1.425,1.487,0.407,0
28,7,5,0.36,5,0.15,1.425,1.487,0.3,0
28,7,6,0.33,6,0.15,1.425,1.487,0.3,1
28,8,0,2.13,0,0.593,1.29,1.487,1.187,0
28,8,1,0.47,1,0.297,1.29,1.487,0.593,0
28,8,2,0.6,2,0.15,1.29,1.487,0.3,0
28,8,3,0.66,3,0.15,1.29,1.487,0.3,0
28,8,4,0.33,4,0.15,1.29,1.487,0.3,0
28,8,5,1.32,5,0.15,1.29,1.487,0.3,0
28,9,0,0.67,0,0.476,1.091,1.487,0.952,0
28,9,1,0.38,1,0.238,1.091,1.487,0.476,1
28,9,2,0.8,2,0.381,1.091,1.487,0.762,0
28,9,3,0.36,3,0.19,1.091,1.487,0.381,0
28,10,0,0.96,0,0.463,1.481,1.487,0.927,1
28,10,1,0.99,1,0.546,1.481,1.487,1.093,1
28,10,2,0.47,2,0.644,1.481,1.487,1.288,1
28,10,3,0.6,3,0.759,1.481,1.487,1.519,1
28,10,4,1.48,4,0.896,1.481,1.487,1.791,0
28,10,5,0.55,5,0.448,1.481,1.487,0.896,0
28,10,6,0.71,6,0.224,1.481,1.487,0.448,0
28,10,7,0.52,7,0.15,1.481,1.487,0.3,0
28,11,0,0.39,0,0.524,0.98,1.487,1.048,1
28,11,1,2.04,1,0.933,0.98,1.487,1.866,0
28,11,2,1.54,2,0.466,0.98,1.487,0.933,0
28,11,3,0.35,3,0.233,0.98,1.487,0.466,1
28,11,4,0.53,4,0.415,0.98,1.487,0.831,1
28,11,5,2.24,5,0.74,0.98,1.487,1.479,0
28,12,0,0.47,0,0.328,0.742,1.487,0.657,1
28,12,1,0.65,1,0.773,0.742,1.487,1.545,0
28,12,2,0.93,2,0.386,0.742,1.487,0.773,0
28,12,3,0.42,3,0.193,0.742,1.487,0.386,1
28,12,4,0.62,4,0.454,0.742,1.487,0.909,1
28,12,5,3.04,5,1.0,0.742,1.487,2.138,0
28,13,0,0.51,0,0.505,1.724,1.487,1.01,1
28,13,1,1.16,1,0.511,1.724,1.487,1.023,1
28,13,2,0.48,2,0.518,1.724,1.487,1.036,1
28,13,3,0.37,3,0.524,1.724,1.487,1.049,0
28,13,4,0.39,4,0.262,1.724,1.487,0.524,1
28,13,5,0.68,5,0.266,1.724,1.487,0.531,0
28,13,6,0.43,6,0.15,1.724,1.487,0.3,0
28,14,0,0.5,0,0.327,1.97,1.487,0.653,0
28,14,1,0.38,1,0.163,1.97,1.487,0.327,1
28,14,2,0.38,2,0.145,1.97,1.487,0.29,0
28,14,3,0.31,3,0.15,1.97,1.487,0.3,0
28,14,4,0.68,4,0.15,1.97,1.487,0.3,0
28,14,5,0.4,5,0.15,1.97,1.487,0.3,0
28,15,0,0.65,0,0.63,1.921,1.487,1.261,1
28,15,1,0.95,1,0.573,1.921,1.487,1.146,0
28,15,2,0.4,2,0.287,1.921,1.487,0.573,1
28,15,3,0.64,3,0.261,1.921,1.487,0.521,1
28,15,4,0.32,4,0.237,1.921,1.487,0.474,1
28,15,5,0.32,5,0.215,1.921,1.487,0.431,1
28,16,0,1.22,0,0.584,1.207,1.487,1.168,1
28,16,1,2.4,1,0.845,1.207,1.487,1.69,0
28,16,2,0.57,2,0.423,1.207,1.487,0.845,1
28,16,3,2.05,3,0.611,1.207,1.487,1.223,0
28,16,4,0.47,4,0.306,1.207,1.487,0.611,0
28,16,5,0.6,5,0.153,1.207,1.487,0.306,0
28,16,6,0.35,6,0.15,1.207,1.487,0.3,0
28,17,0,0.53,0,0.464,0.874,1.487,0.927,1
28,18,0,1.26,0,0.354,1.212,1.487,0.709,0
28,19,0,0.31,0,0.273,1.251,1.487,0.547,1
28,19,1,0.77,1,0.382,1.251,1.487,0.764,1
28,19,2,0.84,2,0.533,1.251,1.487,1.066,1
28,19,3,0.98,3,0.744,1.251,1.487,1.489,1
28,19,4,2.28,4,1.0,1.251,1.487,2.079,0
28,19,5,0.36,5,0.52,1.251,1.487,1.039,1
28,19,6,0.35,6,0.726,1.251,1.487,1.451,1
28,19,7,0.96,7,1.0,1.251,1.487,2.026,0
28,20,0,1.96,0,0.3,1.803,1.487,0.601,0
28,20,1,0.37,1,0.15,1.803,1.487,0.3,0
28,21,0,0.53,0,0.289,1.764,1.487,0.578,1
28,21,1,0.64,1,0.286,1.764,1.487,0.572,1
28,21,2,0.74,2,0.283,1.764,1.487,0.566,0
28,21,3,0.5,3,0.15,1.764,1.487,0.3,0
28,21,4,0.3,4,0.15,1.764,1.487,0.3,1
28,21,5,0.5,5,0.148,1.764,1.487,0.297,0
28,21,6,0.47,6,0.15,1.764,1.487,0.3,1
28,21,7,0.5,7,0.148,1.764,1.487,0.297,0
28,22,0,1.82,0,0.557,0.515,1.487,1.114,0
28,22,1,0.45,1,0.279,0.515,1.487,0.557,1
28,23,0,1.26,0,0.355,1.796,1.487,0.711,0
28,23,1,0.48,1,0.178,1.796,1.487,0.355,0
28,23,2,0.52,2,0.15,1.796,1.487,0.3,1
28,23,3,0.39,3,0.146,1.796,1.487,0.292,0
28,23,4,0.52,4,0.15,1.796,1.487,0.3,0
28,23,5,0.33,5,0.15,1.796,1.487,0.3,0
28,24,0,0.71,0,0.51,1.823,1.487,1.021,1
28,24,1,0.47,1,0.489,1.823,1.487,0.978,1
28,24,2,0.68,2,0.468,1.823,1.487,0.937,1
28,24,3,2.07,3,0.449,1.823,1.487,0.897,0
28,24,4,0.37,4,0.224,1.823,1.487,0.449,0
28,24,5,0.32,5,0.15,1.823,1.487,0.3,0
28,24,6,0.45,6,0.15,1.823,1.487,0.3,0
28,24,7,0.34,7,0.15,1.823,1.487,0.3,0
28,25,0,2.4,0,0.467,1.217,1.487,0.933,1
28,26,0,0.59,0,0.272,0.601,1.487,0.544,0
28,26,1,0.34,1,0.15,0.601,1.487,0.3,1
28,26,2,1.7,2,0.436,0.601,1.487,0.871,0
28,27,0,0.59,0,0.75,1.614,1.487,1.5,1
28,27,1,0.73,1,0.811,1.614,1.487,1.623,1
28,27,2,0.95,2,0.878,1.614,1.487,1.755,0
28,27,3,0.34,3,0.439,1.614,1.487,0.878,0
28,27,4,0.53,4,0.219,1.614,1.487,0.439,0
28,27,5,0.37,5,0.15,1.614,1.487,0.3,0
28,27,6,0.32,6,0.15,1.614,1.487,0.3,0
28,27,7,0.47,7,0.15,1.614,1.487,0.3,0
28,28,0,1.21,0,0.417,0.505,1.487,0.834,1
28,28,1,2.67,1,1.0,0.505,1.487,2.883,0
28,28,2,0.45,2,0.721,0.505,1.487,1.441,1
28,28,3,1.59,3,1.0,0.505,1.487,4.985,1
28,28,4,20.47,4,1.0,0.505,1.487,17.238,1
28,28,5,31.81,5,1.0,0.505,1.487,59.615,1
28,28,6,1.73,6,1.0,0.505,1.487,206.162,1
28,28,7,37.27,7,1.0,0.505,1.487,712.961,1
28,29,0,0.31,0,0.486,1.674,1.487,0.972,1
28,30,0,0.48,0,0.389,1.386,1.487,0.778,0
28,31,0,0.89,0,0.366,1.555,1.487,0.731,1
28,31,1,0.66,1,0.411,1.555,1.487,0.821,0
28,31,2,0.62,2,0.205,1.555,1.487,0.411,1
28,31,3,0.31,3,0.231,1.555,1.487,0.461,0
28,31,4,0.68,4,0.15,1.555,1.487,0.3,0
28,31,5,0.36,5,0.15,1.555,1.487,0.3,1
28,31,6,0.49,6,0.168,1.555,1.487,0.337,0
28,32,0,1.46,0,0.28,0.58,1.487,0.56,0
28,32,1,0.38,1,0.15,0.58,1.487,0.3,0
28,32,2,0.44,2,0.15,0.58,1.487,0.3,0
28,32,3,0.44,3,0.15,0.58,1.487,0.3,0
28,32,4,0.58,4,0.15,0.58,1.487,0.3,0
28,33,0,0.5,0,0.325,1.198,1.487,0.65,1
28,33,1,1.55,1,0.474,1.198,1.487,0.948,0
28,33,2,0.41,2,0.237,1.198,1.487,0.474,0
28,33,3,0.49,3,0.15,1.198,1.487,0.3,0
28,33,4,0.58,4,0.15,1.198,1.487,0.3,1
28,33,5,0.49,5,0.219,1.198,1.487,0.437,0
28,34,0,1.41,0,0.583,1.72,1.487,1.166,0
28,34,1,0.61,1,0.292,1.72,1.487,0.583,0
28,34,2,0.61,2,0.15,1.72,1.487,0.3,0
28,34,3,0.78,3,0.15,1.72,1.487,0.3,0
28,34,4,0.65,4,0.15,1.72,1.487,0.3,0
28,34,5,0.71,5,0.15,1.72,1.487,0.3,0
28,34,6,0.62,6,0.15,1.72,1.487,0.3,0
28,35,0,0.68,0,0.454,0.523,1.487,0.907,0
28,35,1,0.86,1,0.227,0.523,1.487,0.454,1
28,35,2,1.5,2,0.757,0.523,1.487,1.514,0
28,35,3,1.53,3,0.379,0.523,1.487,0.757,0
28,36,0,0.31,0,0.432,1.054,1.487,0.864,1
28,36,1,4.77,1,0.716,1.054,1.487,1.431,0
28,36,2,1.78,2,0.358,1.054,1.487,0.716,0
28,36,3,0.41,3,0.179,1.054,1.487,0.358,0
28,36,4,0.39,4,0.15,1.054,1.487,0.3,0
28,36,5,0.5,5,0.15,1.054,1.487,0.3,0
28,36,6,0.48,6,0.15,1.054,1.487,0.3,0
28,37,0,0.59,0,0.478,0.74,1.487,0.956,1
28,38,0,0.9,0,0.629,0.717,1.487,1.259,0
28,38,1,0.92,1,0.315,0.717,1.487,0.629,0
28,38,2,0.58,2,0.157,0.717,1.487,0.315,0
28,38,3,0.85,3,0.15,0.717,1.487,0.3,0
28,38,4,0.46,4,0.15,0.717,1.487,0.3,0
28,38,5,0.38,5,0.15,0.717,1.487,0.3,0
28,38,6,0.54,6,0.15,0.717,1.487,0.3,0
28,38,7,0.84,7,0.15,0.717,1.487,0.3,0
28,39,0,0.87,0,0.743,1.717,1.487,1.487,0
28,39,1,1.48,1,0.372,1.717,1.487,0.743,0
28,39,2,0.69,2,0.186,1.717,1.487,0.372,0
28,39,3,0.37,3,0.15,1.717,1.487,0.3,1
28,39,4,0.37,4,0.153,1.717,1.487,0.305,0
28,39,5,0.41,5,0.15,1.717,1.487,0.3,0
28,40,0,1.25,0,0.407,0.874,1.487,0.813,1
28,40,1,0.57,1,0.812,0.874,1.487,1.625,0
28,40,2,0.31,2,0.406,0.874,1.487,0.812,0
28,40,3,0.48,3,0.203,0.874,1.487,0.406,1
28,40,4,0.96,4,0.406,0.874,1.487,0.812,1
28,40,5,0.36,5,0.811,0.874,1.487,1.622,1
28,40,6,2.53,6,1.0,0.874,1.487,3.241,1
28,40,7,2.64,7,1.0,0.874,1.487,6.475,1
28,41,0,1.04,0,0.75,1.077,1.487,1.5,1
28,42,0,0.55,0,0.531,0.878,1.487,1.063,1
28,42,1,2.78,1,1.0,0.878,1.487,2.115,1
28,42,2,3.75,2,1.0,0.878,1.487,4.207,0
28,42,3,0.51,3,1.0,0.878,1.487,2.103,1
28,42,4,2.33,4,1.0,0.878,1.487,4.185,1
28,42,5,8.96,5,1.0,0.878,1.487,8.325,0
28,43,0,1.04,0,0.744,1.195,1.487,1.489,0
28,43,1,3.48,1,0.372,1.195,1.487,0.744,0
28,43,2,0.78,2,0.186,1.195,1.487,0.372,0
28,44,0,1.66,0,0.683,1.907,1.487,1.366,0
28,44,1,1.21,1,0.341,1.907,1.487,0.683,0
28,44,2,0.5,2,0.171,1.907,1.487,0.341,0
28,44,3,0.34,3,0.15,1.907,1.487,0.3,0
28,44,4,0.51,4,0.15,1.907,1.487,0.3,0
28,45,0,0.94,0,0.724,1.23,1.487,1.447,0
28,45,1,0.64,1,0.362,1.23,1.487,0.724,0
28,45,2,0.54,2,0.181,1.23,1.487,0.362,0
28,45,3,0.78,3,0.15,1.23,1.487,0.3,0
28,45,4,0.35,4,0.15,1.23,1.487,0.3,0
28,45,5,0.3,5,0.15,1.23,1.487,0.3,0
28,45,6,0.41,6,0.15,1.23,1.487,0.3,0
28,45,7,0.35,7,0.15,1.23,1.487,0.3,0
28,46,0,0.84,0,0.687,1.531,1.487,1.375,1
28,46,1,1.0,1,0.784,1.531,1.487,1.567,0
28,46,2,0.88,2,0.392,1.531,1.487,0.784,0
28,46,3,0.66,3,0.196,1.531,1.487,0.392,0
28,46,4,0.47,4,0.15,1.531,1.487,0.3,0
28,46,5,0.51,5,0.15,1.531,1.487,0.3,0
28,46,6,0.43,6,0.15,1.531,1.487,0.3,1
28,47,0,1.1,0,0.439,1.752,1.487,0.877,1
28,47,1,1.16,1,0.437,1.752,1.487,0.875,0
28,47,2,1.0,2,0.219,1.752,1.487,0.437,0
28,47,3,0.53,3,0.15,1.752,1.487,0.3,0
28,47,4,0.58,4,0.15,1.752,1.487,0.3,0
28,47,5,0.38,5,0.15,1.752,1.487,0.3,0
28,47,6,0.69,6,0.15,1.752,1.487,0.3,0
28,47,7,0.71,7,0.15,1.752,1.487,0.3,0
28,48,0,0.61,0,0.591,1.03,1.487,1.182,0
28,48,1,0.46,1,0.295,1.03,1.487,0.591,1
28,48,2,0.49,2,0.501,1.03,1.487,1.001,0
28,48,3,0.91,3,0.25,1.03,1.487,0.501,0
28,49,0,1.85,0,0.394,1.132,1.487,0.789,0
28,49,1,0.38,1,0.197,1.132,1.487,0.394,1
28,49,2,0.45,2,0.304,1.132,1.487,0.609,0
28,49,3,0.43,3,0.152,1.132,1.487,0.304,0
28,49,4,0.37,4,0.15,1.132,1.487,0.3,0
28,49,5,0.31,5,0.15,1.132,1.487,0.3,1
28,49,6,0.4,6,0.231,1.132,1.487,0.463,1
28,50,0,0.59,0,0.381,0.839,1.487,0.762,0
28,50,1,0.44,1,0.19,0.839,1.487,0.381,0
28,50,2,0.41,2,0.15,0.839,1.487,0.3,1
28,51,0,0.31,0,0.418,1.156,1.487,0.836,1
28,51,1,1.38,1,0.631,1.156,1.487,1.263,1
28,51,2,1.08,2,0.953,1.156,1.487,1.907,0
28,51,3,1.33,3,0.477,1.156,1.487,0.953,0
28,52,0,0.48,0,0.254,1.033,1.487,0.508,0
28,52,1,0.45,1,0.15,1.033,1.487,0.3,1
28,52,2,1.07,2,0.253,1.033,1.487,0.507,0
28,52,3,1.32,3,0.15,1.033,1.487,0.3,0
28,53,0,1.44,0,0.547,1.052,1.487,1.094,0
28,54,0,0.45,0,0.539,1.853,1.487,1.078,1
28,54,1,2.71,1,0.508,1.853,1.487,1.016,0
28,55,0,0.56,0,0.552,0.735,1.487,1.105,1
28,55,1,2.32,1,1.0,0.735,1.487,2.623,1
28,55,2,6.7,2,1.0,0.735,1.487,6.227,1
28,55,3,9.06,3,1.0,0.735,1.487,14.784,1
28,55,4,38.7,4,1.0,0.735,1.487,35.099,0
28,55,5,16.97,5,1.0,0.735,1.487,17.549,0
28,56,0,0.33,0,0.721,1.156,1.487,1.441,1
28,56,1,1.92,1,1.0,1.156,1.487,2.177,0
28,56,2,1.46,2,0.544,1.156,1.487,1.089,1
28,56,3,2.06,3,0.822,1.156,1.487,1.645,0
28,56,4,0.33,4,0.411,1.156,1.487,0.822,1
28,57,0,0.33,0,0.261,0.761,1.487,0.522,1
28,58,0,0.42,0,0.426,0.982,1.487,0.851,1
28,58,1,1.04,1,0.757,0.982,1.487,1.513,1
28,58,2,1.64,2,1.0,0.982,1.487,2.69,0
28,58,3,1.93,3,0.673,0.982,1.487,1.345,0
28,58,4,0.85,4,0.336,0.982,1.487,0.673,1
28,58,5,3.14,5,0.598,0.982,1.487,1.196,0
28,59,0,0.48,0,0.287,1.113,1.487,0.575,1
28,59,1,0.38,1,0.451,1.113,1.487,0.901,0
29,0,0,1.38,0,0.444,0.835,1.196,0.888,0
29,0,1,2.02,1,0.222,0.835,1.196,0.444,0
29,0,2,0.5,2,0.15,0.835,1.196,0.3,0
29,1,0,2.06,0,0.413,1.328,1.196,0.827,0
29,1,1,0.31,1,0.207,1.328,1.196,0.413,0
29,1,2,0.43,2,0.15,1.328,1.196,0.3,0
29,1,3,0.35,3,0.15,1.328,1.196,0.3,0
29,2,0,1.09,0,0.593,1.11,1.196,1.187,0
29,2,1,0.78,1,0.297,1.11,1.196,0.593,0
29,3,0,1.9,0,0.378,1.511,1.196,0.755,0
29,4,0,0.9,0,0.589,1.144,1.196,1.178,1
29,4,1,0.69,1,0.854,1.144,1.196,1.708,1
29,4,2,0.7,2,1.0,1.144,1.196,2.477,1
29,4,3,5.31,3,1.0,1.144,1.196,3.592,0
29,4,4,0.51,4,0.898,1.144,1.196,1.796,0
29,4,5,1.22,5,0.449,1.144,1.196,0.898,0
29,4,6,0.84,6,0.224,1.144,1.196,0.449,0
29,4,7,0.54,7,0.15,1.144,1.196,0.3,0
29,5,0,2.86,0,0.503,1.446,1.196,1.007,0
29,5,1,0.32,1,0.252,1.446,1.196,0.503,0
29,6,0,0.64,0,0.659,0.591,1.196,1.317,1
29,6,1,0.47,1,1.0,0.591,1.196,3.699,1
29,6,2,1.31,2,1.0,0.591,1.196,10.384,1
29,6,3,1.72,3,1.0,0.591,1.196,29.152,1
29,7,0,1.23,0,0.408,1.479,1.196,0.815,0
29,8,0,0.76,0,0.313,1.257,1.196,0.625,0
29,8,1,0.91,1,0.156,1.257,1.196,0.313,0
29,8,2,1.0,2,0.15,1.257,1.196,0.3,0
29,8,3,0.68,3,0.15,1.257,1.196,0.3,0
29,9,0,0.32,0,0.308,0.733,1.196,0.615,0
29,9,1,0.36,1,0.154,0.733,1.196,0.308,0
29,9,2,0.34,2,0.15,0.733,1.196,0.3,1
29,10,0,0.88,0,0.59,0.784,1.196,1.179,1
29,11,0,0.61,0,0.515,1.129,1.196,1.03,1
29,11,1,1.77,1,0.757,1.129,1.196,1.514,1
29,12,0,1.75,0,0.341,1.734,1.196,0.683,0
29,12,1,0.7,1,0.171,1.734,1.196,0.341,0
29,12,2,0.34,2,0.15,1.734,1.196,0.3,0
29,12,3,0.41,3,0.15,1.734,1.196,0.3,0
29,12,4,0.59,4,0.15,1.734,1.196,0.3,0
29,13,0,0.46,0,0.541,1.365,1.196,1.083,1
29,13,1,0.55,1,0.658,1.365,1.196,1.316,1
29,13,2,1.0,2,0.8,1.365,1.196,1.6,0
29,13,3,0.39,3,0.4,1.365,1.196,0.8,1
29,13,4,2.52,4,0.486,1.365,1.196,0.973,0
29,13,5,1.27,5,0.243,1.365,1.196,0.486,0
29,13,6,0.39,6,0.15,1.365,1.196,0.3,0
29,13,7,0.5,7,0.15,1.365,1.196,0.3,0
29,14,0,0.38,0,0.298,1.194,1.196,0.596,1
29,14,1,0.64,1,0.414,1.194,1.196,0.828,0
29,14,2,0.7,2,0.207,1.194,1.196,0.414,0
29,14,3,0.39,3,0.15,1.194,1.196,0.3,0
29,14,4,1.02,4,0.15,1.194,1.196,0.3,0
29,15,0,1.73,0,0.425,1.575,1.196,0.849,0
29,15,1,1.0,1,0.212,1.575,1.196,0.425,1
29,15,2,0.64,2,0.224,1.575,1.196,0.447,0
29,15,3,0.34,3,0.15,1.575,1.196,0.3,1
29,15,4,0.41,4,0.158,1.575,1.196,0.316,0
29,15,5,0.45,5,0.15,1.575,1.196,0.3,0
29,15,6,0.58,6,0.15,1.575,1.196,0.3,0
29,15,7,0.6,7,0.15,1.575,1.196,0.3,0
29,16,0,6.25,0,0.604,1.775,1.196,1.208,0
29,17,0,0.61,0,0.314,0.588,1.196,0.628,0
29,17,1,0.37,1,0.157,0.588,1.196,0.314,1
29,17,2,0.34,2,0.443,0.588,1.196,0.886,0
29,17,3,1.3,3,0.221,0.588,1.196,0.443,0
29,17,4,0.75,4,0.15,0.588,1.196,0.3,0
29,17,5,0.51,5,0.15,0.588,1.196,0.3,0
29,17,6,0.32,6,0.15,0.588,1.196,0.3,0
29,18,0,2.18,0,0.537,1.414,1.196,1.074,1
29,18,1,2.66,1,0.63,1.414,1.196,1.26,0
29,18,2,0.55,2,0.315,1.414,1.196,0.63,0
29,18,3,0.36,3,0.158,1.414,1.196,0.315,1
29,18,4,0.4,4,0.185,1.414,1.196,0.37,0
29,18,5,0.3,5,0.15,1.414,1.196,0.3,0
29,18,6,0.43,6,0.15,1.414,1.196,0.3,1
29,18,7,0.4,7,0.176,1.414,1.196,0.352,1
29,19,0,0.62,0,0.334,1.341,1.196,0.669,0
29,19,1,0.41,1,0.167,1.341,1.196,0.334,0
29,19,2,0.78,2,0.15,1.341,1.196,0.3,0
29,19,3,0.41,3,0.15,1.341,1.196,0.3,0
29,20,0,0.34,0,0.339,1.745,1.196,0.677,1
29,21,0,4.04,0,0.396,1.999,1.196,0.792,0
29,22,0,0.36,0,0.285,1.703,1.196,0.57,0
29,23,0,0.87,0,0.651,0.982,1.196,1.303,0
29,23,1,0.79,1,0.326,0.982,1.196,0.651,1
29,23,2,0.54,2,0.55,0.982,1.196,1.1,0
29,23,3,0.37,3,0.275,0.982,1.196,0.55,1
29,23,4,0.59,4,0.465,0.982,1.196,0.929,0
29,23,5,0.63,5,0.232,0.982,1.196,0.465,0
29,24,0,0.52,0,0.604,0.62,1.196,1.209,1
29,24,1,0.42,1,1.0,0.62,1.196,3.236,1
29,24,2,2.61,2,1.0,0.62,1.196,8.665,1
29,24,3,4.05,3,1.0,0.62,1.196,23.2,0
29,24,4,9.88,4,1.0,0.62,1.196,11.6,0
29,24,5,1.14,5,1.0,0.62,1.196,5.8,0
29,24,6,1.64,6,1.0,0.62,1.196,2.9,1
29,25,0,0.36,0,0.266,0.515,1.196,0.532,1
29,25,1,0.44,1,0.856,0.515,1.196,1.713,1
29,25,2,6.87,2,1.0,0.515,1.196,5.514,0
29,26,0,0.85,0,0.684,1.131,1.196,1.368,1
29,27,0,0.39,0,0.498,0.77,1.196,0.995,1
29,27,1,3.62,1,1.0,0.77,1.196,2.145,0
29,27,2,0.48,2,0.536,0.77,1.196,1.073,0
29,27,3,0.71,3,0.268,0.77,1.196,0.536,0
29,27,4,0.5,4,0.15,0.77,1.196,0.3,0
29,27,5,0.68,5,0.15,0.77,1.196,0.3,0
29,27,6,0.86,6,0.15,0.77,1.196,0.3,0
29,27,7,0.3,7,0.15,0.77,1.196,0.3,0
29,28,0,0.32,0,0.354,0.934,1.196,0.708,0
29,28,1,0.42,1,0.177,0.934,1.196,0.354,0
29,28,2,0.46,2,0.15,0.934,1.196,0.3,0
29,28,3,0.66,3,0.15,0.934,1.196,0.3,0
29,29,0,1.56,0,0.588,0.979,1.196,1.176,1
29,29,1,0.34,1,0.997,0.979,1.196,1.994,1
29,29,2,1.09,2,1.0,0.979,1.196,3.38,1
29,29,3,6.08,3,1.0,0.979,1.196,5.73,1
29,29,4,6.51,4,1.0,0.979,1.196,9.713,1
29,29,5,19.84,5,1.0,0.979,1.196,16.465,0
29,29,6,4.52,6,1.0,0.979,1.196,8.233,0
29,29,7,4.13,7,1.0,0.979,1.196,4.116,1
29,30,0,0.94,0,0.614,1.253,1.196,1.229,1
29,30,1,0.54,1,0.813,1.253,1.196,1.626,1
29,30,2,1.17,2,1.0,1.253,1.196,2.153,1
29,30,3,0.53,3,1.0,1.253,1.196,2.849,1
29,30,4,1.13,4,1.0,1.253,1.196,3.772,1
29,30,5,22.45,5,1.0,1.253,1.196,4.992,0
29,30,6,6.15,6,1.0,1.253,1.196,2.496,0
29,30,7,0.46,7,0.624,1.253,1.196,1.248,1
29,31,0,0.91,0,0.746,0.964,1.196,1.491,0
29,31,1,1.07,1,0.373,0.964,1.196,0.746,0
29,31,2,0.42,2,0.186,0.964,1.196,0.373,0
29,31,3,1.0,3,0.15,0.964,1.196,0.3,0
29,31,4,0.37,4,0.15,0.964,1.196,0.3,0
29,31,5,0.35,5,0.15,0.964,1.196,0.3,0
29,32,0,1.0,0,0.723,1.314,1.196,1.447,0
29,32,1,0.36,1,0.362,1.314,1.196,0.723,1
29,32,2,1.33,2,0.456,1.314,1.196,0.913,0
29,32,3,0.31,3,0.228,1.314,1.196,0.456,0
29,32,4,0.36,4,0.15,1.314,1.196,0.3,0
29,33,0,0.31,0,0.274,1.22,1.196,0.549,0
29,33,1,0.35,1,0.15,1.22,1.196,0.3,0
29,33,2,0.52,2,0.15,1.22,1.196,0.3,0
29,33,3,0.4,3,0.15,1.22,1.196,0.3,1
29,33,4,0.99,4,0.204,1.22,1.196,0.408,0
29,33,5,0.6,5,0.15,1.22,1.196,0.3,1
29,33,6,0.5,6,0.204,1.22,1.196,0.408,1
29,33,7,0.51,7,0.278,1.22,1.196,0.555,1
29,34,0,0.45,0,0.472,0.655,1.196,0.943,1
29,34,1,4.24,1,1.0,0.655,1.196,2.387,0
29,34,2,0.44,2,0.597,0.655,1.196,1.193,1
29,34,3,5.39,3,1.0,0.655,1.196,3.02,0
29,34,4,2.65,4,0.755,0.655,1.196,1.51,0
29,34,5,0.54,5,0.378,0.655,1.196,0.755,0
29,35,0,2.25,0,0.527,1.399,1.196,1.053,0
29,35,1,0.92,1,0.263,1.399,1.196,0.527,0
29,35,2,0.33,2,0.15,1.399,1.196,0.3,0
29,35,3,0.65,3,0.15,1.399,1.196,0.3,0
29,35,4,0.48,4,0.15,1.399,1.196,0.3,1
29,35,5,0.46,5,0.178,1.399,1.196,0.356,0
29,36,0,1.43,0,0.433,1.686,1.196,0.867,0
29,36,1,0.7,1,0.217,1.686,1.196,0.433,0
29,36,2,0.61,2,0.15,1.686,1.196,0.3,0
29,36,3,0.69,3,0.15,1.686,1.196,0.3,1
29,36,4,0.36,4,0.148,1.686,1.196,0.295,0
29,36,5,0.4,5,0.15,1.686,1.196,0.3,0
29,36,6,0.86,6,0.15,1.686,1.196,0.3,0
29,36,7,0.38,7,0.15,1.686,1.196,0.3,0
29,37,0,1.15,0,0.603,1.696,1.196,1.205,0
29,37,1,1.27,1,0.301,1.696,1.196,0.603,0
29,38,0,0.47,0,0.291,0.726,1.196,0.582,0
29,39,0,0.34,0,0.276,0.769,1.196,0.551,1
29,39,1,0.38,1,0.595,0.769,1.196,1.189,1
29,39,2,0.98,2,1.0,0.769,1.196,2.565,1
29,39,3,2.35,3,1.0,0.769,1.196,5.531,1
29,39,4,25.02,4,1.0,0.769,1.196,11.928,0
29,39,5,12.29,5,1.0,0.769,1.196,5.964,0
29,40,0,0.31,0,0.338,0.709,1.196,0.676,0
29,40,1,0.57,1,0.169,0.709,1.196,0.338,1
29,40,2,0.35,2,0.396,0.709,1.196,0.791,0
29,40,3,0.4,3,0.198,0.709,1.196,0.396,0
29,40,4,0.59,4,0.15,0.709,1.196,0.3,1
29,40,5,1.24,5,0.351,0.709,1.196,0.702,0
29,40,6,0.6,6,0.176,0.709,1.196,0.351,0
29,41,0,0.76,0,0.667,1.705,1.196,1.335,0
29,41,1,0.45,1,0.334,1.705,1.196,0.667,0
29,41,2,0.35,2,0.167,1.705,1.196,0.334,0
29,41,3,0.94,3,0.15,1.705,1.196,0.3,0
29,41,4,0.35,4,0.15,1.705,1.196,0.3,0
29,41,5,0.42,5,0.15,1.705,1.196,0.3,0
29,42,0,1.52,0,0.564,0.589,1.196,1.127,0
29,42,1,0.68,1,0.282,0.589,1.196,0.564,0
29,42,2,0.46,2,0.15,0.589,1.196,0.3,0
29,42,3,0.48,3,0.15,0.589,1.196,0.3,0
29,42,4,0.34,4,0.15,0.589,1.196,0.3,1
29,42,5,0.62,5,0.422,0.589,1.196,0.844,1
29,42,6,1.61,6,1.0,0.589,1.196,2.376,0
29,42,7,2.2,7,0.594,0.589,1.196,1.188,0
29,43,0,0.71,0,0.399,1.744,1.196,0.798,0
29,43,1,0.32,1,0.199,1.744,1.196,0.399,1
29,43,2,0.79,2,0.19,1.744,1.196,0.379,0
29,43,3,0.45,3,0.15,1.744,1.196,0.3,0
29,43,4,0.61,4,0.15,1.744,1.196,0.3,1
29,44,0,0.71,0,0.252,1.933,1.196,0.504,1
29,44,1,0.36,1,0.216,1.933,1.196,0.433,0
29,44,2,0.59,2,0.15,1.933,1.196,0.3,1
29,44,3,0.51,3,0.129,1.933,1.196,0.257,0
29,44,4,0.3,4,0.15,1.933,1.196,0.3,0
29,44,5,0.39,5,0.15,1.933,1.196,0.3,1
29,44,6,1.27,6,0.129,1.933,1.196,0.257,0
29,45,0,0.57,0,0.696,0.736,1.196,1.392,1
29,45,1,4.06,1,1.0,0.736,1.196,3.14,0
29,45,2,0.39,2,0.785,0.736,1.196,1.57,1
29,46,0,0.69,0,0.473,1.588,1.196,0.945,1
29,46,1,0.77,1,0.494,1.588,1.196,0.987,0
29,46,2,0.37,2,0.247,1.588,1.196,0.494,0
29,46,3,0.73,3,0.15,1.588,1.196,0.3,0
29,46,4,0.36,4,0.15,1.588,1.196,0.3,0
29,47,0,1.15,0,0.526,1.751,1.196,1.051,0
29,47,1,0.38,1,0.263,1.751,1.196,0.526,0
29,47,2,0.44,2,0.15,1.751,1.196,0.3,0
29,47,3,0.45,3,0.15,1.751,1.196,0.3,0
29,48,0,1.33,0,0.577,1.924,1.196,1.154,1
29,49,0,0.74,0,0.597,0.781,1.196,1.193,0
29,49,1,0.34,1,0.298,0.781,1.196,0.597,0
29,49,2,0.37,2,0.15,0.781,1.196,0.3,0
29,49,3,0.33,3,0.15,0.781,1.196,0.3,0
29,49,4,0.3,4,0.15,0.781,1.196,0.3,0
29,49,5,0.3,5,0.15,0.781,1.196,0.3,0
29,49,6,0.35,6,0.15,0.781,1.196,0.3,0
29,50,0,0.5,0,0.332,1.306,1.196,0.664,0
29,50,1,0.31,1,0.166,1.306,1.196,0.332,0
29,50,2,0.95,2,0.15,1.306,1.196,0.3,0
29,51,0,0.69,0,0.397,0.968,1.196,0.794,1
29,52,0,1.1,0,0.633,1.854,1.196,1.266,1
29,52,1,0.49,1,0.566,1.854,1.196,1.133,1
29,52,2,1.26,2,0.507,1.854,1.196,1.013,0
29,52,3,2.66,3,0.253,1.854,1.196,0.507,0
29,52,4,0.39,4,0.15,1.854,1.196,0.3,1
29,52,5,0.58,5,0.134,1.854,1.196,0.268,0
29,52,6,0.41,6,0.15,1.854,1.196,0.3,1
29,52,7,0.36,7,0.134,1.854,1.196,0.268,0
29,53,0,1.28,0,0.536,0.655,1.196,1.071,0
29,53,1,0.86,1,0.268,0.655,1.196,0.536,0
29,53,2,0.31,2,0.15,0.655,1.196,0.3,0
29,53,3,1.31,3,0.15,0.655,1.196,0.3,0
29,54,0,0.43,0,0.513,1.566,1.196,1.026,0
29,54,1,0.54,1,0.257,1.566,1.196,0.513,0
29,54,2,0.5,2,0.15,1.566,1.196,0.3,0
29,54,3,0.94,3,0.15,1.566,1.196,0.3,0
29,54,4,0.33,4,0.15,1.566,1.196,0.3,1
29,54,5,0.31,5,0.159,1.566,1.196,0.318,1
29,55,0,1.33,0,0.467,1.028,1.196,0.935,1
29,55,1,0.69,1,0.755,1.028,1.196,1.509,1
29,55,2,1.48,2,1.0,1.028,1.196,2.437,1
29,55,3,2.13,3,1.0,1.028,1.196,3.934,1
29,55,4,1.27,4,1.0,1.028,1.196,6.351,1
29,55,5,15.21,5,1.0,1.028,1.196,10.254,0
29,56,0,0.48,0,0.278,1.531,1.196,0.557,0
29,57,0,0.38,0,0.343,1.375,1.196,0.686,0
29,57,1,0.61,1,0.172,1.375,1.196,0.343,1
29,57,2,0.64,2,0.207,1.375,1.196,0.414,0
29,57,3,1.03,3,0.15,1.375,1.196,0.3,0
29,57,4,0.33,4,0.15,1.375,1.196,0.3,1
29,57,5,0.4,5,0.181,1.375,1.196,0.362,1
29,57,6,1.39,6,0.218,1.375,1.196,0.437,0
29,57,7,0.75,7,0.15,1.375,1.196,0.3,0
29,58,0,0.63,0,0.505,1.157,1.196,1.01,1
29,58,1,2.18,1,0.725,1.157,1.196,1.449,0
29,58,2,0.65,2,0.362,1.157,1.196,0.725,0
29,58,3,0.43,3,0.181,1.157,1.196,0.362,1
29,58,4,0.68,4,0.26,1.157,1.196,0.52,0
29,58,5,0.37,5,0.15,1.157,1.196,0.3,0
29,59,0,1.76,0,0.516,1.978,1.196,1.032,0
29,59,1,0.32,1,0.258,1.978,1.196,0.516,0
29,59,2,0.38,2,0.15,1.978,1.196,0.3,0
30,0,0,1.09,0,0.464,1.136,1.425,0.928,0
30,0,1,0.4,1,0.232,1.136,1.425,0.464,0
30,0,2,0.39,2,0.15,1.136,1.425,0.3,0
30,0,3,0.8,3,0.15,1.136,1.425,0.3,0
30,0,4,0.35,4,0.15,1.136,1.425,0.3,0
30,0,5,0.32,5,0.15,1.136,1.425,0.3,0
30,0,6,0.53,6,0.15,1.136,1.425,0.3,0
30,0,7,0.36,7,0.15,1.136,1.425,0.3,0
30,1,0,1.05,0,0.612,1.415,1.425,1.225,0
30,1,1,2.24,1,0.306,1.415,1.425,0.612,0
30,1,2,0.41,2,0.153,1.415,1.425,0.306,0
30,1,3,0.48,3,0.15,1.415,1.425,0.3,0
30,2,0,0.67,0,0.607,1.96,1.425,1.214,1
30,2,1,1.57,1,0.535,1.96,1.425,1.071,0
30,2,2,0.73,2,0.268,1.96,1.425,0.535,0
30,2,3,0.51,3,0.15,1.96,1.425,0.3,0
30,2,4,0.45,4,0.15,1.96,1.425,0.3,0
30,3,0,3.06,0,0.509,1.154,1.425,1.019,1
30,3,1,0.75,1,0.762,1.154,1.425,1.525,0
30,3,2,0.65,2,0.381,1.154,1.425,0.762,0
30,3,3,1.38,3,0.191,1.154,1.425,0.381,0
30,4,0,1.36,0,0.667,1.348,1.425,1.335,0
30,4,1,0.62,1,0.334,1.348,1.425,0.667,1
30,4,2,0.45,2,0.428,1.348,1.425,0.856,1
30,4,3,1.83,3,0.548,1.348,1.425,1.097,0
30,4,4,0.47,4,0.274,1.348,1.425,0.548,0
30,4,5,0.52,5,0.15,1.348,1.425,0.3,0
30,4,6,0.72,6,0.15,1.348,1.425,0.3,1
30,4,7,0.68,7,0.192,1.348,1.425,0.385,0
30,5,0,1.82,0,0.456,1.545,1.425,0.912,1
30,5,1,1.01,1,0.51,1.545,1.425,1.02,0
30,5,2,0.37,2,0.255,1.545,1.425,0.51,0
30,5,3,0.31,3,0.15,1.545,1.425,0.3,0
30,5,4,0.37,4,0.15,1.545,1.425,0.3,1
30,5,5,0.3,5,0.168,1.545,1.425,0.335,0
30,5,6,0.47,6,0.15,1.545,1.425,0.3,0
30,6,0,0.31,0,0.666,0.916,1.425,1.332,1
30,6,1,2.29,1,1.0,0.916,1.425,2.512,1
30,7,0,1.54,0,0.605,1.574,1.425,1.21,0
30,7,1,0.4,1,0.302,1.574,1.425,0.605,1
30,7,2,0.97,2,0.332,1.574,1.425,0.664,0
30,8,0,3.34,0,0.738,1.753,1.425,1.476,0
30,8,1,0.36,1,0.369,1.753,1.425,0.738,1
30,8,2,0.39,2,0.364,1.753,1.425,0.727,1
30,8,3,0.35,3,0.358,1.753,1.425,0.716,1
30,8,4,0.53,4,0.353,1.753,1.425,0.706,1
30,8,5,0.79,5,0.348,1.753,1.425,0.696,0
30,8,6,0.34,6,0.174,1.753,1.425,0.348,1
30,8,7,0.31,7,0.171,1.753,1.425,0.343,0
30,9,0,0.76,0,0.673,1.588,1.425,1.346,1
30,9,1,0.72,1,0.732,1.588,1.425,1.464,1
30,9,2,0.88,2,0.797,1.588,1.425,1.593,0
30,9,3,0.39,3,0.398,1.588,1.425,0.797,1
30,9,4,0.54,4,0.433,1.588,1.425,0.867,0
30,10,0,0.84,0,0.321,1.404,1.425,0.641,0
30,10,1,0.69,1,0.16,1.404,1.425,0.321,0
30,10,2,0.77,2,0.15,1.404,1.425,0.3,0
30,10,3,0.43,3,0.15,1.404,1.425,0.3,0
30,10,4,0.43,4,0.15,1.404,1.425,0.3,0
30,10,5,0.36,5,0.15,1.404,1.425,0.3,0
30,10,6,0.58,6,0.15,1.404,1.425,0.3,0
30,10,7,0.32,7,0.15,1.404,1.425,0.3,1
30,11,0,0.44,0,0.356,1.422,1.425,0.712,1
30,11,1,0.78,1,0.433,1.422,1.425,0.865,1
30,11,2,1.64,2,0.526,1.422,1.425,1.051,0
30,11,3,0.44,3,0.263,1.422,1.425,0.526,0
30,11,4,0.56,4,0.15,1.422,1.425,0.3,0
30,11,5,0.35,5,0.15,1.422,1.425,0.3,1
30,11,6,0.5,6,0.182,1.422,1.425,0.365,0
30,11,7,1.02,7,0.15,1.422,1.425,0.3,0
30,12,0,0.34,0,0.691,0.671,1.425,1.382,0
30,12,1,1.11,1,0.346,0.671,1.425,0.691,0
30,12,2,0.72,2,0.173,0.671,1.425,0.346,1
30,12,3,1.0,3,0.445,0.671,1.425,0.89,0
30,12,4,0.37,4,0.223,0.671,1.425,0.445,1
30,12,5,0.38,5,0.573,0.671,1.425,1.147,1
30,12,6,1.7,6,1.0,0.671,1.425,2.955,1
30,13,0,0.42,0,0.699,0.556,1.425,1.398,1
30,13,1,0.79,1,1.0,0.556,1.425,4.347,1
30,13,2,3.78,2,1.0,0.556,1.425,13.515,0
30,13,3,1.97,3,1.0,0.556,1.425,6.758,0
30,14,0,0.74,0,0.292,0.58,1.425,0.584,1
30,14,1,3.85,1,0.868,0.58,1.425,1.737,0
30,14,2,0.32,2,0.434,0.58,1.425,0.868,0
30,14,3,0.78,3,0.217,0.58,1.425,0.434,0
30,14,4,0.32,4,0.15,0.58,1.425,0.3,0
30,14,5,0.33,5,0.15,0.58,1.425,0.3,0
30,14,6,0.36,6,0.15,0.58,1.425,0.3,0
30,14,7,0.51,7,0.15,0.58,1.425,0.3,0
30,15,0,0.46,0,0.571,1.741,1.425,1.141,1
30,16,0,2.25,0,0.597,0.818,1.425,1.193,0
30,16,1,1.91,1,0.298,0.818,1.425,0.597,0
30,16,2,0.32,2,0.15,0.818,1.425,0.3,0
30,16,3,0.6,3,0.15,0.818,1.425,0.3,0
30,16,4,0.35,4,0.15,0.818,1.425,0.3,1
30,16,5,1.19,5,0.317,0.818,1.425,0.633,0
30,17,0,0.31,0,0.558,1.935,1.425,1.115,0
30,17,1,0.57,1,0.279,1.935,1.425,0.558,1
30,17,2,0.63,2,0.249,1.935,1.425,0.498,0
30,17,3,0.31,3,0.15,1.935,1.425,0.3,0
30,17,4,0.4,4,0.15,1.935,1.425,0.3,0
30,17,5,0.45,5,0.15,1.935,1.425,0.3,1
30,18,0,0.42,0,0.261,0.63,1.425,0.522,0
30,18,1,0.41,1,0.15,0.63,1.425,0.3,1
30,18,2,0.31,2,0.412,0.63,1.425,0.823,1
30,18,3,0.79,3,1.0,0.63,1.425,2.258,1
30,19,0,0.93,0,0.688,1.726,1.425,1.376,0
30,19,1,0.37,1,0.344,1.726,1.425,0.688,1
30,19,2,0.54,2,0.344,1.726,1.425,0.689,1
30,20,0,2.12,0,0.695,1.249,1.425,1.39,1
30,21,0,0.76,0,0.426,1.88,1.425,0.852,0
30,21,1,0.45,1,0.213,1.88,1.425,0.426,0
30,21,2,0.47,2,0.15,1.88,1.425,0.3,0
30,21,3,0.8,3,0.15,1.88,1.425,0.3,0
30,22,0,1.16,0,0.499,1.512,1.425,0.998,0
30,22,1,0.35,1,0.25,1.512,1.425,0.499,1
30,22,2,0.58,2,0.285,1.512,1.425,0.57,1
30,22,3,0.51,3,0.326,1.512,1.425,0.651,0
30,22,4,0.52,4,0.163,1.512,1.425,0.326,0
30,22,5,0.45,5,0.15,1.512,1.425,0.3,0
30,22,6,0.61,6,0.15,1.512,1.425,0.3,0
30,23,0,2.7,0,0.488,1.479,1.425,0.975,0
30,24,0,0.58,0,0.429,1.793,1.425,0.857,0
30,24,1,0.56,1,0.214,1.793,1.425,0.429,0
30,24,2,0.42,2,0.15,1.793,1.425,0.3,1
30,24,3,0.32,3,0.144,1.793,1.425,0.289,0
30,24,4,0.6,4,0.15,1.793,1.425,0.3,0
30,25,0,0.86,0,0.459,1.791,1.425,0.919,0
30,25,1,0.55,1,0.23,1.791,1.425,0.459,1
30,25,2,1.24,2,0.222,1.791,1.425,0.443,0
30,25,3,0.46,3,0.15,1.791,1.425,0.3,0
30,25,4,0.35,4,0.15,1.791,1.425,0.3,1
30,25,5,0.72,5,0.145,1.791,1.425,0.289,0
30,26,0,3.74,0,0.7,0.768,1.425,1.4,0
30,26,1,0.76,1,0.35,0.768,1.425,0.7,0
30,26,2,0.3,2,0.175,0.768,1.425,0.35,0
30,26,3,0.4,3,0.15,0.768,1.425,0.3,1
30,26,4,2.11,4,0.337,0.768,1.425,0.675,0
30,26,5,0.32,5,0.169,0.768,1.425,0.337,0
30,26,6,0.32,6,0.15,0.768,1.425,0.3,1
30,26,7,0.65,7,0.337,0.768,1.425,0.675,0
30,27,0,1.37,0,0.598,1.683,1.425,1.195,0
30,27,1,1.54,1,0.299,1.683,1.425,0.598,1
30,27,2,0.68,2,0.307,1.683,1.425,0.613,0
30,27,3,0.78,3,0.153,1.683,1.425,0.307,0
30,27,4,0.57,4,0.15,1.683,1.425,0.3,0
30,27,5,0.38,5,0.15,1.683,1.425,0.3,1
30,27,6,0.38,6,0.154,1.683,1.425,0.308,0
30,28,0,1.07,0,0.436,1.068,1.425,0.873,1
30,28,1,0.36,1,0.705,1.068,1.425,1.411,1
30,28,2,0.66,2,1.0,1.068,1.425,2.282,1
30,28,3,3.97,3,1.0,1.068,1.425,3.69,1
30,28,4,4.24,4,1.0,1.068,1.425,5.967,1
30,28,5,5.43,5,1.0,1.068,1.425,9.649,0
30,28,6,7.64,6,1.0,1.068,1.425,4.824,1
30,29,0,4.5,0,0.65,0.766,1.425,1.299,0
30,29,1,0.4,1,0.325,0.766,1.425,0.65,0
30,29,2,0.39,2,0.162,0.766,1.425,0.325,1
30,29,3,0.41,3,0.366,0.766,1.425,0.733,1
30,29,4,1.7,4,0.826,0.766,1.425,1.653,0
30,29,5,0.37,5,0.413,0.766,1.425,0.826,1
30,30,0,1.05,0,0.568,1.588,1.425,1.136,0
30,30,1,0.38,1,0.284,1.588,1.425,0.568,1
30,30,2,0.3,2,0.309,1.588,1.425,0.618,0
30,30,3,0.36,3,0.154,1.588,1.425,0.309,0
30,30,4,0.35,4,0.15,1.588,1.425,0.3,1
30,30,5,0.35,5,0.163,1.588,1.425,0.326,0
30,30,6,0.41,6,0.15,1.588,1.425,0.3,0
30,31,0,0.5,0,0.654,1.956,1.425,1.307,1
30,31,1,1.52,1,0.577,1.956,1.425,1.155,0
30,31,2,0.39,2,0.289,1.956,1.425,0.577,0
30,31,3,0.37,3,0.15,1.956,1.425,0.3,0
30,31,4,0.32,4,0.15,1.956,1.425,0.3,0
30,31,5,0.39,5,0.15,1.956,1.425,0.3,1
30,31,6,0.34,6,0.133,1.956,1.425,0.265,1
30,32,0,0.51,0,0.744,1.281,1.425,1.488,1
30,32,1,2.55,1,1.0,1.281,1.425,2.006,0
30,32,2,1.32,2,0.502,1.281,1.425,1.003,0
30,32,3,0.75,3,0.251,1.281,1.425,0.502,0
30,32,4,0.73,4,0.15,1.281,1.425,0.3,0
30,32,5,0.54,5,0.15,1.281,1.425,0.3,1
30,33,0,0.41,0,0.429,1.658,1.425,0.858,1
30,33,1,2.19,1,0.447,1.658,1.425,0.894,0
30,34,0,2.07,0,0.737,1.745,1.425,1.474,0
30,34,1,1.58,1,0.369,1.745,1.425,0.737,0
30,34,2,0.64,2,0.184,1.745,1.425,0.369,0
30,34,3,0.43,3,0.15,1.745,1.425,0.3,0
30,35,0,1.14,0,0.489,1.721,1.425,0.979,0
30,35,1,1.15,1,0.245,1.721,1.425,0.489,0
30,35,2,0.37,2,0.15,1.721,1.425,0.3,1
30,35,3,0.5,3,0.151,1.721,1.425,0.301,1
30,36,0,0.54,0,0.617,1.563,1.425,1.234,0
30,36,1,0.52,1,0.308,1.563,1.425,0.617,0
30,36,2,0.59,2,0.154,1.563,1.425,0.308,1
30,36,3,0.59,3,0.17,1.563,1.425,0.341,0
30,37,0,0.76,0,0.433,1.489,1.425,0.865,1
30,37,1,1.67,1,0.502,1.489,1.425,1.004,0
30,37,2,0.52,2,0.251,1.489,1.425,0.502,0
30,37,3,0.4,3,0.15,1.489,1.425,0.3,0
30,38,0,0.56,0,0.483,1.407,1.425,0.966,0
30,38,1,0.6,1,0.242,1.407,1.425,0.483,0
30,38,2,0.51,2,0.15,1.407,1.425,0.3,1
30,38,3,0.38,3,0.184,1.407,1.425,0.368,0
30,38,4,0.33,4,0.15,1.407,1.425,0.3,1
30,38,5,0.32,5,0.184,1.407,1.425,0.368,0
30,39,0,0.37,0,0.284,0.876,1.425,0.568,0
30,39,1,0.44,1,0.15,0.876,1.425,0.3,0
30,39,2,0.44,2,0.15,0.876,1.425,0.3,0
30,39,3,0.41,3,0.15,0.876,1.425,0.3,0
30,39,4,0.77,4,0.15,0.876,1.425,0.3,0
30,39,5,0.37,5,0.15,0.876,1.425,0.3,0
30,39,6,0.32,6,0.15,0.876,1.425,0.3,0
30,40,0,2.42,0,0.624,0.825,1.425,1.249,0
30,40,1,0.33,1,0.312,0.825,1.425,0.624,1
30,40,2,0.67,2,0.654,0.825,1.425,1.308,1
30,40,3,0.88,3,1.0,0.825,1.425,2.738,1
30,40,4,9.18,4,1.0,0.825,1.425,5.735,0
30,40,5,0.46,5,1.0,0.825,1.425,2.867,1
30,40,6,0.39,6,1.0,0.825,1.425,6.005,1
30,41,0,0.32,0,0.734,1.112,1.425,1.468,1
30,41,1,5.63,1,1.0,1.112,1.425,2.282,0
30,41,2,1.14,2,0.571,1.112,1.425,1.141,0
30,42,0,0.72,0,0.334,1.221,1.425,0.669,1
30,42,1,0.42,1,0.473,1.221,1.425,0.946,0
30,42,2,0.89,2,0.237,1.221,1.425,0.473,0
30,42,3,0.33,3,0.15,1.221,1.425,0.3,0
30,42,4,0.36,4,0.15,1.221,1.425,0.3,0
30,42,5,0.5,5,0.15,1.221,1.425,0.3,1
30,42,6,0.61,6,0.212,1.221,1.425,0.424,0
30,43,0,0.85,0,0.659,0.816,1.425,1.318,1
30,43,1,0.5,1,1.0,0.816,1.425,2.791,0
30,43,2,0.35,2,0.698,0.816,1.425,1.396,0
30,43,3,0.34,3,0.349,0.816,1.425,0.698,1
30,43,4,1.83,4,0.739,0.816,1.425,1.477,1
30,43,5,0.5,5,1.0,0.816,1.425,3.128,1
30,43,6,1.42,6,1.0,0.816,1.425,6.623,1
30,43,7,18.7,7,1.0,0.816,1.425,14.022,0
30,44,0,0.75,0,0.622,1.429,1.425,1.244,1
30,45,0,0.69,0,0.64,1.43,1.425,1.281,0
30,45,1,0.67,1,0.32,1.43,1.425,0.64,0
30,45,2,0.67,2,0.16,1.43,1.425,0.32,0
30,45,3,0.42,3,0.15,1.43,1.425,0.3,0
30,45,4,0.32,4,0.15,1.43,1.425,0.3,0
30,45,5,0.67,5,0.15,1.43,1.425,0.3,0
30,45,6,0.44,6,0.15,1.43,1.425,0.3,0
30,46,0,0.84,0,0.695,1.82,1.425,1.391,0
30,46,1,1.19,1,0.348,1.82,1.425,0.695,0
30,46,2,0.58,2,0.174,1.82,1.425,0.348,0
30,46,3,0.61,3,0.15,1.82,1.425,0.3,0
30,46,4,0.67,4,0.15,1.82,1.425,0.3,0
30,46,5,0.35,5,0.15,1.82,1.425,0.3,0
30,46,6,0.92,6,0.15,1.82,1.425,0.3,0
30,46,7,0.5,7,0.15,1.82,1.425,0.3,0
30,47,0,0.44,0,0.387,1.308,1.425,0.774,0
30,47,1,1.13,1,0.194,1.308,1.425,0.387,0
30,47,2,0.31,2,0.15,1.308,1.425,0.3,1
30,47,3,0.83,3,0.198,1.308,1.425,0.396,0
30,47,4,1.65,4,0.15,1.308,1.425,0.3,0
30,47,5,0.41,5,0.15,1.308,1.425,0.3,0
30,47,6,0.51,6,0.15,1.308,1.425,0.3,0
30,47,7,0.36,7,0.15,1.308,1.425,0.3,0
30,48,0,0.62,0,0.318,1.086,1.425,0.636,1
30,48,1,2.64,1,0.506,1.086,1.425,1.012,0
30,48,2,0.47,2,0.253,1.086,1.425,0.506,0
30,48,3,0.34,3,0.15,1.086,1.425,0.3,0
30,48,4,0.31,4,0.15,1.086,1.425,0.3,0
30,48,5,0.49,5,0.15,1.086,1.425,0.3,0
30,48,6,0.59,6,0.15,1.086,1.425,0.3,1
30,49,0,0.73,0,0.421,1.758,1.425,0.842,0
30,49,1,0.31,1,0.21,1.758,1.425,0.421,1
30,49,2,0.38,2,0.207,1.758,1.425,0.413,0
30,49,3,0.94,3,0.15,1.758,1.425,0.3,0
30,49,4,0.78,4,0.15,1.758,1.425,0.3,0
30,49,5,0.48,5,0.15,1.758,1.425,0.3,0
30,49,6,0.39,6,0.15,1.758,1.425,0.3,0
30,50,0,1.36,0,0.66,1.609,1.425,1.319,0
30,50,1,0.4,1,0.33,1.609,1.425,0.66,1
30,50,2,0.43,2,0.354,1.609,1.425,0.708,1
30,50,3,0.59,3,0.38,1.609,1.425,0.76,1
30,50,4,0.81,4,0.408,1.609,1.425,0.816,0
30,50,5,0.45,5,0.204,1.609,1.425,0.408,0
30,50,6,0.69,6,0.15,1.609,1.425,0.3,0
30,50,7,0.44,7,0.15,1.609,1.425,0.3,1
30,51,0,0.69,0,0.458,0.654,1.425,0.916,1
30,51,1,1.21,1,1.0,0.654,1.425,2.421,1
30,52,0,1.28,0,0.681,1.203,1.425,1.361,0
30,52,1,0.48,1,0.34,1.203,1.425,0.681,1
30,53,0,0.4,0,0.7,1.87,1.425,1.4,0
30,53,1,0.5,1,0.35,1.87,1.425,0.7,0
30,53,2,0.71,2,0.175,1.87,1.425,0.35,0
30,53,3,0.36,3,0.15,1.87,1.425,0.3,0
30,53,4,0.3,4,0.15,1.87,1.425,0.3,1
30,54,0,0.69,0,0.678,1.547,1.425,1.356,1
30,55,0,0.78,0,0.477,0.69,1.425,0.955,0
30,55,1,0.48,1,0.239,0.69,1.425,0.477,1
30,55,2,2.85,2,0.598,0.69,1.425,1.195,0
30,56,0,1.18,0,0.658,1.006,1.425,1.316,1
30,56,1,1.4,1,1.0,1.006,1.425,2.259,1
30,56,2,2.74,2,1.0,1.006,1.425,3.879,1
30,56,3,0.93,3,1.0,1.006,1.425,6.658,1
30,56,4,3.28,4,1.0,1.006,1.425,11.429,0
30,56,5,1.51,5,1.0,1.006,1.425,5.715,0
30,56,6,1.42,6,1.0,1.006,1.425,2.857,0
30,57,0,0.68,0,0.552,0.5,1.425,1.105,0
30,57,1,0.51,1,0.276,0.5,1.425,0.552,0
30,57,2,0.35,2,0.15,0.5,1.425,0.3,0
30,58,0,0.54,0,0.28,0.834,1.425,0.559,0
30,58,1,0.33,1,0.15,0.834,1.425,0.3,0
30,58,2,0.55,2,0.15,0.834,1.425,0.3,1
30,58,3,3.04,3,0.311,0.834,1.425,0.621,0
30,58,4,0.62,4,0.155,0.834,1.425,0.311,1
30,59,0,0.74,0,0.414,1.275,1.425,0.828,1
30,59,1,0.69,1,0.561,1.275,1.425,1.122,1
30,59,2,1.49,2,0.761,1.275,1.425,1.521,1
30,59,3,1.65,3,1.0,1.275,1.425,2.061,0
30,59,4,1.08,4,0.515,1.275,1.425,1.031,0
30,59,5,0.37,5,0.258,1.275,1.425,0.515,0
30,59,6,0.81,6,0.15,1.275,1.425,0.3,0
30,59,7,0.31,7,0.15,1.275,1.425,0.3,0
31,0,0,0.7,0,0.659,0.516,1.37,1.318,1
31,0,1,3.86,1,1.0,0.516,1.37,4.365,0
31,0,2,2.78,2,1.0,0.516,1.37,2.183,0
31,1,0,1.1,0,0.6,0.835,1.37,1.2,0
31,2,0,1.66,0,0.734,1.403,1.37,1.468,1
31,2,1,0.98,1,0.895,1.403,1.37,1.79,1
31,2,2,1.86,2,1.0,1.403,1.37,2.184,0
31,2,3,0.36,3,0.546,1.403,1.37,1.092,1
31,2,4,3.42,4,0.666,1.403,1.37,1.332,0
31,3,0,1.45,0,0.623,1.585,1.37,1.246,0
31,3,1,0.42,1,0.311,1.585,1.37,0.623,0
31,4,0,1.13,0,0.476,1.334,1.37,0.951,0
31,4,1,1.1,1,0.238,1.334,1.37,0.476,1
31,4,2,0.46,2,0.305,1.334,1.37,0.61,0
31,4,3,0.42,3,0.153,1.334,1.37,0.305,0
31,4,4,0.33,4,0.15,1.334,1.37,0.3,0
31,4,5,1.02,5,0.15,1.334,1.37,0.3,0
31,5,0,0.41,0,0.262,0.713,1.37,0.524,0
31,5,1,0.34,1,0.15,0.713,1.37,0.3,1
31,5,2,0.79,2,0.36,0.713,1.37,0.72,0
31,6,0,0.34,0,0.685,1.397,1.37,1.37,1
31,7,0,1.2,0,0.337,1.857,1.37,0.674,0
31,7,1,0.87,1,0.169,1.857,1.37,0.337,0
31,7,2,0.37,2,0.15,1.857,1.37,0.3,0
31,7,3,0.32,3,0.15,1.857,1.37,0.3,1
31,7,4,0.56,4,0.138,1.857,1.37,0.276,0
31,7,5,0.59,5,0.15,1.857,1.37,0.3,0
31,7,6,0.32,6,0.15,1.857,1.37,0.3,1
31,8,0,1.78,0,0.685,1.058,1.37,1.37,0
31,8,1,0.3,1,0.343,1.058,1.37,0.685,0
31,8,2,0.42,2,0.171,1.058,1.37,0.343,0
31,8,3,0.52,3,0.15,1.058,1.37,0.3,0
31,8,4,0.31,4,0.15,1.058,1.37,0.3,0
31,9,0,0.79,0,0.477,1.136,1.37,0.954,0
31,9,1,0.31,1,0.239,1.136,1.37,0.477,0
31,9,2,0.43,2,0.15,1.136,1.37,0.3,0
31,9,3,0.39,3,0.15,1.136,1.37,0.3,0
31,9,4,0.31,4,0.15,1.136,1.37,0.3,0
31,9,5,0.63,5,0.15,1.136,1.37,0.3,0
31,9,6,0.32,6,0.15,1.136,1.37,0.3,1
31,10,0,1.02,0,0.49,0.827,1.37,0.979,0
31,11,0,0.83,0,0.416,1.027,1.37,0.832,0
31,11,1,1.38,1,0.208,1.027,1.37,0.416,0
31,11,2,0.41,2,0.15,1.027,1.37,0.3,0
31,12,0,1.84,0,0.455,1.3,1.37,0.909,0
31,12,1,0.74,1,0.227,1.3,1.37,0.455,0
31,12,2,0.48,2,0.15,1.3,1.37,0.3,0
31,12,3,0.38,3,0.15,1.3,1.37,0.3,0
31,12,4,0.54,4,0.15,1.3,1.37,0.3,1
31,12,5,1.04,5,0.197,1.3,1.37,0.395,0
31,13,0,0.33,0,0.564,0.617,1.37,1.128,1
31,13,1,4.24,1,1.0,0.617,1.37,3.125,0
31,13,2,0.57,2,0.781,0.617,1.37,1.563,1
31,13,3,5.25,3,1.0,0.617,1.37,4.331,0
31,13,4,0.75,4,1.0,0.617,1.37,2.166,1
31,13,5,0.34,5,1.0,0.617,1.37,6.003,1
31,14,0,1.06,0,0.631,0.612,1.37,1.262,1
31,14,1,4.22,1,1.0,0.612,1.37,3.531,0
31,15,0,0.39,0,0.47,0.549,1.37,0.939,1
31,15,1,2.97,1,1.0,0.549,1.37,2.93,0
31,15,2,0.7,2,0.732,0.549,1.37,1.465,1
31,15,3,4.25,3,1.0,0.549,1.37,4.568,0
31,16,0,0.32,0,0.719,0.599,1.37,1.439,1
31,16,1,2.61,1,1.0,0.599,1.37,4.109,1
31,17,0,1.39,0,0.682,0.82,1.37,1.364,1
31,17,1,0.41,1,1.0,0.82,1.37,2.845,1
31,17,2,0.79,2,1.0,0.82,1.37,5.937,1
31,17,3,0.87,3,1.0,0.82,1.37,12.389,1
31,17,4,26.11,4,1.0,0.82,1.37,25.853,0
31,17,5,3.61,5,1.0,0.82,1.37,12.926,1
31,17,6,8.9,6,1.0,0.82,1.37,26.973,1
31,18,0,0.5,0,0.576,1.442,1.37,1.151,1
31,18,1,1.39,1,0.683,1.442,1.37,1.366,1
31,18,2,2.21,2,0.81,1.442,1.37,1.62,1
31,18,3,1.01,3,0.961,1.442,1.37,1.922,0
31,19,0,0.91,0,0.704,1.068,1.37,1.409,1
31,19,1,5.28,1,1.0,1.068,1.37,2.256,0
31,19,2,1.21,2,0.564,1.068,1.37,1.128,1
31,20,0,0.66,0,0.354,1.279,1.37,0.708,0
31,20,1,0.43,1,0.177,1.279,1.37,0.354,1
31,20,2,1.36,2,0.237,1.279,1.37,0.473,0
31,20,3,0.86,3,0.15,1.279,1.37,0.3,0
31,20,4,0.38,4,0.15,1.279,1.37,0.3,1
31,20,5,0.95,5,0.201,1.279,1.37,0.401,1
31,20,6,0.78,6,0.268,1.279,1.37,0.537,0
31,21,0,1.09,0,0.29,1.108,1.37,0.581,1
31,21,1,0.3,1,0.448,1.108,1.37,0.897,1
31,22,0,1.54,0,0.479,1.241,1.37,0.958,0
31,22,1,1.09,1,0.239,1.241,1.37,0.479,0
31,22,2,0.46,2,0.15,1.241,1.37,0.3,0
31,22,3,0.44,3,0.15,1.241,1.37,0.3,0
31,22,4,0.69,4,0.15,1.241,1.37,0.3,0
31,22,5,0.66,5,0.15,1.241,1.37,0.3,0
31,23,0,0.39,0,0.449,0.774,1.37,0.898,1
31,23,1,2.0,1,0.992,0.774,1.37,1.985,0
31,23,2,0.83,2,0.496,0.774,1.37,0.992,1
31,24,0,0.7,0,0.672,1.675,1.37,1.344,0
31,24,1,0.37,1,0.336,1.675,1.37,0.672,1
31,24,2,0.45,2,0.343,1.675,1.37,0.686,0
31,24,3,0.39,3,0.172,1.675,1.37,0.343,0
31,24,4,0.53,4,0.15,1.675,1.37,0.3,0
31,24,5,0.31,5,0.15,1.675,1.37,0.3,0
31,24,6,0.51,6,0.15,1.675,1.37,0.3,1
31,25,0,0.31,0,0.683,1.642,1.37,1.366,1
31,25,1,1.46,1,0.711,1.642,1.37,1.423,1
31,25,2,0.47,2,0.741,1.642,1.37,1.482,1
31,25,3,1.03,3,0.772,1.642,1.37,1.544,1
31,25,4,1.33,4,0.804,1.642,1.37,1.609,1
31,25,5,0.4,5,0.838,1.642,1.37,1.676,1
31,25,6,0.77,6,0.873,1.642,1.37,1.746,1
31,26,0,0.56,0,0.573,1.508,1.37,1.145,1
31,26,1,0.67,1,0.65,1.508,1.37,1.3,1
31,26,2,3.98,2,0.737,1.508,1.37,1.475,0
31,26,3,0.45,3,0.369,1.508,1.37,0.737,1
31,26,4,0.42,4,0.418,1.508,1.37,0.837,1
31,27,0,0.35,0,0.609,1.346,1.37,1.218,0
31,27,1,0.53,1,0.304,1.346,1.37,0.609,0
31,27,2,1.51,2,0.152,1.346,1.37,0.304,0
31,27,3,0.31,3,0.15,1.346,1.37,0.3,0
31,27,4,0.39,4,0.15,1.346,1.37,0.3,0
31,27,5,0.59,5,0.15,1.346,1.37,0.3,0
31,27,6,0.33,6,0.15,1.346,1.37,0.3,0
31,27,7,0.35,7,0.15,1.346,1.37,0.3,0
31,28,0,0.59,0,0.312,1.892,1.37,0.624,0
31,29,0,0.84,0,0.417,1.096,1.37,0.833,0
31,29,1,0.5,1,0.208,1.096,1.37,0.417,0
31,29,2,0.41,2,0.15,1.096,1.37,0.3,0
31,29,3,0.5,3,0.15,1.096,1.37,0.3,0
31,29,4,0.6,4,0.15,1.096,1.37,0.3,0
31,29,5,0.7,5,0.15,1.096,1.37,0.3,0
31,29,6,0.36,6,0.15,1.096,1.37,0.3,0
31,30,0,2.48,0,0.707,0.791,1.37,1.414,0
31,30,1,0.35,1,0.353,0.791,1.37,0.707,1
31,30,2,0.36,2,0.764,0.791,1.37,1.528,1
31,30,3,1.55,3,1.0,0.791,1.37,3.303,1
31,31,0,0.37,0,0.487,1.173,1.37,0.974,1
31,31,1,4.15,1,0.71,1.173,1.37,1.421,0
31,31,2,1.41,2,0.355,1.173,1.37,0.71,0
31,31,3,0.33,3,0.178,1.173,1.37,0.355,0
31,31,4,0.75,4,0.15,1.173,1.37,0.3,0
31,32,0,1.05,0,0.734,1.171,1.37,1.468,1
31,32,1,2.41,1,1.0,1.171,1.37,2.144,0
31,33,0,1.82,0,0.453,1.825,1.37,0.906,1
31,33,1,0.39,1,0.425,1.825,1.37,0.849,1
31,34,0,0.89,0,0.646,1.193,1.37,1.292,0
31,34,1,0.39,1,0.323,1.193,1.37,0.646,0
31,34,2,0.48,2,0.162,1.193,1.37,0.323,0
31,34,3,0.54,3,0.15,1.193,1.37,0.3,0
31,35,0,1.43,0,0.472,1.132,1.37,0.944,0
31,35,1,0.35,1,0.236,1.132,1.37,0.472,1
31,35,2,0.63,2,0.357,1.132,1.37,0.713,1
31,35,3,1.53,3,0.539,1.132,1.37,1.078,0
31,35,4,0.41,4,0.269,1.132,1.37,0.539,0
31,36,0,1.54,0,0.435,1.575,1.37,0.871,0
31,36,1,0.94,1,0.218,1.575,1.37,0.435,0
31,36,2,0.32,2,0.15,1.575,1.37,0.3,0
31,36,3,0.39,3,0.15,1.575,1.37,0.3,0
31,36,4,0.34,4,0.15,1.575,1.37,0.3,0
31,36,5,0.31,5,0.15,1.575,1.37,0.3,0
31,36,6,0.37,6,0.15,1.575,1.37,0.3,0
31,36,7,0.39,7,0.15,1.575,1.37,0.3,0
31,37,0,0.6,0,0.347,1.481,1.37,0.694,0
31,37,1,0.42,1,0.174,1.481,1.37,0.347,0
31,37,2,0.76,2,0.15,1.481,1.37,0.3,1
31,37,3,0.56,3,0.173,1.481,1.37,0.346,0
31,37,4,0.33,4,0.15,1.481,1.37,0.3,1
31,37,5,0.33,5,0.173,1.481,1.37,0.346,0
31,37,6,0.35,6,0.15,1.481,1.37,0.3,0
31,38,0,1.13,0,0.537,0.679,1.37,1.074,0
31,38,1,0.31,1,0.268,0.679,1.37,0.537,1
31,38,2,0.3,2,0.676,0.679,1.37,1.352,1
31,38,3,1.66,3,1.0,0.679,1.37,3.408,1
31,38,4,0.38,4,1.0,0.679,1.37,8.586,1
31,38,5,34.56,5,1.0,0.679,1.37,21.634,0
31,39,0,0.59,0,0.288,0.804,1.37,0.577,0
31,39,1,0.43,1,0.15,0.804,1.37,0.3,0
31,39,2,0.31,2,0.15,0.804,1.37,0.3,0
31,39,3,0.4,3,0.15,0.804,1.37,0.3,0
31,39,4,0.33,4,0.15,0.804,1.37,0.3,1
31,39,5,1.27,5,0.319,0.804,1.37,0.639,0
31,40,0,1.46,0,0.47,1.456,1.37,0.94,0
31,40,1,0.92,1,0.235,1.456,1.37,0.47,0
31,40,2,0.43,2,0.15,1.456,1.37,0.3,0
31,40,3,0.55,3,0.15,1.456,1.37,0.3,0
31,40,4,0.74,4,0.15,1.456,1.37,0.3,0
31,40,5,0.77,5,0.15,1.456,1.37,0.3,0
31,40,6,0.99,6,0.15,1.456,1.37,0.3,0
31,41,0,1.1,0,0.441,1.032,1.37,0.883,0
31,41,1,0.47,1,0.221,1.032,1.37,0.441,0
31,41,2,0.61,2,0.15,1.032,1.37,0.3,0
31,41,3,0.65,3,0.15,1.032,1.37,0.3,0
31,42,0,0.56,0,0.414,1.291,1.37,0.829,1
31,42,1,1.44,1,0.549,1.291,1.37,1.099,0
31,42,2,0.61,2,0.275,1.291,1.37,0.549,0
31,42,3,0.72,3,0.15,1.291,1.37,0.3,0
31,42,4,0.35,4,0.15,1.291,1.37,0.3,1
31,42,5,0.31,5,0.199,1.291,1.37,0.398,0
31,42,6,0.43,6,0.15,1.291,1.37,0.3,0
31,42,7,0.46,7,0.15,1.291,1.37,0.3,1
31,43,0,0.67,0,0.372,1.048,1.37,0.743,1
31,43,1,0.76,1,0.607,1.048,1.37,1.213,0
31,44,0,0.48,0,0.572,0.978,1.37,1.145,1
31,44,1,1.04,1,1.0,0.978,1.37,2.002,0
31,44,2,0.96,2,0.501,0.978,1.37,1.001,1
31,44,3,1.6,3,0.876,0.978,1.37,1.751,0
31,44,4,0.7,4,0.438,0.978,1.37,0.876,1
31,44,5,0.53,5,0.766,0.978,1.37,1.532,1
31,44,6,1.54,6,1.0,0.978,1.37,2.679,1
31,45,0,1.13,0,0.507,1.071,1.37,1.015,0
31,45,1,0.76,1,0.254,1.071,1.37,0.507,0
31,45,2,0.31,2,0.15,1.071,1.37,0.3,0
31,45,3,0.32,3,0.15,1.071,1.37,0.3,0
31,45,4,0.47,4,0.15,1.071,1.37,0.3,0
31,45,5,0.38,5,0.15,1.071,1.37,0.3,0
31,45,6,0.34,6,0.15,1.071,1.37,0.3,1
31,46,0,1.15,0,0.638,1.248,1.37,1.276,0
31,46,1,0.37,1,0.319,1.248,1.37,0.638,0
31,47,0,3.2,0,0.708,1.186,1.37,1.416,0
31,48,0,1.49,0,0.456,0.922,1.37,0.912,0
31,48,1,0.31,1,0.228,0.922,1.37,0.456,0
31,48,2,0.66,2,0.15,0.922,1.37,0.3,0
31,48,3,0.36,3,0.15,0.922,1.37,0.3,0
31,48,4,0.43,4,0.15,0.922,1.37,0.3,0
31,49,0,1.45,0,0.707,1.536,1.37,1.413,1
31,50,0,1.54,0,0.402,1.899,1.37,0.804,0
31,50,1,0.71,1,0.201,1.899,1.37,0.402,0
31,50,2,0.46,2,0.15,1.899,1.37,0.3,1
31,50,3,0.34,3,0.135,1.899,1.37,0.27,1
31,50,4,1.4,4,0.122,1.899,1.37,0.244,0
31,50,5,0.4,5,0.15,1.899,1.37,0.3,1
31,51,0,1.33,0,0.292,1.021,1.37,0.584,0
31,51,1,0.32,1,0.15,1.021,1.37,0.3,0
31,51,2,0.65,2,0.15,1.021,1.37,0.3,0
31,52,0,0.52,0,0.651,1.808,1.37,1.302,1
31,52,1,0.37,1,0.616,1.808,1.37,1.232,0
31,52,2,0.35,2,0.308,1.808,1.37,0.616,1
31,52,3,0.67,3,0.291,1.808,1.37,0.583,1
31,52,4,0.57,4,0.276,1.808,1.37,0.551,1
31,52,5,0.51,5,0.261,1.808,1.37,0.522,1
31,52,6,0.95,6,0.247,1.808,1.37,0.494,0
31,52,7,0.74,7,0.15,1.808,1.37,0.3,0
31,53,0,1.06,0,0.651,1.335,1.37,1.301,1
31,54,0,0.97,0,0.517,1.236,1.37,1.033,0
31,54,1,0.37,1,0.258,1.236,1.37,0.517,1
31,54,2,0.42,2,0.358,1.236,1.37,0.715,0
31,54,3,0.33,3,0.179,1.236,1.37,0.358,0
31,54,4,0.34,4,0.15,1.236,1.37,0.3,0
31,54,5,0.33,5,0.15,1.236,1.37,0.3,0
31,54,6,0.52,6,0.15,1.236,1.37,0.3,0
31,54,7,0.84,7,0.15,1.236,1.37,0.3,0
31,55,0,0.45,0,0.559,1.537,1.37,1.117,1
31,56,0,0.46,0,0.726,1.392,1.37,1.453,1
31,56,1,1.61,1,0.893,1.392,1.37,1.786,0
31,57,0,4.94,0,0.694,1.064,1.37,1.388,0
31,58,0,2.67,0,0.647,1.554,1.37,1.293,0
31,58,1,1.88,1,0.323,1.554,1.37,0.647,1
31,58,2,0.48,2,0.356,1.554,1.37,0.712,1
31,58,3,0.3,3,0.392,1.554,1.37,0.784,1
31,58,4,1.07,4,0.432,1.554,1.37,0.863,0
31,58,5,0.79,5,0.216,1.554,1.37,0.432,0
31,59,0,0.6,0,0.501,0.963,1.37,1.002,1
32,0,0,0.37,0,0.351,1.7,1.388,0.701,1
32,0,1,0.53,1,0.354,1.7,1.388,0.708,1
32,0,2,0.39,2,0.357,1.7,1.388,0.715,1
32,1,0,0.81,0,0.418,1.103,1.388,0.836,0
32,1,1,0.42,1,0.209,1.103,1.388,0.418,0
32,2,0,1.34,0,0.347,1.486,1.388,0.694,1
32,2,1,0.89,1,0.401,1.486,1.388,0.802,0
32,2,2,0.69,2,0.201,1.486,1.388,0.401,0
32,2,3,0.32,3,0.15,1.486,1.388,0.3,0
32,2,4,0.34,4,0.15,1.486,1.388,0.3,0
32,2,5,0.31,5,0.15,1.486,1.388,0.3,1
32,2,6,0.82,6,0.173,1.486,1.388,0.346,0
32,3,0,0.31,0,0.32,1.268,1.388,0.64,1
32,3,1,1.8,1,0.433,1.268,1.388,0.866,0
32,3,2,1.14,2,0.217,1.268,1.388,0.433,0
32,4,0,0.72,0,0.326,0.806,1.388,0.651,0
32,4,1,0.42,1,0.163,0.806,1.388,0.326,0
32,4,2,0.59,2,0.15,0.806,1.388,0.3,0
32,4,3,0.39,3,0.15,0.806,1.388,0.3,0
32,4,4,0.31,4,0.15,0.806,1.388,0.3,1
32,4,5,1.02,5,0.319,0.806,1.388,0.639,1
32,4,6,2.57,6,0.68,0.806,1.388,1.359,1
32,5,0,0.61,0,0.53,0.658,1.388,1.059,1
32,5,1,1.86,1,1.0,0.658,1.388,2.762,0
32,5,2,0.32,2,0.69,0.658,1.388,1.381,0
32,5,3,0.34,3,0.345,0.658,1.388,0.69,1
32,6,0,0.4,0,0.365,0.595,1.388,0.729,0
32,6,1,0.39,1,0.182,0.595,1.388,0.365,0
32,6,2,0.53,2,0.15,0.595,1.388,0.3,0
32,7,0,1.05,0,0.479,1.945,1.388,0.959,1
32,7,1,0.55,1,0.423,1.945,1.388,0.846,0
32,7,2,0.54,2,0.212,1.945,1.388,0.423,1
32,7,3,0.32,3,0.187,1.945,1.388,0.373,0
32,7,4,0.47,4,0.15,1.945,1.388,0.3,0
32,7,5,0.59,5,0.15,1.945,1.388,0.3,0
32,7,6,0.36,6,0.15,1.945,1.388,0.3,1
32,7,7,0.34,7,0.132,1.945,1.388,0.265,1
32,8,0,1.97,0,0.677,0.632,1.388,1.355,0
32,8,1,0.54,1,0.339,0.632,1.388,0.677,1
32,8,2,6.35,2,0.92,0.632,1.388,1.841,0
32,8,3,0.31,3,0.46,0.632,1.388,0.92,1
32,8,4,1.78,4,1.0,0.632,1.388,2.501,0
32,9,0,0.92,0,0.531,1.437,1.388,1.063,1
32,9,1,3.46,1,0.635,1.437,1.388,1.27,0
32,9,2,0.32,2,0.317,1.437,1.388,0.635,1
32,9,3,0.51,3,0.379,1.437,1.388,0.758,1
32,9,4,0.77,4,0.453,1.437,1.388,0.906,0
32,9,5,0.36,5,0.226,1.437,1.388,0.453,1
32,10,0,1.51,0,0.563,1.903,1.388,1.125,1
32,10,1,1.11,1,0.508,1.903,1.388,1.015,1
32,10,2,0.32,2,0.458,1.903,1.388,0.916,0
32,10,3,0.4,3,0.229,1.903,1.388,0.458,0
32,10,4,1.03,4,0.15,1.903,1.388,0.3,0
32,11,0,0.64,0,0.291,1.56,1.388,0.582,0
32,11,1,0.61,1,0.15,1.56,1.388,0.3,0
32,11,2,0.75,2,0.15,1.56,1.388,0.3,0
32,11,3,0.34,3,0.15,1.56,1.388,0.3,1
32,12,0,1.08,0,0.679,0.665,1.388,1.358,0
32,12,1,0.87,1,0.339,0.665,1.388,0.679,0
32,12,2,0.96,2,0.17,0.665,1.388,0.339,0
32,12,3,0.31,3,0.15,0.665,1.388,0.3,0
32,12,4,0.32,4,0.15,0.665,1.388,0.3,1
32,13,0,1.72,0,0.409,0.612,1.388,0.818,0
32,13,1,0.31,1,0.204,0.612,1.388,0.409,0
32,14,0,1.06,0,0.438,0.972,1.388,0.877,1
32,14,1,0.79,1,0.774,0.972,1.388,1.548,1
32,14,2,4.81,2,1.0,0.972,1.388,2.732,1
32,14,3,2.83,3,1.0,0.972,1.388,4.824,0
32,14,4,0.52,4,1.0,0.972,1.388,2.412,0
32,14,5,0.5,5,0.603,0.972,1.388,1.206,0
32,14,6,0.83,6,0.301,0.972,1.388,0.603,0
32,15,0,0.88,0,0.735,1.239,1.388,1.47,0
32,16,0,1.04,0,0.419,1.839,1.388,0.838,0
32,16,1,0.48,1,0.209,1.839,1.388,0.419,1
32,16,2,0.5,2,0.195,1.839,1.388,0.391,1
32,16,3,0.34,3,0.182,1.839,1.388,0.365,0
32,16,4,0.36,4,0.15,1.839,1.388,0.3,1
32,16,5,0.35,5,0.14,1.839,1.388,0.28,0
32,17,0,0.7,0,0.617,1.779,1.388,1.235,1
32,18,0,0.85,0,0.551,1.343,1.388,1.101,1
32,18,1,0.35,1,0.704,1.343,1.388,1.408,1
32,18,2,0.55,2,0.9,1.343,1.388,1.799,1
32,18,3,3.55,3,1.0,1.343,1.388,2.3,0
32,18,4,1.85,4,0.575,1.343,1.388,1.15,0
32,18,5,0.37,5,0.287,1.343,1.388,0.575,1
32,19,0,2.05,0,0.577,1.492,1.388,1.154,1
32,19,1,2.19,1,0.664,1.492,1.388,1.327,1
32,19,2,1.67,2,0.763,1.492,1.388,1.527,0
32,20,0,0.5,0,0.507,0.745,1.388,1.015,0
32,20,1,1.15,1,0.254,0.745,1.388,0.507,0
32,20,2,0.47,2,0.15,0.745,1.388,0.3,1
32,20,3,0.36,3,0.346,0.745,1.388,0.691,1
32,20,4,4.34,4,0.796,0.745,1.388,1.592,0
32,20,5,0.39,5,0.398,0.745,1.388,0.796,0
32,20,6,0.92,6,0.199,0.745,1.388,0.398,0
32,20,7,0.32,7,0.15,0.745,1.388,0.3,0
32,21,0,1.31,0,0.379,1.661,1.388,0.758,0
32,21,1,0.47,1,0.189,1.661,1.388,0.379,0
32,21,2,0.35,2,0.15,1.661,1.388,0.3,0
32,21,3,0.44,3,0.15,1.661,1.388,0.3,0
32,21,4,0.36,4,0.15,1.661,1.388,0.3,1
32,21,5,0.37,5,0.155,1.661,1.388,0.31,1
32,21,6,0.31,6,0.16,1.661,1.388,0.32,0
32,22,0,0.42,0,0.251,0.69,1.388,0.502,0
32,22,1,0.92,1,0.15,0.69,1.388,0.3,0
32,22,2,0.62,2,0.15,0.69,1.388,0.3,0
32,22,3,0.32,3,0.15,0.69,1.388,0.3,0
32,22,4,0.56,4,0.15,0.69,1.388,0.3,0
32,23,0,0.75,0,0.569,1.642,1.388,1.138,1
32,24,0,1.5,0,0.601,1.144,1.388,1.202,1
32,24,1,1.26,1,0.901,1.144,1.388,1.802,0
32,24,2,0.74,2,0.451,1.144,1.388,0.901,0
32,24,3,0.36,3,0.225,1.144,1.388,0.451,1
32,25,0,2.88,0,0.683,1.5,1.388,1.367,0
32,25,1,0.35,1,0.342,1.5,1.388,0.683,1
32,25,2,1.4,2,0.391,1.5,1.388,0.782,1
32,25,3,0.37,3,0.447,1.5,1.388,0.894,1
32,25,4,0.39,4,0.512,1.5,1.388,1.023,0
32,25,5,0.96,5,0.256,1.5,1.388,0.512,1
32,25,6,0.39,6,0.293,1.5,1.388,0.585,0
32,26,0,0.34,0,0.682,1.985,1.388,1.364,1
32,27,0,1.75,0,0.702,0.717,1.388,1.404,1
32,27,1,1.92,1,1.0,0.717,1.388,3.359,0
32,27,2,0.41,2,0.84,0.717,1.388,1.68,0
32,27,3,1.35,3,0.42,0.717,1.388,0.84,0
32,27,4,0.91,4,0.21,0.717,1.388,0.42,0
32,27,5,0.44,5,0.15,0.717,1.388,0.3,0
32,28,0,0.56,0,0.363,1.673,1.388,0.727,1
32,28,1,0.44,1,0.373,1.673,1.388,0.746,1
32,28,2,1.58,2,0.382,1.673,1.388,0.765,0
32,28,3,0.78,3,0.191,1.673,1.388,0.382,0
32,28,4,0.42,4,0.15,1.673,1.388,0.3,0
32,29,0,0.31,0,0.544,0.794,1.388,1.089,1
32,29,1,3.91,1,1.0,0.794,1.388,2.355,0
32,29,2,0.67,2,0.589,0.794,1.388,1.178,0
32,30,0,0.65,0,0.402,1.026,1.388,0.805,0
32,30,1,0.42,1,0.201,1.026,1.388,0.402,1
32,31,0,0.57,0,0.507,0.967,1.388,1.014,0
32,31,1,0.32,1,0.253,0.967,1.388,0.507,1
32,31,2,0.57,2,0.45,0.967,1.388,0.9,1
32,32,0,0.3,0,0.502,1.41,1.388,1.004,1
32,33,0,1.13,0,0.528,1.327,1.388,1.056,0
32,33,1,0.33,1,0.264,1.327,1.388,0.528,0
32,33,2,0.58,2,0.15,1.327,1.388,0.3,0
32,34,0,0.92,0,0.286,1.24,1.388,0.572,1
32,35,0,0.46,0,0.531,0.944,1.388,1.063,0
32,35,1,0.38,1,0.266,0.944,1.388,0.531,0
32,35,2,0.37,2,0.15,0.944,1.388,0.3,0
32,35,3,0.53,3,0.15,0.944,1.388,0.3,0
32,36,0,0.92,0,0.615,1.732,1.388,1.23,1
32,36,1,2.64,1,0.609,1.732,1.388,1.219,0
32,37,0,0.7,0,0.273,1.992,1.388,0.547,1
32,37,1,0.37,1,0.235,1.992,1.388,0.471,0
32,37,2,0.41,2,0.15,1.992,1.388,0.3,1
32,37,3,0.45,3,0.129,1.992,1.388,0.258,0
32,37,4,0.37,4,0.15,1.992,1.388,0.3,1
32,37,5,0.32,5,0.129,1.992,1.388,0.258,0
32,38,0,1.26,0,0.38,1.796,1.388,0.76,0
32,38,1,0.41,1,0.19,1.796,1.388,0.38,1
32,38,2,0.6,2,0.182,1.796,1.388,0.363,0
32,39,0,0.38,0,0.254,1.315,1.388,0.508,1
32,39,1,0.86,1,0.332,1.315,1.388,0.663,0
32,39,2,0.39,2,0.166,1.315,1.388,0.332,0
32,40,0,0.64,0,0.642,0.949,1.388,1.284,0
32,40,1,0.89,1,0.321,0.949,1.388,0.642,0
32,40,2,0.35,2,0.16,0.949,1.388,0.321,0
32,40,3,0.36,3,0.15,0.949,1.388,0.3,0
32,40,4,0.4,4,0.15,0.949,1.388,0.3,0
32,41,0,0.36,0,0.694,1.457,1.388,1.389,1
32,41,1,1.49,1,0.818,1.457,1.388,1.636,1
32,42,0,0.74,0,0.347,1.73,1.388,0.695,0
32,42,1,0.37,1,0.174,1.73,1.388,0.347,0
32,43,0,0.33,0,0.544,1.934,1.388,1.089,1
32,43,1,2.26,1,0.483,1.934,1.388,0.966,0
32,44,0,0.61,0,0.589,0.957,1.388,1.178,1
32,44,1,1.94,1,1.0,0.957,1.388,2.113,1
32,44,2,0.52,2,1.0,0.957,1.388,3.79,1
32,44,3,20.55,3,1.0,0.957,1.388,6.798,0
32,44,4,2.31,4,1.0,0.957,1.388,3.399,0
32,44,5,0.9,5,0.85,0.957,1.388,1.7,1
32,44,6,6.52,6,1.0,0.957,1.388,3.049,0
32,44,7,1.71,7,0.762,0.957,1.388,1.524,1
32,45,0,1.33,0,0.294,1.5,1.388,0.587,0
32,45,1,0.82,1,0.15,1.5,1.388,0.3,0
32,45,2,0.38,2,0.15,1.5,1.388,0.3,0
32,45,3,0.42,3,0.15,1.5,1.388,0.3,0
32,45,4,0.39,4,0.15,1.5,1.388,0.3,0
32,46,0,0.92,0,0.606,1.08,1.388,1.212,1
32,46,1,1.36,1,0.964,1.08,1.388,1.927,1
32,46,2,1.0,2,1.0,1.08,1.388,3.063,1
32,46,3,0.49,3,1.0,1.08,1.388,4.869,1
32,46,4,0.64,4,1.0,1.08,1.388,7.74,1
32,47,0,0.4,0,0.549,1.224,1.388,1.098,1
32,47,1,2.35,1,0.77,1.224,1.388,1.54,0
32,47,2,0.68,2,0.385,1.224,1.388,0.77,0
32,47,3,0.49,3,0.193,1.224,1.388,0.385,0
32,47,4,0.56,4,0.15,1.224,1.388,0.3,0
32,47,5,0.56,5,0.15,1.224,1.388,0.3,0
32,47,6,0.6,6,0.15,1.224,1.388,0.3,0
32,47,7,0.46,7,0.15,1.224,1.388,0.3,0
32,48,0,4.84,0,0.651,1.006,1.388,1.302,0
32,48,1,0.36,1,0.325,1.006,1.388,0.651,0
32,48,2,0.55,2,0.163,1.006,1.388,0.325,0
32,48,3,1.2,3,0.15,1.006,1.388,0.3,0
32,48,4,0.37,4,0.15,1.006,1.388,0.3,0
32,48,5,0.47,5,0.15,1.006,1.388,0.3,0
32,48,6,0.33,6,0.15,1.006,1.388,0.3,0
32,48,7,0.3,7,0.15,1.006,1.388,0.3,0
32,49,0,0.31,0,0.458,0.723,1.388,0.917,1
32,49,1,1.03,1,1.0,0.723,1.388,2.177,1
32,50,0,0.7,0,0.602,0.57,1.388,1.204,1
32,50,1,0.76,1,1.0,0.57,1.388,3.628,1
32,50,2,8.79,2,1.0,0.57,1.388,10.93,0
32,50,3,0.73,3,1.0,0.57,1.388,5.465,1
32,50,4,5.64,4,1.0,0.57,1.388,16.466,1
32,50,5,90.85,5,1.0,0.57,1.388,49.612,0
32,50,6,66.68,6,1.0,0.57,1.388,24.806,0
32,50,7,1.29,7,1.0,0.57,1.388,12.403,1
32,51,0,2.81,0,0.612,1.181,1.388,1.224,0
32,51,1,0.48,1,0.306,1.181,1.388,0.612,1
32,51,2,0.62,2,0.445,1.181,1.388,0.889,1
32,51,3,0.92,3,0.647,1.181,1.388,1.293,1
32,52,0,2.45,0,0.693,1.35,1.388,1.385,0
32,52,1,0.34,1,0.346,1.35,1.388,0.693,1
32,53,0,0.64,0,0.346,1.347,1.388,0.693,0
32,53,1,0.35,1,0.173,1.347,1.388,0.346,0
32,53,2,0.49,2,0.15,1.347,1.388,0.3,0
32,53,3,0.7,3,0.15,1.347,1.388,0.3,0
32,53,4,0.66,4,0.15,1.347,1.388,0.3,0
32,53,5,0.66,5,0.15,1.347,1.388,0.3,0
32,53,6,0.37,6,0.15,1.347,1.388,0.3,1
32,54,0,2.03,0,0.324,1.846,1.388,0.649,0
32,54,1,0.63,1,0.162,1.846,1.388,0.324,0
32,54,2,0.37,2,0.15,1.846,1.388,0.3,0
32,54,3,0.43,3,0.15,1.846,1.388,0.3,0
32,54,4,0.63,4,0.15,1.846,1.388,0.3,0
32,54,5,0.77,5,0.15,1.846,1.388,0.3,0
32,55,0,1.02,0,0.518,1.645,1.388,1.035,1
32,55,1,1.58,1,0.54,1.645,1.388,1.08,0
32,55,2,0.45,2,0.27,1.645,1.388,0.54,1
32,55,3,0.34,3,0.282,1.645,1.388,0.564,1
32,55,4,1.36,4,0.294,1.645,1.388,0.588,0
32,55,5,0.32,5,0.15,1.645,1.388,0.3,1
32,55,6,0.36,6,0.157,1.645,1.388,0.313,0
32,56,0,1.41,0,0.47,0.689,1.388,0.939,0
32,56,1,0.37,1,0.235,0.689,1.388,0.47,0
32,56,2,0.38,2,0.15,0.689,1.388,0.3,0
32,56,3,0.39,3,0.15,0.689,1.388,0.3,1
32,56,4,0.39,4,0.374,0.689,1.388,0.747,0
32,56,5,0.43,5,0.187,0.689,1.388,0.374,1
32,57,0,1.4,0,0.291,1.824,1.388,0.582,0
32,57,1,0.81,1,0.15,1.824,1.388,0.3,0
32,57,2,0.49,2,0.15,1.824,1.388,0.3,0
32,57,3,0.4,3,0.15,1.824,1.388,0.3,0
32,58,0,1.15,0,0.387,1.604,1.388,0.774,1
32,58,1,0.43,1,0.414,1.604,1.388,0.828,1
32,58,2,0.31,2,0.443,1.604,1.388,0.887,0
32,58,3,1.11,3,0.222,1.604,1.388,0.443,0
32,58,4,0.78,4,0.15,1.604,1.388,0.3,0
32,58,5,0.33,5,0.15,1.604,1.388,0.3,1
32,59,0,0.84,0,0.738,1.718,1.388,1.475,1
33,0,0,0.43,0,0.396,1.067,0.609,0.792,1
33,0,1,0.32,1,0.55,1.067,0.609,1.101,1
33,1,0,0.5,0,0.738,0.697,0.609,1.476,0
33,1,1,1.57,1,0.369,0.697,0.609,0.738,0
33,1,2,0.34,2,0.184,0.697,0.609,0.369,1
33,1,3,0.53,3,0.392,0.697,0.609,0.785,0
33,2,0,0.46,0,0.373,1.565,0.609,0.746,1
33,2,1,0.46,1,0.353,1.565,0.609,0.706,0
33,2,2,0.56,2,0.177,1.565,0.609,0.353,1
33,2,3,0.69,3,0.167,1.565,0.609,0.335,0
33,2,4,0.38,4,0.15,1.565,0.609,0.3,0
33,2,5,0.34,5,0.15,1.565,0.609,0.3,0
33,3,0,1.15,0,0.433,1.15,0.609,0.867,0
33,3,1,0.86,1,0.217,1.15,0.609,0.433,1
33,3,2,0.43,2,0.279,1.15,0.609,0.559,0
33,4,0,0.56,0,0.41,1.738,0.609,0.821,0
33,5,0,0.81,0,0.603,0.912,0.609,1.205,0
33,5,1,0.45,1,0.301,0.912,0.609,0.603,1
33,5,2,1.07,2,0.49,0.912,0.609,0.98,1
33,6,0,0.38,0,0.293,1.136,0.609,0.586,0
33,6,1,0.49,1,0.15,1.136,0.609,0.3,1
33,6,2,0.32,2,0.196,1.136,0.609,0.392,1
33,6,3,0.42,3,0.256,1.136,0.609,0.511,0
33,6,4,0.36,4,0.15,1.136,0.609,0.3,0
33,7,0,2.12,0,0.549,0.883,0.609,1.098,1
33,7,1,0.98,1,0.921,0.883,0.609,1.843,0
33,7,2,0.42,2,0.461,0.883,0.609,0.921,0
33,7,3,0.56,3,0.23,0.883,0.609,0.461,0
33,7,4,0.59,4,0.15,0.883,0.609,0.3,1
33,7,5,0.38,5,0.252,0.883,0.609,0.504,1
33,7,6,0.69,6,0.423,0.883,0.609,0.845,1
33,8,0,0.79,0,0.251,1.537,0.609,0.503,0
33,8,1,0.43,1,0.15,1.537,0.609,0.3,0
33,9,0,1.79,0,0.655,1.397,0.609,1.311,0
33,9,1,0.36,1,0.328,1.397,0.609,0.655,0
33,9,2,0.78,2,0.164,1.397,0.609,0.328,0
33,9,3,0.35,3,0.15,1.397,0.609,0.3,1
33,9,4,0.49,4,0.159,1.397,0.609,0.319,0
33,9,5,0.35,5,0.15,1.397,0.609,0.3,0
33,9,6,0.37,6,0.15,1.397,0.609,0.3,0
33,10,0,0.56,0,0.397,0.611,0.609,0.795,0
33,10,1,0.65,1,0.199,0.611,0.609,0.397,1
33,10,2,2.52,2,0.482,0.611,0.609,0.964,0
33,10,3,0.81,3,0.241,0.611,0.609,0.482,1
33,10,4,0.34,4,0.585,0.611,0.609,1.169,1
33,11,0,0.6,0,0.412,1.387,0.609,0.824,1
33,11,1,0.91,1,0.44,1.387,0.609,0.88,0
33,11,2,0.35,2,0.22,1.387,0.609,0.44,1
33,11,3,0.48,3,0.235,1.387,0.609,0.47,1
33,11,4,0.59,4,0.251,1.387,0.609,0.503,0
33,11,5,0.38,5,0.15,1.387,0.609,0.3,0
33,12,0,0.98,0,0.468,1.021,0.609,0.935,0
33,12,1,0.43,1,0.234,1.021,0.609,0.468,1
33,12,2,0.31,2,0.34,1.021,0.609,0.679,0
33,12,3,0.34,3,0.17,1.021,0.609,0.34,0
33,12,4,0.32,4,0.15,1.021,0.609,0.3,0
33,12,5,0.34,5,0.15,1.021,0.609,0.3,0
33,12,6,0.32,6,0.15,1.021,0.609,0.3,0
33,12,7,0.34,7,0.15,1.021,0.609,0.3,1
33,13,0,0.39,0,0.532,0.766,0.609,1.064,0
33,13,1,0.33,1,0.266,0.766,0.609,0.532,1
33,13,2,1.74,2,0.515,0.766,0.609,1.03,0
33,13,3,1.11,3,0.257,0.766,0.609,0.515,0
33,13,4,0.63,4,0.15,0.766,0.609,0.3,0
33,14,0,2.21,0,0.367,1.422,0.609,0.734,0
33,14,1,0.34,1,0.184,1.422,0.609,0.367,1
33,14,2,0.32,2,0.191,1.422,0.609,0.383,1
33,14,3,0.97,3,0.199,1.422,0.609,0.399,0
33,15,0,0.42,0,0.746,1.822,0.609,1.491,1
33,15,1,3.13,1,0.607,1.822,0.609,1.214,0
33,15,2,0.75,2,0.303,1.822,0.609,0.607,1
33,16,0,0.33,0,0.407,0.945,0.609,0.814,1
33,16,1,1.67,1,0.638,0.945,0.609,1.277,0
33,16,2,0.6,2,0.319,0.945,0.609,0.638,1
33,16,3,1.23,3,0.501,0.945,0.609,1.001,1
33,16,4,0.51,4,0.786,0.945,0.609,1.571,1
33,16,5,3.05,5,1.0,0.945,0.609,2.465,0
33,16,6,0.47,6,0.616,0.945,0.609,1.233,1
33,16,7,3.09,7,0.967,0.945,0.609,1.934,0
33,17,0,0.51,0,0.45,1.754,0.609,0.899,1
33,17,1,1.5,1,0.38,1.754,0.609,0.76,0
33,17,2,0.55,2,0.19,1.754,0.609,0.38,0
33,18,0,1.95,0,0.742,1.082,0.609,1.484,0
33,19,0,0.33,0,0.714,1.214,0.609,1.428,1
33,19,1,0.79,1,0.872,1.214,0.609,1.743,1
33,19,2,2.36,2,1.0,1.214,0.609,2.128,0
33,19,3,1.38,3,0.532,1.214,0.609,1.064,0
33,19,4,0.54,4,0.266,1.214,0.609,0.532,0
33,19,5,0.97,5,0.15,1.214,0.609,0.3,0
33,19,6,0.81,6,0.15,1.214,0.609,0.3,0
33,19,7,0.49,7,0.15,1.214,0.609,0.3,1
33,20,0,1.01,0,0.528,0.824,0.609,1.056,1
33,20,1,1.49,1,0.95,0.824,0.609,1.901,0
33,20,2,1.66,2,0.475,0.824,0.609,0.95,0
33,20,3,0.65,3,0.238,0.824,0.609,0.475,0
33,20,4,0.32,4,0.15,0.824,0.609,0.3,0
33,20,5,0.68,5,0.15,0.824,0.609,0.3,0
33,20,6,0.58,6,0.15,0.824,0.609,0.3,0
33,20,7,1.09,7,0.15,0.824,0.609,0.3,0
33,21,0,0.98,0,0.429,1.886,0.609,0.857,0
33,21,1,0.41,1,0.214,1.886,0.609,0.429,0
33,21,2,0.42,2,0.15,1.886,0.609,0.3,0
33,21,3,0.42,3,0.15,1.886,0.609,0.3,0
33,21,4,0.95,4,0.15,1.886,0.609,0.3,0
33,21,5,0.77,5,0.15,1.886,0.609,0.3,0
33,21,6,0.32,6,0.15,1.886,0.609,0.3,0
33,21,7,0.34,7,0.15,1.886,0.609,0.3,1
33,22,0,3.78,0,0.746,1.531,0.609,1.493,0
33,22,1,0.43,1,0.373,1.531,0.609,0.746,0
33,22,2,0.49,2,0.187,1.531,0.609,0.373,0
33,22,3,0.37,3,0.15,1.531,0.609,0.3,0
33,22,4,0.44,4,0.15,1.531,0.609,0.3,0
33,22,5,0.95,5,0.15,1.531,0.609,0.3,0
33,22,6,0.66,6,0.15,1.531,0.609,0.3,0
33,23,0,0.41,0,0.502,0.777,0.609,1.004,1
33,23,1,0.89,1,0.957,0.777,0.609,1.915,0
33,23,2,0.41,2,0.479,0.777,0.609,0.957,1
33,23,3,1.28,3,0.914,0.777,0.609,1.827,0
33,23,4,0.6,4,0.457,0.777,0.609,0.914,1
33,23,5,0.32,5,0.872,0.777,0.609,1.743,1
33,23,6,3.81,6,1.0,0.777,0.609,3.326,0
33,24,0,0.37,0,0.368,0.647,0.609,0.735,0
33,24,1,0.31,1,0.184,0.647,0.609,0.368,0
33,25,0,3.38,0,0.664,1.441,0.609,1.328,1
33,25,1,1.39,1,0.683,1.441,0.609,1.367,1
33,25,2,0.38,2,0.703,1.441,0.609,1.406,0
33,25,3,0.97,3,0.352,1.441,0.609,0.703,0
33,25,4,0.42,4,0.176,1.441,0.609,0.352,1
33,25,5,0.49,5,0.181,1.441,0.609,0.362,0
33,25,6,0.34,6,0.15,1.441,0.609,0.3,0
33,25,7,0.55,7,0.15,1.441,0.609,0.3,1
33,26,0,0.43,0,0.601,1.233,0.609,1.202,1
33,26,1,0.35,1,0.723,1.233,0.609,1.446,0
33,27,0,1.04,0,0.609,0.584,0.609,1.217,0
33,27,1,0.47,1,0.304,0.584,0.609,0.609,0
33,27,2,0.48,2,0.152,0.584,0.609,0.304,0
33,27,3,0.8,3,0.15,0.584,0.609,0.3,0
33,27,4,0.46,4,0.15,0.584,0.609,0.3,0
33,28,0,0.73,0,0.579,1.269,0.609,1.157,1
33,28,1,0.56,1,0.676,1.269,0.609,1.352,0
33,28,2,0.67,2,0.338,1.269,0.609,0.676,0
33,28,3,0.36,3,0.169,1.269,0.609,0.338,1
33,28,4,0.69,4,0.198,1.269,0.609,0.395,0
33,28,5,0.37,5,0.15,1.269,0.609,0.3,0
33,29,0,1.14,0,0.47,0.859,0.609,0.94,1
33,29,1,2.69,1,0.812,0.859,0.609,1.623,0
33,29,2,0.3,2,0.406,0.859,0.609,0.812,1
33,29,3,1.03,3,0.701,0.859,0.609,1.401,0
33,29,4,0.32,4,0.35,0.859,0.609,0.701,1
33,29,5,0.94,5,0.605,0.859,0.609,1.21,0
33,29,6,0.3,6,0.303,0.859,0.609,0.605,1
33,30,0,0.97,0,0.706,1.25,0.609,1.411,0
33,30,1,0.38,1,0.353,1.25,0.609,0.706,1
33,30,2,0.44,2,0.419,1.25,0.609,0.837,1
33,30,3,1.55,3,0.497,1.25,0.609,0.994,0
33,30,4,0.54,4,0.248,1.25,0.609,0.497,0
33,31,0,0.49,0,0.535,1.274,0.609,1.071,1
33,31,1,0.97,1,0.623,1.274,0.609,1.246,0
33,31,2,1.31,2,0.312,1.274,0.609,0.623,0
33,32,0,2.0,0,0.718,1.837,0.609,1.435,0
33,32,1,1.04,1,0.359,1.837,0.609,0.718,0
33,32,2,0.3,2,0.179,1.837,0.609,0.359,0
33,32,3,0.68,3,0.15,1.837,0.609,0.3,0
33,32,4,0.33,4,0.15,1.837,0.609,0.3,0
33,32,5,0.65,5,0.15,1.837,0.609,0.3,1
33,33,0,1.05,0,0.68,0.705,0.609,1.359,1
33,33,1,1.2,1,1.0,0.705,0.609,2.859,0
33,33,2,1.12,2,0.715,0.705,0.609,1.43,0
33,33,3,1.66,3,0.357,0.705,0.609,0.715,0
33,33,4,0.41,4,0.179,0.705,0.609,0.357,0
33,34,0,0.3,0,0.362,0.846,0.609,0.723,1
33,34,1,0.91,1,0.634,0.846,0.609,1.267,1
33,34,2,1.04,2,1.0,0.846,0.609,2.22,1
33,34,3,0.66,3,1.0,0.846,0.609,3.89,1
33,34,4,5.8,4,1.0,0.846,0.609,6.815,0
33,34,5,1.29,5,1.0,0.846,0.609,3.408,0
33,35,0,1.19,0,0.562,1.654,0.609,1.123,1
33,36,0,1.65,0,0.466,1.248,0.609,0.931,0
33,36,1,0.69,1,0.233,1.248,0.609,0.466,0
33,36,2,0.93,2,0.15,1.248,0.609,0.3,0
33,36,3,0.42,3,0.15,1.248,0.609,0.3,0
33,36,4,0.36,4,0.15,1.248,0.609,0.3,1
33,37,0,0.67,0,0.348,1.291,0.609,0.695,0
33,37,1,0.33,1,0.174,1.291,0.609,0.348,1
33,37,2,0.49,2,0.2,1.291,0.609,0.399,0
33,38,0,4.57,0,0.614,1.507,0.609,1.228,0
33,38,1,0.62,1,0.307,1.507,0.609,0.614,1
33,38,2,0.8,2,0.302,1.507,0.609,0.604,0
33,38,3,0.51,3,0.151,1.507,0.609,0.302,0
33,38,4,0.3,4,0.15,1.507,0.609,0.3,0
33,38,5,0.73,5,0.15,1.507,0.609,0.3,0
33,38,6,0.3,6,0.15,1.507,0.609,0.3,1
33,39,0,0.54,0,0.588,1.043,0.609,1.177,0
33,39,1,0.38,1,0.294,1.043,0.609,0.588,0
33,39,2,1.81,2,0.15,1.043,0.609,0.3,0
33,39,3,0.57,3,0.15,1.043,0.609,0.3,0
33,40,0,1.19,0,0.473,1.928,0.609,0.946,0
33,40,1,0.65,1,0.236,1.928,0.609,0.473,0
33,40,2,0.38,2,0.15,1.928,0.609,0.3,0
33,40,3,0.52,3,0.15,1.928,0.609,0.3,1
33,40,4,0.41,4,0.115,1.928,0.609,0.231,0
33,40,5,0.35,5,0.15,1.928,0.609,0.3,0
33,40,6,0.45,6,0.15,1.928,0.609,0.3,0
33,40,7,0.65,7,0.15,1.928,0.609,0.3,0
33,41,0,1.3,0,0.303,1.493,0.609,0.607,0
33,41,1,0.31,1,0.152,1.493,0.609,0.303,0
33,42,0,2.23,0,0.669,1.085,0.609,1.338,0
33,42,1,0.52,1,0.334,1.085,0.609,0.669,0
33,42,2,0.4,2,0.167,1.085,0.609,0.334,0
33,43,0,0.76,0,0.399,1.632,0.609,0.798,0
33,43,1,0.33,1,0.199,1.632,0.609,0.399,1
33,43,2,0.41,2,0.181,1.632,0.609,0.362,0
33,44,0,0.58,0,0.288,1.737,0.609,0.576,0
33,44,1,0.4,1,0.15,1.737,0.609,0.3,0
33,44,2,0.51,2,0.15,1.737,0.609,0.3,0
33,44,3,0.57,3,0.15,1.737,0.609,0.3,0
33,44,4,0.38,4,0.15,1.737,0.609,0.3,0
33,44,5,0.35,5,0.15,1.737,0.609,0.3,0
33,45,0,0.75,0,0.68,1.675,0.609,1.36,1
33,45,1,0.37,1,0.602,1.675,0.609,1.204,1
33,45,2,1.43,2,0.533,1.675,0.609,1.066,0
33,45,3,0.55,3,0.266,1.675,0.609,0.533,0
33,46,0,3.99,0,0.568,1.108,0.609,1.135,1
33,46,1,0.94,1,0.76,1.108,0.609,1.52,1
33,46,2,3.27,2,1.0,1.108,0.609,2.035,0
33,46,3,0.93,3,0.509,1.108,0.609,1.017,1
33,47,0,1.23,0,0.483,1.716,0.609,0.967,0
33,47,1,0.73,1,0.242,1.716,0.609,0.483,0
33,47,2,0.33,2,0.15,1.716,0.609,0.3,1
33,47,3,0.67,3,0.13,1.716,0.609,0.259,0
33,47,4,0.72,4,0.15,1.716,0.609,0.3,0
33,47,5,1.48,5,0.15,1.716,0.609,0.3,0
33,47,6,0.36,6,0.15,1.716,0.609,0.3,1
33,47,7,0.41,7,0.13,1.716,0.609,0.259,1
33,48,0,0.36,0,0.365,1.422,0.609,0.73,1
33,49,0,0.61,0,0.687,0.925,0.609,1.373,0
33,50,0,0.39,0,0.564,1.37,0.609,1.128,1
33,51,0,0.37,0,0.287,1.613,0.609,0.573,1
33,51,1,0.31,1,0.263,1.613,0.609,0.527,0
33,51,2,0.3,2,0.15,1.613,0.609,0.3,1
33,52,0,0.62,0,0.623,1.847,0.609,1.246,1
33,52,1,1.93,1,0.5,1.847,0.609,1.0,1
33,52,2,0.42,2,0.401,1.847,0.609,0.803,0
33,52,3,0.34,3,0.201,1.847,0.609,0.401,1
33,52,4,0.57,4,0.161,1.847,0.609,0.322,1
33,52,5,0.43,5,0.129,1.847,0.609,0.259,0
33,52,6,0.33,6,0.15,1.847,0.609,0.3,0
33,53,0,0.53,0,0.412,1.135,0.609,0.824,0
33,54,0,0.35,0,0.371,1.455,0.609,0.742,0
33,54,1,1.01,1,0.185,1.455,0.609,0.371,0
33,54,2,0.51,2,0.15,1.455,0.609,0.3,0
33,55,0,0.99,0,0.473,1.118,0.609,0.946,1
33,55,1,0.54,1,0.627,1.118,0.609,1.254,1
33,55,2,1.42,2,0.831,1.118,0.609,1.662,0
33,55,3,1.28,3,0.416,1.118,0.609,0.831,0
33,55,4,0.38,4,0.208,1.118,0.609,0.416,1
33,55,5,0.71,5,0.275,1.118,0.609,0.551,0
33,55,6,0.6,6,0.15,1.118,0.609,0.3,0
33,55,7,0.32,7,0.15,1.118,0.609,0.3,1
33,56,0,3.63,0,0.748,0.915,0.609,1.495,0
33,56,1,0.59,1,0.374,0.915,0.609,0.748,0
33,56,2,0.49,2,0.187,0.915,0.609,0.374,0
33,56,3,0.35,3,0.15,0.915,0.609,0.3,0
33,56,4,0.31,4,0.15,0.915,0.609,0.3,0
33,56,5,0.37,5,0.15,0.915,0.609,0.3,0
33,57,0,0.48,0,0.655,1.418,0.609,1.31,1
33,57,1,0.75,1,0.685,1.418,0.609,1.37,1
33,57,2,2.11,2,0.716,1.418,0.609,1.432,0
33,57,3,0.31,3,0.358,1.418,0.609,0.716,1
33,57,4,0.39,4,0.374,1.418,0.609,0.749,0
33,57,5,0.36,5,0.187,1.418,0.609,0.374,1
33,57,6,0.34,6,0.196,1.418,0.609,0.391,0
33,57,7,0.38,7,0.15,1.418,0.609,0.3,0
33,58,0,0.78,0,0.749,0.634,0.609,1.498,1
33,58,1,1.84,1,1.0,0.634,0.609,3.503,1
33,58,2,11.83,2,1.0,0.634,0.609,8.191,0
33,59,0,0.39,0,0.567,0.947,0.609,1.133,1
34,0,0,0.5,0,0.286,0.801,1.103,0.573,1
34,0,1,0.49,1,0.583,0.801,1.103,1.166,1
34,0,2,7.83,2,1.0,0.801,1.103,2.375,0
34,0,3,1.11,3,0.594,0.801,1.103,1.188,0
34,0,4,0.69,4,0.297,0.801,1.103,0.594,0
34,0,5,0.63,5,0.15,0.801,1.103,0.3,0
34,1,0,0.74,0,0.358,1.216,1.103,0.715,1
34,1,1,0.32,1,0.48,1.216,1.103,0.959,0
34,2,0,1.1,0,0.616,1.061,1.103,1.233,0
34,2,1,0.78,1,0.308,1.061,1.103,0.616,0
34,2,2,0.61,2,0.154,1.061,1.103,0.308,0
34,2,3,0.3,3,0.15,1.061,1.103,0.3,0
34,2,4,0.36,4,0.15,1.061,1.103,0.3,0
34,2,5,0.87,5,0.15,1.061,1.103,0.3,0
34,2,6,0.31,6,0.15,1.061,1.103,0.3,0
34,2,7,0.33,7,0.15,1.061,1.103,0.3,0
34,3,0,0.61,0,0.567,1.625,1.103,1.133,0
34,3,1,0.42,1,0.283,1.625,1.103,0.567,1
34,3,2,0.67,2,0.284,1.625,1.103,0.569,1
34,3,3,0.77,3,0.285,1.625,1.103,0.57,1
34,3,4,0.54,4,0.286,1.625,1.103,0.572,0
34,3,5,0.61,5,0.15,1.625,1.103,0.3,0
34,4,0,1.43,0,0.669,1.16,1.103,1.337,0
34,4,1,0.43,1,0.334,1.16,1.103,0.669,1
34,4,2,0.73,2,0.47,1.16,1.103,0.94,1
34,5,0,2.25,0,0.537,1.296,1.103,1.074,0
34,6,0,1.02,0,0.677,1.076,1.103,1.354,1
34,7,0,0.3,0,0.411,0.547,1.103,0.822,1
34,7,1,5.21,1,1.0,0.547,1.103,2.452,0
34,7,2,2.72,2,0.613,0.547,1.103,1.226,0
34,7,3,0.53,3,0.306,0.547,1.103,0.613,0
34,7,4,0.31,4,0.153,0.547,1.103,0.306,1
34,8,0,0.57,0,0.448,1.216,1.103,0.896,1
34,8,1,0.65,1,0.601,1.216,1.103,1.201,0
34,8,2,0.64,2,0.3,1.216,1.103,0.601,0
34,8,3,0.45,3,0.15,1.216,1.103,0.3,1
34,8,4,0.81,4,0.201,1.216,1.103,0.403,0
34,8,5,0.61,5,0.15,1.216,1.103,0.3,0
34,9,0,0.47,0,0.442,0.847,1.103,0.884,1
34,9,1,0.52,1,0.851,0.847,1.103,1.702,1
34,9,2,2.37,2,1.0,0.847,1.103,3.277,0
34,9,3,3.73,3,0.819,0.847,1.103,1.638,0
34,10,0,2.59,0,0.615,0.831,1.103,1.231,0
34,10,1,0.41,1,0.308,0.831,1.103,0.615,0
34,10,2,0.47,2,0.154,0.831,1.103,0.308,0
34,10,3,0.44,3,0.15,0.831,1.103,0.3,0
34,10,4,0.63,4,0.15,0.831,1.103,0.3,0
34,10,5,0.54,5,0.15,0.831,1.103,0.3,0
34,11,0,1.66,0,0.716,1.749,1.103,1.432,0
34,11,1,0.36,1,0.358,1.749,1.103,0.716,1
34,12,0,0.47,0,0.715,0.897,1.103,1.429,1
34,12,1,2.69,1,1.0,0.897,1.103,2.6,0
34,12,2,1.86,2,0.65,0.897,1.103,1.3,0
34,13,0,0.75,0,0.49,1.901,1.103,0.98,1
34,13,1,0.65,1,0.421,1.901,1.103,0.841,1
34,13,2,0.82,2,0.361,1.901,1.103,0.722,0
34,13,3,0.32,3,0.18,1.901,1.103,0.361,1
34,13,4,0.32,4,0.155,1.901,1.103,0.31,0
34,13,5,0.53,5,0.15,1.901,1.103,0.3,0
34,13,6,0.66,6,0.15,1.901,1.103,0.3,0
34,14,0,0.55,0,0.454,1.686,1.103,0.907,1
34,14,1,0.72,1,0.439,1.686,1.103,0.878,1
34,14,2,0.55,2,0.425,1.686,1.103,0.849,1
34,14,3,0.37,3,0.411,1.686,1.103,0.821,1
34,14,4,1.03,4,0.397,1.686,1.103,0.795,0
34,14,5,0.45,5,0.199,1.686,1.103,0.397,0
34,14,6,0.62,6,0.15,1.686,1.103,0.3,0
34,14,7,0.45,7,0.15,1.686,1.103,0.3,1
34,15,0,0.8,0,0.705,1.673,1.103,1.409,1
34,16,0,1.11,0,0.542,1.319,1.103,1.084,0
34,16,1,0.42,1,0.271,1.319,1.103,0.542,1
34,16,2,0.62,2,0.335,1.319,1.103,0.67,0
34,16,3,0.42,3,0.168,1.319,1.103,0.335,1
34,16,4,0.41,4,0.207,1.319,1.103,0.414,0
34,16,5,0.35,5,0.15,1.319,1.103,0.3,0
34,16,6,1.09,6,0.15,1.319,1.103,0.3,0
34,16,7,0.59,7,0.15,1.319,1.103,0.3,0
34,17,0,0.45,0,0.505,1.458,1.103,1.01,0
34,17,1,0.85,1,0.252,1.458,1.103,0.505,0
34,17,2,0.43,2,0.15,1.458,1.103,0.3,1
34,17,3,0.42,3,0.168,1.458,1.103,0.336,1
34,17,4,0.43,4,0.188,1.458,1.103,0.375,1
34,18,0,0.84,0,0.506,1.558,1.103,1.012,1
34,18,1,1.59,1,0.53,1.558,1.103,1.059,0
34,19,0,0.74,0,0.452,1.01,1.103,0.904,0
34,19,1,0.41,1,0.226,1.01,1.103,0.452,1
34,19,2,1.64,2,0.365,1.01,1.103,0.731,0
34,19,3,0.39,3,0.183,1.01,1.103,0.365,1
34,19,4,0.68,4,0.295,1.01,1.103,0.59,0
34,19,5,0.45,5,0.15,1.01,1.103,0.3,0
34,19,6,0.44,6,0.15,1.01,1.103,0.3,0
34,19,7,0.49,7,0.15,1.01,1.103,0.3,0
34,20,0,0.53,0,0.253,0.731,1.103,0.506,0
34,20,1,0.36,1,0.15,0.731,1.103,0.3,1
34,20,2,0.32,2,0.334,0.731,1.103,0.669,0
34,20,3,0.31,3,0.167,0.731,1.103,0.334,0
34,20,4,0.34,4,0.15,0.731,1.103,0.3,1
34,20,5,0.95,5,0.334,0.731,1.103,0.669,0
34,20,6,0.35,6,0.167,0.731,1.103,0.334,0
34,20,7,0.34,7,0.15,0.731,1.103,0.3,1
34,21,0,0.79,0,0.732,1.907,1.103,1.463,0
34,22,0,0.67,0,0.473,1.493,1.103,0.946,0
34,22,1,0.41,1,0.237,1.493,1.103,0.473,0
34,22,2,0.31,2,0.15,1.493,1.103,0.3,1
34,22,3,0.54,3,0.164,1.493,1.103,0.328,1
34,22,4,0.4,4,0.179,1.493,1.103,0.358,1
34,22,5,0.31,5,0.196,1.493,1.103,0.391,1
34,22,6,0.58,6,0.214,1.493,1.103,0.427,0
34,23,0,1.13,0,0.404,1.194,1.103,0.809,0
34,23,1,0.34,1,0.202,1.194,1.103,0.404,1
34,23,2,0.31,2,0.276,1.194,1.103,0.552,1
34,24,0,1.49,0,0.382,0.931,1.103,0.764,1
34,24,1,0.48,1,0.669,0.931,1.103,1.337,1
34,24,2,6.44,2,1.0,0.931,1.103,2.342,0
34,24,3,0.55,3,0.585,0.931,1.103,1.171,1
34,24,4,1.43,4,1.0,0.931,1.103,2.05,1
34,24,5,1.61,5,1.0,0.931,1.103,3.59,1
34,24,6,4.02,6,1.0,0.931,1.103,6.285,1
34,24,7,5.25,7,1.0,0.931,1.103,11.005,0
34,25,0,0.61,0,0.359,0.816,1.103,0.717,0
34,25,1,0.51,1,0.179,0.816,1.103,0.359,1
34,25,2,1.33,2,0.358,0.816,1.103,0.717,0
34,25,3,0.39,3,0.179,0.816,1.103,0.358,0
34,26,0,0.4,0,0.564,1.144,1.103,1.127,1
34,26,1,0.51,1,0.803,1.144,1.103,1.606,1
34,26,2,2.6,2,1.0,1.144,1.103,2.289,1
34,26,3,0.36,3,1.0,1.144,1.103,3.263,1
34,26,4,2.16,4,1.0,1.144,1.103,4.651,1
34,27,0,2.06,0,0.509,1.152,1.103,1.019,0
34,27,1,0.76,1,0.255,1.152,1.103,0.509,0
34,27,2,0.95,2,0.15,1.152,1.103,0.3,0
34,27,3,0.37,3,0.15,1.152,1.103,0.3,1
34,27,4,0.5,4,0.212,1.152,1.103,0.425,1
34,27,5,0.46,5,0.301,1.152,1.103,0.602,0
34,27,6,0.59,6,0.15,1.152,1.103,0.301,0
34,27,7,0.49,7,0.15,1.152,1.103,0.3,1
34,28,0,0.47,0,0.533,0.659,1.103,1.066,1
34,28,1,3.11,1,1.0,0.659,1.103,2.637,0
34,28,2,0.95,2,0.659,0.659,1.103,1.319,0
34,28,3,2.6,3,0.33,0.659,1.103,0.659,0
34,28,4,0.35,4,0.165,0.659,1.103,0.33,0
34,28,5,1.32,5,0.15,0.659,1.103,0.3,0
34,28,6,0.51,6,0.15,0.659,1.103,0.3,0
34,29,0,1.01,0,0.566,1.223,1.103,1.132,0
34,29,1,0.34,1,0.283,1.223,1.103,0.566,0
34,29,2,0.48,2,0.15,1.223,1.103,0.3,0
34,29,3,0.31,3,0.15,1.223,1.103,0.3,0
34,29,4,0.49,4,0.15,1.223,1.103,0.3,0
34,30,0,0.31,0,0.716,1.597,1.103,1.432,0
34,30,1,0.51,1,0.358,1.597,1.103,0.716,0
34,30,2,0.39,2,0.179,1.597,1.103,0.358,0
34,31,0,1.01,0,0.509,0.83,1.103,1.018,1
34,31,1,2.72,1,1.0,0.83,1.103,2.0,0
34,31,2,2.82,2,0.5,0.83,1.103,1.0,0
34,31,3,0.65,3,0.25,0.83,1.103,0.5,0
34,31,4,0.49,4,0.15,0.83,1.103,0.3,0
34,31,5,0.45,5,0.15,0.83,1.103,0.3,0
34,32,0,0.36,0,0.613,1.965,1.103,1.226,1
34,32,1,0.71,1,0.509,1.965,1.103,1.017,1
34,32,2,0.39,2,0.422,1.965,1.103,0.844,1
34,32,3,0.42,3,0.35,1.965,1.103,0.701,1
34,32,4,0.42,4,0.291,1.965,1.103,0.581,1
34,32,5,0.54,5,0.241,1.965,1.103,0.482,0
34,32,6,0.69,6,0.15,1.965,1.103,0.3,0
34,32,7,0.39,7,0.15,1.965,1.103,0.3,0
34,33,0,0.45,0,0.655,1.348,1.103,1.309,1
34,33,1,0.6,1,0.792,1.348,1.103,1.584,1
34,33,2,0.36,2,0.958,1.348,1.103,1.916,1
34,34,0,0.74,0,0.668,1.446,1.103,1.336,1
34,35,0,0.52,0,0.595,1.737,1.103,1.19,1
34,35,1,1.39,1,0.558,1.737,1.103,1.117,1
34,36,0,0.3,0,0.309,1.513,1.103,0.619,1
34,36,1,0.64,1,0.333,1.513,1.103,0.667,0
34,36,2,0.34,2,0.167,1.513,1.103,0.333,0
34,36,3,0.49,3,0.15,1.513,1.103,0.3,0
34,36,4,0.58,4,0.15,1.513,1.103,0.3,0
34,36,5,0.52,5,0.15,1.513,1.103,0.3,0
34,36,6,0.81,6,0.15,1.513,1.103,0.3,0
34,36,7,0.36,7,0.15,1.513,1.103,0.3,1
34,37,0,0.8,0,0.6,1.396,1.103,1.2,0
34,38,0,1.83,0,0.631,1.013,1.103,1.262,0
34,38,1,0.83,1,0.315,1.013,1.103,0.631,1
34,38,2,0.62,2,0.508,1.013,1.103,1.016,1
34,38,3,0.56,3,0.819,1.013,1.103,1.637,1
34,38,4,1.03,4,1.0,1.013,1.103,2.637,0
34,38,5,0.94,5,0.659,1.013,1.103,1.319,0
34,38,6,0.8,6,0.33,1.013,1.103,0.659,0
34,38,7,0.37,7,0.165,1.013,1.103,0.33,0
34,39,0,1.64,0,0.407,1.918,1.103,0.815,0
34,39,1,1.26,1,0.204,1.918,1.103,0.407,1
34,39,2,0.37,2,0.173,1.918,1.103,0.346,1
34,39,3,0.37,3,0.147,1.918,1.103,0.295,0
34,39,4,0.99,4,0.15,1.918,1.103,0.3,0
34,40,0,0.67,0,0.523,0.708,1.103,1.046,0
34,40,1,0.56,1,0.261,0.708,1.103,0.523,1
34,41,0,2.07,0,0.479,0.704,1.103,0.958,0
34,41,1,0.34,1,0.239,0.704,1.103,0.479,1
34,41,2,0.87,2,0.555,0.704,1.103,1.109,0
34,41,3,0.83,3,0.277,0.704,1.103,0.555,0
34,41,4,0.48,4,0.15,0.704,1.103,0.3,0
34,41,5,0.57,5,0.15,0.704,1.103,0.3,0
34,41,6,0.42,6,0.15,0.704,1.103,0.3,0
34,42,0,0.7,0,0.642,1.464,1.103,1.285,0
34,42,1,1.05,1,0.321,1.464,1.103,0.642,0
34,42,2,0.64,2,0.161,1.464,1.103,0.321,0
34,42,3,0.36,3,0.15,1.464,1.103,0.3,0
34,42,4,0.38,4,0.15,1.464,1.103,0.3,0
34,43,0,0.43,0,0.287,0.523,1.103,0.574,1
34,43,1,0.86,1,0.895,0.523,1.103,1.791,0
34,43,2,1.03,2,0.448,0.523,1.103,0.895,0
34,44,0,0.51,0,0.615,1.092,1.103,1.23,1
34,44,1,1.61,1,0.919,1.092,1.103,1.838,0
34,44,2,0.54,2,0.46,1.092,1.103,0.919,1
34,44,3,0.63,3,0.686,1.092,1.103,1.373,0
34,44,4,1.1,4,0.343,1.092,1.103,0.686,0
34,45,0,0.95,0,0.456,1.73,1.103,0.912,0
34,46,0,2.24,0,0.457,1.619,1.103,0.915,0
34,46,1,0.42,1,0.229,1.619,1.103,0.457,0
34,47,0,0.73,0,0.694,0.634,1.103,1.389,1
34,47,1,0.89,1,1.0,0.634,1.103,3.573,1
34,48,0,0.49,0,0.665,1.12,1.103,1.33,1
34,48,1,0.42,1,0.968,1.12,1.103,1.937,1
34,48,2,7.9,2,1.0,1.12,1.103,2.82,0
34,48,3,2.05,3,0.705,1.12,1.103,1.41,0
34,49,0,0.72,0,0.26,1.918,1.103,0.52,0
34,49,1,0.48,1,0.15,1.918,1.103,0.3,0
34,50,0,0.36,0,0.742,1.067,1.103,1.483,1
34,51,0,1.36,0,0.334,1.465,1.103,0.668,0
34,51,1,0.47,1,0.167,1.465,1.103,0.334,0
34,51,2,0.65,2,0.15,1.465,1.103,0.3,0
34,51,3,0.37,3,0.15,1.465,1.103,0.3,0
34,52,0,2.17,0,0.481,1.347,1.103,0.962,0
34,52,1,0.42,1,0.241,1.347,1.103,0.481,1
34,52,2,0.45,2,0.291,1.347,1.103,0.583,1
34,53,0,0.36,0,0.534,1.722,1.103,1.068,1
34,53,1,0.61,1,0.506,1.722,1.103,1.011,1
34,54,0,0.95,0,0.7,1.973,1.103,1.4,1
34,54,1,0.43,1,0.579,1.973,1.103,1.157,1
34,55,0,3.59,0,0.684,1.12,1.103,1.367,0
34,55,1,0.36,1,0.342,1.12,1.103,0.684,0
34,56,0,0.7,0,0.318,1.073,1.103,0.636,0
34,56,1,0.53,1,0.159,1.073,1.103,0.318,0
34,56,2,0.33,2,0.15,1.073,1.103,0.3,0
34,56,3,0.95,3,0.15,1.073,1.103,0.3,0
34,56,4,0.35,4,0.15,1.073,1.103,0.3,0
34,56,5,0.67,5,0.15,1.073,1.103,0.3,0
34,56,6,0.44,6,0.15,1.073,1.103,0.3,0
34,57,0,1.46,0,0.43,1.537,1.103,0.86,0
34,57,1,0.92,1,0.215,1.537,1.103,0.43,0
34,57,2,0.32,2,0.15,1.537,1.103,0.3,1
34,58,0,0.37,0,0.584,0.577,1.103,1.169,1
34,58,1,3.67,1,1.0,0.577,1.103,3.306,1
34,58,2,3.24,2,1.0,0.577,1.103,9.353,1
34,58,3,28.51,3,1.0,0.577,1.103,26.46,0
34,58,4,9.36,4,1.0,0.577,1.103,13.23,0
34,58,5,2.14,5,1.0,0.577,1.103,6.615,1
34,59,0,0.72,0,0.584,1.011,1.103,1.169,1
34,59,1,0.63,1,0.943,1.011,1.103,1.886,0
34,59,2,1.05,2,0.472,1.011,1.103,0.943,0
34,59,3,0.35,3,0.236,1.011,1.103,0.472,1
35,0,0,0.32,0,0.493,0.713,0.674,0.987,0
35,0,1,1.02,1,0.247,0.713,0.674,0.493,0
35,1,0,2.75,0,0.434,0.748,0.674,0.869,0
35,1,1,1.55,1,0.217,0.748,0.674,0.434,0
35,1,2,0.31,2,0.15,0.748,0.674,0.3,0
35,1,3,0.51,3,0.15,0.748,0.674,0.3,0
35,1,4,0.41,4,0.15,0.748,0.674,0.3,1
35,1,5,0.4,5,0.301,0.748,0.674,0.602,0
35,1,6,0.38,6,0.151,0.748,0.674,0.301,1
35,2,0,0.61,0,0.561,0.906,0.674,1.121,1
35,2,1,0.41,1,0.929,0.906,0.674,1.858,1
35,2,2,2.92,2,1.0,0.906,0.674,3.079,0
35,2,3,0.74,3,0.77,0.906,0.674,1.54,1
35,2,4,0.41,4,1.0,0.906,0.674,2.551,1
35,2,5,0.93,5,1.0,0.906,0.674,4.228,1
35,3,0,0.99,0,0.547,0.664,0.674,1.094,1
35,3,1,0.63,1,1.0,0.664,0.674,2.477,1
35,4,0,0.88,0,0.315,1.739,0.674,0.629,0
35,4,1,0.3,1,0.157,1.739,0.674,0.315,0
35,4,2,0.47,2,0.15,1.739,0.674,0.3,0
35,4,3,0.43,3,0.15,1.739,0.674,0.3,0
35,4,4,0.58,4,0.15,1.739,0.674,0.3,0
35,4,5,0.8,5,0.15,1.739,0.674,0.3,0
35,5,0,1.62,0,0.398,0.82,0.674,0.796,0
35,5,1,0.44,1,0.199,0.82,0.674,0.398,0
35,5,2,0.34,2,0.15,0.82,0.674,0.3,1
35,5,3,0.51,3,0.275,0.82,0.674,0.55,1
35,5,4,2.02,4,0.503,0.82,0.674,1.007,1
35,5,5,1.05,5,0.922,0.82,0.674,1.844,0
35,6,0,1.43,0,0.591,0.521,0.674,1.181,0
35,6,1,0.75,1,0.295,0.521,0.674,0.591,0
35,6,2,0.57,2,0.15,0.521,0.674,0.3,0
35,7,0,0.34,0,0.276,1.155,0.674,0.552,1
35,7,1,1.27,1,0.359,1.155,0.674,0.718,0
35,7,2,0.51,2,0.179,1.155,0.674,0.359,0
35,7,3,0.52,3,0.15,1.155,0.674,0.3,0
35,7,4,0.32,4,0.15,1.155,0.674,0.3,0
35,7,5,0.35,5,0.15,1.155,0.674,0.3,0
35,7,6,0.45,6,0.15,1.155,0.674,0.3,0
35,8,0,0.35,0,0.299,0.774,0.674,0.597,1
35,8,1,0.61,1,0.579,0.774,0.674,1.159,1
35,8,2,3.35,2,1.0,0.774,0.674,2.248,0
35,8,3,0.63,3,0.562,0.774,0.674,1.124,0
35,8,4,0.33,4,0.281,0.774,0.674,0.562,0
35,8,5,0.36,5,0.15,0.774,0.674,0.3,0
35,9,0,0.33,0,0.328,1.895,0.674,0.657,1
35,9,1,0.82,1,0.26,1.895,0.674,0.521,0
35,9,2,0.54,2,0.15,1.895,0.674,0.3,0
35,9,3,0.41,3,0.15,1.895,0.674,0.3,0
35,9,4,0.39,4,0.15,1.895,0.674,0.3,0
35,9,5,1.18,5,0.15,1.895,0.674,0.3,0
35,10,0,0.42,0,0.373,0.6,0.674,0.747,0
35,10,1,0.58,1,0.187,0.6,0.674,0.373,0
35,10,2,0.33,2,0.15,0.6,0.674,0.3,0
35,10,3,0.61,3,0.15,0.6,0.674,0.3,0
35,11,0,3.68,0,0.724,1.801,0.674,1.448,0
35,11,1,0.44,1,0.362,1.801,0.674,0.724,1
35,11,2,1.04,2,0.302,1.801,0.674,0.604,0
35,11,3,0.45,3,0.151,1.801,0.674,0.302,0
35,11,4,0.45,4,0.15,1.801,0.674,0.3,0
35,12,0,0.74,0,0.282,0.673,0.674,0.564,0
35,12,1,0.38,1,0.15,0.673,0.674,0.3,0
35,12,2,0.59,2,0.15,0.673,0.674,0.3,0
35,12,3,0.37,3,0.15,0.673,0.674,0.3,0
35,12,4,1.1,4,0.15,0.673,0.674,0.3,0
35,12,5,0.49,5,0.15,0.673,0.674,0.3,0
35,12,6,0.58,6,0.15,0.673,0.674,0.3,0
35,13,0,1.67,0,0.743,1.984,0.674,1.486,0
35,13,1,0.45,1,0.372,1.984,0.674,0.743,1
35,14,0,0.6,0,0.408,1.199,0.674,0.815,0
35,14,1,0.86,1,0.204,1.199,0.674,0.408,0
35,14,2,0.44,2,0.15,1.199,0.674,0.3,0
35,14,3,0.44,3,0.15,1.199,0.674,0.3,0
35,14,4,0.6,4,0.15,1.199,0.674,0.3,0
35,15,0,2.23,0,0.354,1.66,0.674,0.708,0
35,15,1,0.63,1,0.177,1.66,0.674,0.354,0
35,15,2,0.62,2,0.15,1.66,0.674,0.3,0
35,15,3,0.32,3,0.15,1.66,0.674,0.3,1
35,16,0,0.52,0,0.408,1.575,0.674,0.815,1
35,16,1,0.39,1,0.389,1.575,0.674,0.778,0
35,16,2,0.47,2,0.194,1.575,0.674,0.389,0
35,16,3,0.56,3,0.15,1.575,0.674,0.3,0
35,17,0,1.34,0,0.613,1.342,0.674,1.226,0
35,17,1,0.81,1,0.307,1.342,0.674,0.613,0
35,17,2,0.38,2,0.153,1.342,0.674,0.307,0
35,17,3,0.62,3,0.15,1.342,0.674,0.3,0
35,17,4,1.26,4,0.15,1.342,0.674,0.3,0
35,17,5,0.78,5,0.15,1.342,0.674,0.3,0
35,17,6,0.91,6,0.15,1.342,0.674,0.3,0
35,17,7,0.44,7,0.15,1.342,0.674,0.3,0
35,18,0,0.41,0,0.367,0.554,0.674,0.733,0
35,18,1,0.71,1,0.183,0.554,0.674,0.367,0
35,18,2,0.46,2,0.15,0.554,0.674,0.3,0
35,18,3,0.52,3,0.15,0.554,0.674,0.3,0
35,19,0,0.3,0,0.281,1.594,0.674,0.563,0
35,20,0,0.65,0,0.321,0.93,0.674,0.643,1
35,20,1,2.9,1,0.519,0.93,0.674,1.038,0
35,20,2,0.32,2,0.259,0.93,0.674,0.519,0
35,20,3,0.43,3,0.15,0.93,0.674,0.3,0
35,21,0,1.47,0,0.458,1.36,0.674,0.917,1
35,22,0,0.38,0,0.369,0.672,0.674,0.738,1
35,22,1,1.31,1,0.824,0.672,0.674,1.648,0
35,22,2,0.36,2,0.412,0.672,0.674,0.824,1
35,23,0,1.74,0,0.504,1.542,0.674,1.008,0
35,23,1,0.66,1,0.252,1.542,0.674,0.504,1
35,23,2,0.64,2,0.246,1.542,0.674,0.491,0
35,23,3,0.37,3,0.15,1.542,0.674,0.3,0
35,23,4,0.63,4,0.15,1.542,0.674,0.3,0
35,23,5,1.33,5,0.15,1.542,0.674,0.3,0
35,23,6,0.64,6,0.15,1.542,0.674,0.3,0
35,23,7,0.32,7,0.15,1.542,0.674,0.3,0
35,24,0,1.74,0,0.407,0.549,0.674,0.814,0
35,24,1,0.71,1,0.204,0.549,0.674,0.407,0
35,24,2,1.13,2,0.15,0.549,0.674,0.3,0
35,24,3,0.54,3,0.15,0.549,0.674,0.3,1
35,24,4,0.48,4,0.41,0.549,0.674,0.821,1
35,24,5,2.25,5,1.0,0.549,0.674,2.245,1
35,24,6,9.2,6,1.0,0.549,0.674,6.141,0
35,24,7,0.79,7,1.0,0.549,0.674,3.07,0
35,25,0,0.49,0,0.388,0.59,0.674,0.776,0
35,25,1,0.63,1,0.194,0.59,0.674,0.388,0
35,25,2,0.54,2,0.15,0.59,0.674,0.3,1
35,25,3,0.68,3,0.382,0.59,0.674,0.764,1
35,25,4,0.6,4,0.974,0.59,0.674,1.947,1
35,26,0,0.61,0,0.516,1.832,0.674,1.032,0
35,26,1,0.42,1,0.258,1.832,0.674,0.516,0
35,27,0,0.35,0,0.409,0.595,0.674,0.818,1
35,27,1,1.6,1,1.0,0.595,0.674,2.066,1
35,27,2,0.64,2,1.0,0.595,0.674,5.22,1
35,27,3,11.04,3,1.0,0.595,0.674,13.187,1
35,27,4,33.27,4,1.0,0.595,0.674,33.315,1
35,27,5,30.31,5,1.0,0.595,0.674,84.163,1
35,28,0,0.55,0,0.575,0.502,0.674,1.15,1
35,28,1,1.85,1,1.0,0.502,0.674,3.443,1
35,28,2,4.23,2,1.0,0.502,0.674,10.307,1
35,28,3,1.14,3,1.0,0.502,0.674,30.849,1
35,28,4,14.72,4,1.0,0.502,0.674,92.336,1
35,28,5,40.07,5,1.0,0.502,0.674,276.374,1
35,28,6,201.06,6,1.0,0.502,0.674,827.221,0
35,28,7,727.85,7,1.0,0.502,0.674,413.611,0
35,29,0,3.36,0,0.313,1.192,0.674,0.626,0
35,29,1,0.46,1,0.156,1.192,0.674,0.313,0
35,30,0,0.4,0,0.444,1.209,0.674,0.887,0
35,30,1,0.46,1,0.222,1.209,0.674,0.444,0
35,31,0,0.42,0,0.691,0.905,0.674,1.383,0
35,31,1,0.44,1,0.346,0.905,0.674,0.691,0
35,31,2,0.31,2,0.173,0.905,0.674,0.346,1
35,31,3,0.94,3,0.287,0.905,0.674,0.574,0
35,32,0,0.6,0,0.366,0.506,0.674,0.733,0
35,32,1,0.33,1,0.183,0.506,0.674,0.366,0
35,32,2,0.35,2,0.15,0.506,0.674,0.3,1
35,33,0,1.11,0,0.572,1.274,0.674,1.143,0
35,33,1,0.92,1,0.286,1.274,0.674,0.572,0
35,34,0,0.47,0,0.33,1.717,0.674,0.66,1
35,35,0,0.68,0,0.642,0.644,0.674,1.285,0
35,35,1,0.73,1,0.321,0.644,0.674,0.642,1
35,35,2,1.65,2,0.749,0.644,0.674,1.498,0
35,35,3,0.31,3,0.375,0.644,0.674,0.749,0
35,35,4,0.5,4,0.187,0.644,0.674,0.375,0
35,35,5,0.48,5,0.15,0.644,0.674,0.3,0
35,36,0,0.39,0,0.497,1.956,0.674,0.994,1
35,36,1,0.33,1,0.382,1.956,0.674,0.763,0
35,37,0,3.17,0,0.604,1.997,0.674,1.209,0
35,37,1,0.34,1,0.302,1.997,0.674,0.604,0
35,37,2,0.49,2,0.151,1.997,0.674,0.302,1
35,37,3,0.54,3,0.114,1.997,0.674,0.227,0
35,37,4,0.34,4,0.15,1.997,0.674,0.3,0
35,37,5,0.48,5,0.15,1.997,0.674,0.3,0
35,38,0,0.77,0,0.635,1.444,0.674,1.271,0
35,39,0,0.93,0,0.589,0.988,0.674,1.178,0
35,40,0,0.68,0,0.743,1.985,0.674,1.485,1
35,40,1,1.55,1,0.562,1.985,0.674,1.124,0
35,41,0,0.53,0,0.56,1.828,0.674,1.119,1
35,41,1,0.61,1,0.46,1.828,0.674,0.92,0
35,42,0,0.48,0,0.69,0.947,0.674,1.38,1
35,43,0,0.42,0,0.35,1.731,0.674,0.699,1
35,43,1,0.71,1,0.303,1.731,0.674,0.607,1
35,43,2,0.69,2,0.263,1.731,0.674,0.526,0
35,43,3,0.45,3,0.15,1.731,0.674,0.3,0
35,43,4,0.35,4,0.15,1.731,0.674,0.3,0
35,43,5,0.42,5,0.15,1.731,0.674,0.3,0
35,43,6,0.49,6,0.15,1.731,0.674,0.3,0
35,43,7,0.63,7,0.15,1.731,0.674,0.3,0
35,44,0,1.39,0,0.373,1.595,0.674,0.745,0
35,44,1,1.06,1,0.186,1.595,0.674,0.373,0
35,44,2,0.53,2,0.15,1.595,0.674,0.3,0
35,44,3,0.4,3,0.15,1.595,0.674,0.3,0
35,44,4,0.84,4,0.15,1.595,0.674,0.3,0
35,44,5,0.58,5,0.15,1.595,0.674,0.3,0
35,44,6,0.36,6,0.15,1.595,0.674,0.3,0
35,45,0,1.7,0,0.668,0.56,0.674,1.336,0
35,45,1,0.72,1,0.334,0.56,0.674,0.668,0
35,45,2,0.46,2,0.167,0.56,0.674,0.334,0
35,46,0,3.91,0,0.67,1.589,0.674,1.34,0
35,47,0,0.45,0,0.338,1.739,0.674,0.677,0
35,47,1,0.46,1,0.169,1.739,0.674,0.338,0
35,47,2,0.32,2,0.15,1.739,0.674,0.3,1
35,47,3,0.37,3,0.13,1.739,0.674,0.259,1
35,47,4,0.56,4,0.112,1.739,0.674,0.224,0
35,47,5,0.34,5,0.15,1.739,0.674,0.3,1
35,48,0,0.34,0,0.344,0.568,0.674,0.687,0
35,48,1,0.56,1,0.172,0.568,0.674,0.344,0
35,48,2,0.33,2,0.15,0.568,0.674,0.3,0
35,48,3,0.33,3,0.15,0.568,0.674,0.3,0
35,49,0,0.3,0,0.567,0.58,0.674,1.134,0
35,49,1,0.4,1,0.284,0.58,0.674,0.567,0
35,49,2,0.31,2,0.15,0.58,0.674,0.3,0
35,50,0,0.79,0,0.299,0.677,0.674,0.597,0
35,50,1,0.43,1,0.15,0.677,0.674,0.3,0
35,50,2,0.36,2,0.15,0.677,0.674,0.3,1
35,51,0,0.45,0,0.294,0.996,0.674,0.587,1
35,51,1,0.33,1,0.443,0.996,0.674,0.886,0
35,52,0,1.15,0,0.535,1.303,0.674,1.071,0
35,52,1,0.48,1,0.268,1.303,0.674,0.535,1
35,52,2,0.83,2,0.309,1.303,0.674,0.617,0
35,52,3,0.42,3,0.154,1.303,0.674,0.309,1
35,53,0,1.18,0,0.72,1.432,0.674,1.439,0
35,53,1,0.31,1,0.36,1.432,0.674,0.72,1
35,53,2,0.35,2,0.378,1.432,0.674,0.755,0
35,53,3,0.41,3,0.189,1.432,0.674,0.378,1
35,53,4,0.48,4,0.198,1.432,0.674,0.396,0
35,54,0,1.17,0,0.682,1.648,0.674,1.364,0
35,54,1,0.64,1,0.341,1.648,0.674,0.682,0
35,54,2,0.44,2,0.17,1.648,0.674,0.341,0
35,54,3,0.53,3,0.15,1.648,0.674,0.3,0
35,54,4,0.31,4,0.15,1.648,0.674,0.3,0
35,55,0,0.65,0,0.476,0.767,0.674,0.952,1
35,55,1,0.88,1,0.932,0.767,0.674,1.864,0
35,55,2,0.65,2,0.466,0.767,0.674,0.932,1
35,55,3,3.01,3,0.913,0.767,0.674,1.825,0
35,55,4,0.58,4,0.456,0.767,0.674,0.913,0
35,55,5,0.67,5,0.228,0.767,0.674,0.456,1
35,55,6,2.28,6,0.447,0.767,0.674,0.894,0
35,56,0,0.7,0,0.592,1.114,0.674,1.184,0
35,56,1,0.32,1,0.296,1.114,0.674,0.592,1
35,56,2,1.31,2,0.399,1.114,0.674,0.798,0
35,56,3,0.47,3,0.2,1.114,0.674,0.399,0
35,57,0,2.95,0,0.545,1.109,0.674,1.091,0
35,57,1,0.48,1,0.273,1.109,0.674,0.545,0
35,58,0,0.6,0,0.708,0.918,0.674,1.416,1
35,58,1,1.18,1,1.0,0.918,0.674,2.316,1
35,58,2,6.91,2,1.0,0.918,0.674,3.787,0
35,58,3,1.42,3,0.947,0.918,0.674,1.894,0
35,59,0,0.33,0,0.321,0.738,0.674,0.643,1
35,59,1,0.88,1,0.655,0.738,0.674,1.309,0
35,59,2,0.48,2,0.327,0.738,0.674,0.655,0
35,59,3,0.35,3,0.164,0.738,0.674,0.327,1
35,59,4,0.4,4,0.333,0.738,0.674,0.666,0
36,0,0,0.45,0,0.263,1.905,0.676,0.526,1
36,0,1,0.32,1,0.207,1.905,0.676,0.415,1
36,0,2,0.76,2,0.164,1.905,0.676,0.327,0
36,0,3,0.68,3,0.15,1.905,0.676,0.3,0
36,0,4,0.42,4,0.15,1.905,0.676,0.3,1
36,0,5,0.45,5,0.118,1.905,0.676,0.237,0
36,0,6,0.64,6,0.15,1.905,0.676,0.3,0
36,1,0,0.47,0,0.315,1.291,0.676,0.63,0
36,1,1,0.34,1,0.157,1.291,0.676,0.315,1
36,1,2,0.42,2,0.183,1.291,0.676,0.366,0
36,1,3,0.51,3,0.15,1.291,0.676,0.3,0
36,1,4,0.62,4,0.15,1.291,0.676,0.3,0
36,2,0,1.12,0,0.339,0.699,0.676,0.678,1
36,2,1,0.59,1,0.729,0.699,0.676,1.458,1
36,2,2,6.33,2,1.0,0.699,0.676,3.136,1
36,2,3,9.25,3,1.0,0.699,0.676,6.743,0
36,2,4,6.57,4,1.0,0.699,0.676,3.372,0
36,2,5,1.19,5,0.843,0.699,0.676,1.686,0
36,3,0,0.3,0,0.613,1.63,0.676,1.225,0
36,3,1,0.4,1,0.306,1.63,0.676,0.613,0
36,3,2,0.64,2,0.153,1.63,0.676,0.306,0
36,3,3,0.71,3,0.15,1.63,0.676,0.3,0
36,3,4,0.69,4,0.15,1.63,0.676,0.3,0
36,3,5,0.69,5,0.15,1.63,0.676,0.3,0
36,4,0,1.74,0,0.632,0.505,0.676,1.264,1
36,4,1,2.78,1,1.0,0.505,0.676,3.762,1
36,4,2,12.9,2,1.0,0.505,0.676,11.194,0
36,4,3,5.36,3,1.0,0.505,0.676,5.597,1
36,4,4,0.75,4,1.0,0.505,0.676,16.653,1
36,4,5,41.79,5,1.0,0.505,0.676,49.547,0
36,4,6,14.29,6,1.0,0.505,0.676,24.774,1
36,5,0,2.05,0,0.425,1.758,0.676,0.85,0
36,5,1,0.71,1,0.213,1.758,0.676,0.425,1
36,5,2,0.38,2,0.182,1.758,0.676,0.363,0
36,5,3,0.86,3,0.15,1.758,0.676,0.3,1
36,6,0,0.85,0,0.421,1.423,0.676,0.842,0
36,6,1,0.46,1,0.211,1.423,0.676,0.421,0
36,6,2,0.31,2,0.15,1.423,0.676,0.3,0
36,6,3,0.6,3,0.15,1.423,0.676,0.3,1
36,7,0,2.37,0,0.612,0.944,0.676,1.223,0
36,7,1,0.55,1,0.306,0.944,0.676,0.612,0
36,7,2,0.34,2,0.153,0.944,0.676,0.306,1
36,7,3,0.3,3,0.243,0.944,0.676,0.487,1
36,7,4,0.45,4,0.388,0.944,0.676,0.775,1
36,7,5,0.91,5,0.617,0.944,0.676,1.234,0
36,7,6,0.56,6,0.309,0.944,0.676,0.617,1
36,8,0,0.58,0,0.349,0.699,0.676,0.697,0
36,8,1,0.88,1,0.174,0.699,0.676,0.349,0
36,9,0,1.76,0,0.483,1.767,0.676,0.966,0
36,9,1,0.93,1,0.241,1.767,0.676,0.483,0
36,9,2,0.82,2,0.15,1.767,0.676,0.3,0
36,9,3,0.4,3,0.15,1.767,0.676,0.3,1
36,9,4,0.48,4,0.128,1.767,0.676,0.255,1
36,9,5,0.37,5,0.108,1.767,0.676,0.217,0
36,9,6,0.96,6,0.15,1.767,0.676,0.3,0
36,9,7,1.22,7,0.15,1.767,0.676,0.3,0
36,10,0,0.51,0,0.453,1.239,0.676,0.907,1
36,10,1,0.43,1,0.55,1.239,0.676,1.099,1
36,11,0,0.32,0,0.419,1.01,0.676,0.838,0
36,11,1,0.82,1,0.21,1.01,0.676,0.419,0
36,11,2,0.31,2,0.15,1.01,0.676,0.3,0
36,11,3,0.37,3,0.15,1.01,0.676,0.3,0
36,11,4,0.45,4,0.15,1.01,0.676,0.3,0
36,11,5,0.38,5,0.15,1.01,0.676,0.3,0
36,11,6,0.6,6,0.15,1.01,0.676,0.3,0
36,12,0,1.68,0,0.422,0.577,0.676,0.844,1
36,12,1,2.5,1,1.0,0.577,0.676,2.197,1
36,12,2,13.7,2,1.0,0.577,0.676,5.72,0
36,13,0,1.28,0,0.746,0.754,0.676,1.492,1
36,13,1,1.96,1,1.0,0.754,0.676,2.974,1
36,13,2,7.57,2,1.0,0.754,0.676,5.931,0
36,13,3,0.49,3,1.0,0.754,0.676,2.965,1
36,13,4,4.12,4,1.0,0.754,0.676,5.913,0
36,14,0,1.62,0,0.513,1.021,0.676,1.025,0
36,15,0,1.36,0,0.611,0.519,0.676,1.223,0
36,15,1,0.33,1,0.306,0.519,0.676,0.611,1
36,15,2,0.96,2,0.884,0.519,0.676,1.769,0
36,15,3,0.42,3,0.442,0.519,0.676,0.884,1
36,15,4,3.94,4,1.0,0.519,0.676,2.558,0
36,15,5,3.32,5,0.64,0.519,0.676,1.279,0
36,16,0,1.86,0,0.609,1.76,0.676,1.219,0
36,16,1,0.56,1,0.305,1.76,0.676,0.609,0
36,17,0,1.78,0,0.474,0.884,0.676,0.948,0
36,17,1,0.68,1,0.237,0.884,0.676,0.474,0
36,17,2,0.6,2,0.15,0.884,0.676,0.3,0
36,17,3,0.39,3,0.15,0.884,0.676,0.3,1
36,18,0,0.59,0,0.688,1.978,0.676,1.376,1
36,18,1,1.05,1,0.522,1.978,0.676,1.045,0
36,18,2,0.7,2,0.261,1.978,0.676,0.522,0
36,18,3,0.45,3,0.15,1.978,0.676,0.3,0
36,19,0,0.91,0,0.674,1.304,0.676,1.349,0
36,19,1,0.74,1,0.337,1.304,0.676,0.674,0
36,19,2,0.51,2,0.169,1.304,0.676,0.337,0
36,20,0,3.29,0,0.666,0.884,0.676,1.333,1
36,20,1,1.34,1,1.0,0.884,0.676,2.265,1
36,20,2,0.92,2,1.0,0.884,0.676,3.85,0
36,21,0,0.76,0,0.578,1.803,0.676,1.157,1
36,21,1,0.67,1,0.482,1.803,0.676,0.964,1
36,21,2,1.17,2,0.402,1.803,0.676,0.803,0
36,21,3,0.5,3,0.201,1.803,0.676,0.402,0
36,21,4,0.34,4,0.15,1.803,0.676,0.3,1
36,21,5,0.32,5,0.125,1.803,0.676,0.25,0
36,22,0,0.61,0,0.336,1.946,0.676,0.671,1
36,22,1,0.33,1,0.259,1.946,0.676,0.518,1
36,22,2,0.7,2,0.2,1.946,0.676,0.4,1
36,22,3,0.52,3,0.155,1.946,0.676,0.309,0
36,23,0,1.03,0,0.5,0.54,0.676,1.0,1
36,23,1,6.62,1,1.0,0.54,0.676,2.783,0
36,23,2,2.88,2,0.696,0.54,0.676,1.391,1
36,23,3,7.55,3,1.0,0.54,0.676,3.873,0
36,23,4,1.94,4,0.968,0.54,0.676,1.937,1
36,23,5,7.14,5,1.0,0.54,0.676,5.391,0
36,24,0,0.56,0,0.361,1.719,0.676,0.722,1
36,24,1,0.8,1,0.315,1.719,0.676,0.631,0
36,25,0,0.69,0,0.374,1.743,0.676,0.748,0
36,25,1,0.62,1,0.187,1.743,0.676,0.374,0
36,26,0,1.88,0,0.512,0.969,0.676,1.023,0
36,26,1,0.36,1,0.256,0.969,0.676,0.512,0
36,27,0,0.46,0,0.479,1.358,0.676,0.957,0
36,27,1,0.3,1,0.239,1.358,0.676,0.479,1
36,27,2,0.54,2,0.265,1.358,0.676,0.53,0
36,28,0,0.64,0,0.314,1.466,0.676,0.627,1
36,28,1,0.34,1,0.322,1.466,0.676,0.643,1
36,28,2,0.49,2,0.33,1.466,0.676,0.66,1
36,28,3,1.03,3,0.338,1.466,0.676,0.676,0
36,28,4,0.41,4,0.169,1.466,0.676,0.338,0
36,28,5,0.45,5,0.15,1.466,0.676,0.3,0
36,28,6,0.43,6,0.15,1.466,0.676,0.3,0
36,28,7,0.52,7,0.15,1.466,0.676,0.3,0
36,29,0,0.39,0,0.359,1.0,0.676,0.719,0
36,29,1,0.32,1,0.18,1.0,0.676,0.359,0
36,29,2,0.44,2,0.15,1.0,0.676,0.3,0
36,29,3,0.82,3,0.15,1.0,0.676,0.3,0
36,29,4,0.41,4,0.15,1.0,0.676,0.3,1
36,29,5,0.68,5,0.226,1.0,0.676,0.451,0
36,29,6,0.33,6,0.15,1.0,0.676,0.3,0
36,30,0,0.58,0,0.616,1.371,0.676,1.232,1
36,30,1,0.34,1,0.676,1.371,0.676,1.351,0
36,30,2,0.84,2,0.338,1.371,0.676,0.676,1
36,31,0,3.6,0,0.635,1.981,0.676,1.271,1
36,31,1,1.16,1,0.482,1.981,0.676,0.964,0
36,32,0,0.94,0,0.734,0.655,0.676,1.469,1
36,32,1,1.04,1,1.0,0.655,0.676,3.371,1
36,32,2,0.42,2,1.0,0.655,0.676,7.736,1
36,32,3,0.58,3,1.0,0.655,0.676,17.755,1
36,32,4,43.06,4,1.0,0.655,0.676,40.751,0
36,33,0,0.77,0,0.432,1.457,0.676,0.864,0
36,34,0,0.47,0,0.457,0.604,0.676,0.913,1
36,34,1,1.13,1,1.0,0.604,0.676,2.273,1
36,34,2,1.46,2,1.0,0.604,0.676,5.659,0
36,34,3,1.47,3,1.0,0.604,0.676,2.829,0
36,35,0,1.01,0,0.522,0.666,0.676,1.045,1
36,35,1,1.72,1,1.0,0.666,0.676,2.356,0
36,36,0,0.98,0,0.665,1.236,0.676,1.331,1
36,36,1,4.99,1,0.809,1.236,0.676,1.618,0
36,36,2,0.59,2,0.404,1.236,0.676,0.809,1
36,36,3,0.4,3,0.492,1.236,0.676,0.983,1
36,36,4,0.6,4,0.598,1.236,0.676,1.195,0
36,36,5,0.43,5,0.299,1.236,0.676,0.598,1
36,37,0,1.61,0,0.539,1.916,0.676,1.079,0
36,37,1,0.4,1,0.27,1.916,0.676,0.539,1
36,37,2,0.34,2,0.211,1.916,0.676,0.423,1
36,37,3,0.33,3,0.166,1.916,0.676,0.332,0
36,37,4,0.5,4,0.15,1.916,0.676,0.3,1
36,37,5,0.34,5,0.118,1.916,0.676,0.235,0
36,37,6,0.48,6,0.15,1.916,0.676,0.3,0
36,37,7,0.41,7,0.15,1.916,0.676,0.3,0
36,38,0,0.48,0,0.745,0.573,0.676,1.491,0
36,38,1,0.35,1,0.373,0.573,0.676,0.745,1
36,38,2,0.75,2,0.977,0.573,0.676,1.955,0
36,38,3,2.57,3,0.489,0.573,0.676,0.977,0
36,38,4,0.96,4,0.244,0.573,0.676,0.489,0
36,39,0,1.88,0,0.724,0.695,0.676,1.447,0
36,39,1,0.4,1,0.362,0.695,0.676,0.724,1
36,40,0,0.44,0,0.41,1.346,0.676,0.82,1
36,40,1,0.66,1,0.458,1.346,0.676,0.915,0
36,40,2,0.74,2,0.229,1.346,0.676,0.458,0
36,40,3,0.49,3,0.15,1.346,0.676,0.3,1
36,40,4,0.57,4,0.167,1.346,0.676,0.335,1
36,40,5,0.32,5,0.187,1.346,0.676,0.374,0
36,40,6,0.73,6,0.15,1.346,0.676,0.3,0
36,40,7,1.19,7,0.15,1.346,0.676,0.3,0
36,41,0,0.68,0,0.283,1.248,0.676,0.567,0
36,41,1,0.9,1,0.15,1.248,0.676,0.3,0
36,41,2,0.39,2,0.15,1.248,0.676,0.3,0
36,41,3,0.62,3,0.15,1.248,0.676,0.3,0
36,42,0,1.08,0,0.479,1.454,0.676,0.959,0
36,42,1,0.64,1,0.24,1.454,0.676,0.479,1
36,42,2,0.47,2,0.248,1.454,0.676,0.495,0
36,42,3,0.36,3,0.15,1.454,0.676,0.3,0
36,42,4,0.57,4,0.15,1.454,0.676,0.3,0
36,43,0,1.41,0,0.719,1.121,0.676,1.438,1
36,44,0,0.35,0,0.582,0.905,0.676,1.164,0
36,44,1,0.99,1,0.291,0.905,0.676,0.582,1
36,44,2,0.74,2,0.483,0.905,0.676,0.966,0
36,44,3,0.56,3,0.242,0.905,0.676,0.483,0
36,45,0,0.37,0,0.268,1.888,0.676,0.536,1
36,45,1,0.6,1,0.213,1.888,0.676,0.427,0
36,45,2,0.34,2,0.15,1.888,0.676,0.3,0
36,45,3,0.43,3,0.15,1.888,0.676,0.3,0
36,45,4,0.65,4,0.15,1.888,0.676,0.3,0
36,45,5,0.61,5,0.15,1.888,0.676,0.3,0
36,46,0,0.33,0,0.696,1.786,0.676,1.392,1
36,46,1,0.41,1,0.586,1.786,0.676,1.171,1
36,46,2,1.58,2,0.493,1.786,0.676,0.986,0
36,46,3,0.54,3,0.246,1.786,0.676,0.493,0
36,46,4,0.41,4,0.15,1.786,0.676,0.3,0
36,46,5,0.4,5,0.15,1.786,0.676,0.3,1
36,46,6,0.31,6,0.126,1.786,0.676,0.252,0
36,47,0,0.96,0,0.747,0.745,0.676,1.493,1
36,47,1,0.51,1,1.0,0.745,0.676,3.011,0
36,47,2,0.66,2,0.753,0.745,0.676,1.506,1
36,47,3,1.85,3,1.0,0.745,0.676,3.036,1
36,47,4,2.13,4,1.0,0.745,0.676,6.12,0
36,47,5,0.41,5,1.0,0.745,0.676,3.06,1
36,48,0,0.9,0,0.465,1.572,0.676,0.93,1
36,48,1,0.34,1,0.444,1.572,0.676,0.889,1
36,48,2,1.27,2,0.425,1.572,0.676,0.849,1
36,48,3,0.69,3,0.406,1.572,0.676,0.811,0
36,48,4,0.36,4,0.203,1.572,0.676,0.406,0
36,48,5,0.71,5,0.15,1.572,0.676,0.3,0
36,48,6,0.79,6,0.15,1.572,0.676,0.3,0
36,48,7,0.38,7,0.15,1.572,0.676,0.3,0
36,49,0,0.62,0,0.386,1.934,0.676,0.771,0
36,49,1,0.41,1,0.193,1.934,0.676,0.386,0
36,49,2,0.51,2,0.15,1.934,0.676,0.3,0
36,50,0,0.74,0,0.284,0.513,0.676,0.569,0
36,50,1,0.44,1,0.15,0.513,0.676,0.3,0
36,50,2,0.35,2,0.15,0.513,0.676,0.3,0
36,51,0,1.43,0,0.508,0.653,0.676,1.017,0
36,51,1,0.45,1,0.254,0.653,0.676,0.508,0
36,51,2,0.53,2,0.15,0.653,0.676,0.3,1
36,51,3,0.93,3,0.345,0.653,0.676,0.691,0
36,51,4,1.07,4,0.173,0.653,0.676,0.345,0
36,51,5,0.57,5,0.15,0.653,0.676,0.3,1
36,51,6,0.35,6,0.345,0.653,0.676,0.691,1
36,52,0,2.88,0,0.675,1.091,0.676,1.351,0
36,52,1,0.98,1,0.338,1.091,0.676,0.675,1
36,52,2,0.72,2,0.465,1.091,0.676,0.93,1
36,52,3,0.82,3,0.641,1.091,0.676,1.282,0
36,52,4,0.59,4,0.32,1.091,0.676,0.641,0
36,52,5,0.92,5,0.16,1.091,0.676,0.32,0
36,53,0,0.78,0,0.707,1.461,0.676,1.414,1
36,53,1,0.68,1,0.727,1.461,0.676,1.454,0
36,53,2,0.4,2,0.364,1.461,0.676,0.727,0
36,53,3,0.34,3,0.182,1.461,0.676,0.364,1
36,53,4,0.43,4,0.187,1.461,0.676,0.374,0
36,54,0,1.08,0,0.734,1.492,0.676,1.469,1
36,54,1,0.61,1,0.74,1.492,0.676,1.479,0
36,55,0,1.27,0,0.363,1.578,0.676,0.726,0
36,56,0,0.63,0,0.288,1.046,0.676,0.576,0
36,56,1,0.44,1,0.15,1.046,0.676,0.3,1
36,56,2,0.58,2,0.215,1.046,0.676,0.431,0
36,56,3,0.31,3,0.15,1.046,0.676,0.3,0
36,56,4,0.32,4,0.15,1.046,0.676,0.3,0
36,56,5,0.55,5,0.15,1.046,0.676,0.3,0
36,56,6,0.4,6,0.15,1.046,0.676,0.3,1
36,56,7,0.42,7,0.215,1.046,0.676,0.431,1
36,57,0,0.39,0,0.32,0.729,0.676,0.64,0
36,57,1,0.64,1,0.16,0.729,0.676,0.32,0
36,57,2,0.82,2,0.15,0.729,0.676,0.3,0
36,57,3,0.37,3,0.15,0.729,0.676,0.3,0
36,57,4,0.37,4,0.15,0.729,0.676,0.3,0
36,58,0,0.53,0,0.366,1.972,0.676,0.731,0
36,58,1,0.61,1,0.183,1.972,0.676,0.366,1
36,58,2,0.38,2,0.139,1.972,0.676,0.279,0
36,58,3,0.32,3,0.15,1.972,0.676,0.3,0
36,58,4,0.33,4,0.15,1.972,0.676,0.3,1
36,58,5,0.35,5,0.114,1.972,0.676,0.229,1
36,58,6,0.34,6,0.087,1.972,0.676,0.174,0
36,58,7,0.45,7,0.15,1.972,0.676,0.3,1
36,59,0,2.34,0,0.676,1.163,0.676,1.353,0
37,0,0,1.86,0,0.607,1.019,1.093,1.215,0
37,0,1,0.43,1,0.304,1.019,1.093,0.607,1
37,0,2,0.68,2,0.485,1.019,1.093,0.97,0
37,0,3,0.45,3,0.243,1.019,1.093,0.485,0
37,0,4,0.61,4,0.15,1.019,1.093,0.3,0
37,1,0,0.98,0,0.638,1.854,1.093,1.277,1
37,1,1,0.87,1,0.561,1.854,1.093,1.121,0
37,1,2,0.75,2,0.28,1.854,1.093,0.561,0
37,1,3,0.35,3,0.15,1.854,1.093,0.3,0
37,1,4,0.82,4,0.15,1.854,1.093,0.3,0
37,1,5,0.78,5,0.15,1.854,1.093,0.3,0
37,1,6,0.74,6,0.15,1.854,1.093,0.3,0
37,2,0,0.79,0,0.285,1.234,1.093,0.57,0
37,2,1,0.37,1,0.15,1.234,1.093,0.3,0
37,3,0,0.34,0,0.366,0.688,1.093,0.732,1
37,3,1,1.31,1,0.866,0.688,1.093,1.731,1
37,3,2,8.56,2,1.0,0.688,1.093,4.096,0
37,3,3,0.44,3,1.0,0.688,1.093,2.048,1
37,3,4,2.13,4,1.0,0.688,1.093,4.844,1
37,3,5,21.49,5,1.0,0.688,1.093,11.458,0
37,3,6,6.65,6,1.0,0.688,1.093,5.729,0
37,4,0,0.53,0,0.702,0.851,1.093,1.403,0
37,4,1,0.97,1,0.351,0.851,1.093,0.702,1
37,4,2,0.73,2,0.671,0.851,1.093,1.342,0
37,4,3,0.54,3,0.335,0.851,1.093,0.671,1
37,4,4,0.37,4,0.642,0.851,1.093,1.283,1
37,4,5,1.08,5,1.0,0.851,1.093,2.455,1
37,4,6,3.07,6,1.0,0.851,1.093,4.695,1
37,4,7,7.21,7,1.0,0.851,1.093,8.98,0
37,5,0,0.84,0,0.255,0.627,1.093,0.509,1
37,5,1,1.99,1,0.661,0.627,1.093,1.323,0
37,5,2,0.68,2,0.331,0.627,1.093,0.661,1
37,5,3,1.54,3,0.859,0.627,1.093,1.718,0
37,5,4,0.93,4,0.429,0.627,1.093,0.859,1
37,5,5,1.82,5,1.0,0.627,1.093,2.231,0
37,5,6,2.9,6,0.558,0.627,1.093,1.116,0
37,6,0,0.36,0,0.425,1.116,1.093,0.85,0
37,6,1,0.45,1,0.212,1.116,1.093,0.425,0
37,6,2,0.31,2,0.15,1.116,1.093,0.3,0
37,6,3,0.36,3,0.15,1.116,1.093,0.3,0
37,6,4,0.37,4,0.15,1.116,1.093,0.3,1
37,6,5,0.43,5,0.219,1.116,1.093,0.438,0
37,7,0,0.68,0,0.502,1.435,1.093,1.004,1
37,7,1,1.12,1,0.57,1.435,1.093,1.139,0
37,8,0,1.74,0,0.466,1.717,1.093,0.932,0
37,8,1,0.63,1,0.233,1.717,1.093,0.466,0
37,9,0,1.44,0,0.508,1.915,1.093,1.017,0
37,9,1,0.63,1,0.254,1.915,1.093,0.508,0
37,9,2,0.45,2,0.15,1.915,1.093,0.3,0
37,10,0,0.73,0,0.349,1.762,1.093,0.698,0
37,10,1,0.53,1,0.175,1.762,1.093,0.349,1
37,10,2,0.41,2,0.161,1.762,1.093,0.323,0
37,10,3,0.33,3,0.15,1.762,1.093,0.3,1
37,10,4,0.36,4,0.139,1.762,1.093,0.277,0
37,11,0,0.61,0,0.456,1.613,1.093,0.912,0
37,11,1,0.66,1,0.228,1.613,1.093,0.456,1
37,11,2,0.65,2,0.23,1.613,1.093,0.46,0
37,12,0,1.05,0,0.747,1.412,1.093,1.494,0
37,13,0,1.19,0,0.284,1.529,1.093,0.568,0
37,13,1,0.32,1,0.15,1.529,1.093,0.3,0
37,13,2,0.34,2,0.15,1.529,1.093,0.3,1
37,13,3,0.38,3,0.16,1.529,1.093,0.319,0
37,14,0,0.39,0,0.507,1.003,1.093,1.013,0
37,14,1,0.42,1,0.253,1.003,1.093,0.507,0
37,14,2,0.52,2,0.15,1.003,1.093,0.3,0
37,14,3,0.42,3,0.15,1.003,1.093,0.3,0
37,14,4,0.31,4,0.15,1.003,1.093,0.3,1
37,14,5,0.73,5,0.243,1.003,1.093,0.487,0
37,14,6,0.71,6,0.15,1.003,1.093,0.3,0
37,14,7,0.58,7,0.15,1.003,1.093,0.3,0
37,15,0,0.49,0,0.299,0.846,1.093,0.598,1
37,15,1,4.08,1,0.576,0.846,1.093,1.152,0
37,15,2,0.59,2,0.288,0.846,1.093,0.576,1
37,15,3,0.36,3,0.554,0.846,1.093,1.109,1
37,15,4,0.98,4,1.0,0.846,1.093,2.135,1
37,16,0,0.32,0,0.351,1.874,1.093,0.703,0
37,16,1,0.47,1,0.176,1.874,1.093,0.351,0
37,16,2,0.45,2,0.15,1.874,1.093,0.3,0
37,17,0,0.66,0,0.743,0.667,1.093,1.486,1
37,18,0,1.9,0,0.648,1.629,1.093,1.296,0
37,18,1,0.68,1,0.324,1.629,1.093,0.648,0
37,18,2,0.96,2,0.162,1.629,1.093,0.324,0
37,18,3,0.78,3,0.15,1.629,1.093,0.3,0
37,18,4,0.63,4,0.15,1.629,1.093,0.3,0
37,18,5,0.44,5,0.15,1.629,1.093,0.3,1
37,19,0,0.89,0,0.313,0.949,1.093,0.627,1
37,19,1,0.8,1,0.538,0.949,1.093,1.075,1
37,20,0,1.24,0,0.473,1.709,1.093,0.947,1
37,21,0,0.42,0,0.502,1.271,1.093,1.004,1
37,22,0,1.01,0,0.369,1.596,1.093,0.737,0
37,22,1,0.47,1,0.184,1.596,1.093,0.369,0
37,22,2,0.66,2,0.15,1.596,1.093,0.3,1
37,22,3,0.34,3,0.153,1.596,1.093,0.306,1
37,22,4,0.52,4,0.156,1.596,1.093,0.312,0
37,23,0,0.87,0,0.541,0.825,1.093,1.081,0
37,23,1,0.91,1,0.27,0.825,1.093,0.541,0
37,23,2,0.32,2,0.15,0.825,1.093,0.3,0
37,23,3,0.62,3,0.15,0.825,1.093,0.3,1
37,23,4,0.68,4,0.296,0.825,1.093,0.592,0
37,23,5,0.35,5,0.15,0.825,1.093,0.3,1
37,24,0,1.28,0,0.259,1.652,1.093,0.519,0
37,24,1,0.77,1,0.15,1.652,1.093,0.3,0
37,24,2,0.36,2,0.15,1.652,1.093,0.3,0
37,24,3,1.0,3,0.15,1.652,1.093,0.3,0
37,24,4,0.58,4,0.15,1.652,1.093,0.3,0
37,24,5,0.56,5,0.15,1.652,1.093,0.3,0
37,24,6,0.44,6,0.15,1.652,1.093,0.3,1
37,24,7,0.55,7,0.148,1.652,1.093,0.296,0
37,25,0,2.49,0,0.617,0.745,1.093,1.233,0
37,25,1,0.38,1,0.308,0.745,1.093,0.617,0
37,26,0,3.99,0,0.475,1.097,1.093,0.95,0
37,26,1,0.49,1,0.237,1.097,1.093,0.475,1
37,26,2,0.89,2,0.352,1.097,1.093,0.705,1
37,27,0,2.69,0,0.465,1.476,1.093,0.93,0
37,27,1,0.49,1,0.233,1.476,1.093,0.465,0
37,27,2,0.46,2,0.15,1.476,1.093,0.3,0
37,27,3,0.83,3,0.15,1.476,1.093,0.3,0
37,27,4,0.35,4,0.15,1.476,1.093,0.3,0
37,28,0,0.42,0,0.738,1.296,1.093,1.476,1
37,28,1,1.76,1,0.927,1.296,1.093,1.854,0
37,29,0,1.3,0,0.665,0.791,1.093,1.33,0
37,29,1,0.36,1,0.332,0.791,1.093,0.665,1
37,29,2,0.51,2,0.685,0.791,1.093,1.369,1
37,29,3,3.75,3,1.0,0.791,1.093,2.82,0
37,30,0,1.47,0,0.288,1.87,1.093,0.577,0
37,30,1,0.38,1,0.15,1.87,1.093,0.3,1
37,30,2,0.34,2,0.131,1.87,1.093,0.261,0
37,31,0,1.24,0,0.287,1.56,1.093,0.574,0
37,32,0,0.6,0,0.327,1.043,1.093,0.654,1
37,32,1,1.41,1,0.511,1.043,1.093,1.021,0
37,32,2,1.38,2,0.255,1.043,1.093,0.511,0
37,33,0,1.42,0,0.338,0.911,1.093,0.675,0
37,33,1,0.47,1,0.169,0.911,1.093,0.338,1
37,33,2,0.57,2,0.302,0.911,1.093,0.603,0
37,33,3,0.47,3,0.151,0.911,1.093,0.302,0
37,33,4,0.71,4,0.15,0.911,1.093,0.3,0
37,33,5,0.71,5,0.15,0.911,1.093,0.3,0
37,33,6,0.4,6,0.15,0.911,1.093,0.3,0
37,33,7,0.3,7,0.15,0.911,1.093,0.3,0
37,34,0,0.81,0,0.334,1.445,1.093,0.667,0
37,34,1,0.37,1,0.167,1.445,1.093,0.334,0
37,34,2,0.92,2,0.15,1.445,1.093,0.3,0
37,34,3,0.61,3,0.15,1.445,1.093,0.3,0
37,34,4,0.66,4,0.15,1.445,1.093,0.3,0
37,34,5,0.41,5,0.15,1.445,1.093,0.3,0
37,34,6,0.31,6,0.15,1.445,1.093,0.3,1
37,35,0,1.06,0,0.543,1.157,1.093,1.086,0
37,35,1,0.72,1,0.271,1.157,1.093,0.543,1
37,35,2,0.37,2,0.382,1.157,1.093,0.764,1
37,35,3,2.36,3,0.537,1.157,1.093,1.074,0
37,35,4,1.64,4,0.269,1.157,1.093,0.537,1
37,36,0,1.07,0,0.309,0.614,1.093,0.619,1
37,36,1,3.42,1,0.82,0.614,1.093,1.641,0
37,36,2,2.03,2,0.41,0.614,1.093,0.82,0
37,36,3,1.34,3,0.205,0.614,1.093,0.41,0
37,36,4,0.37,4,0.15,0.614,1.093,0.3,0
37,36,5,0.44,5,0.15,0.614,1.093,0.3,0
37,36,6,0.3,6,0.15,0.614,1.093,0.3,0
37,36,7,0.31,7,0.15,0.614,1.093,0.3,1
37,37,0,0.7,0,0.707,1.935,1.093,1.413,1
37,37,1,0.76,1,0.595,1.935,1.093,1.189,1
37,37,2,1.1,2,0.5,1.935,1.093,1.001,0
37,37,3,0.47,3,0.25,1.935,1.093,0.5,0
37,37,4,0.4,4,0.15,1.935,1.093,0.3,0
37,37,5,0.53,5,0.15,1.935,1.093,0.3,0
37,38,0,1.05,0,0.389,0.784,1.093,0.777,0
37,38,1,0.42,1,0.194,0.784,1.093,0.389,1
37,38,2,1.1,2,0.403,0.784,1.093,0.807,1
37,38,3,0.87,3,0.837,0.784,1.093,1.674,0
37,38,4,1.25,4,0.418,0.784,1.093,0.837,0
37,39,0,0.36,0,0.716,1.039,1.093,1.433,1
37,39,1,0.44,1,1.0,1.039,1.093,2.245,0
37,39,2,1.69,2,0.561,1.039,1.093,1.123,0
37,39,3,0.66,3,0.281,1.039,1.093,0.561,0
37,39,4,0.43,4,0.15,1.039,1.093,0.3,0
37,40,0,0.63,0,0.724,1.352,1.093,1.447,1
37,40,1,0.46,1,0.871,1.352,1.093,1.743,1
37,40,2,0.39,2,1.0,1.352,1.093,2.099,1
37,40,3,0.7,3,1.0,1.352,1.093,2.529,1
37,40,4,1.09,4,1.0,1.352,1.093,3.046,0
37,40,5,1.55,5,0.761,1.352,1.093,1.523,0
37,41,0,0.46,0,0.312,1.878,1.093,0.624,0
37,41,1,0.38,1,0.156,1.878,1.093,0.312,0
37,41,2,0.43,2,0.15,1.878,1.093,0.3,0
37,41,3,0.35,3,0.15,1.878,1.093,0.3,0
37,41,4,0.65,4,0.15,1.878,1.093,0.3,1
37,41,5,0.33,5,0.13,1.878,1.093,0.26,0
37,42,0,1.74,0,0.363,1.309,1.093,0.726,0
37,43,0,1.53,0,0.657,1.842,1.093,1.313,0
37,43,1,1.65,1,0.328,1.842,1.093,0.657,0
37,43,2,0.31,2,0.164,1.842,1.093,0.328,1
37,43,3,1.29,3,0.145,1.842,1.093,0.29,0
37,43,4,0.35,4,0.15,1.842,1.093,0.3,0
37,43,5,0.42,5,0.15,1.842,1.093,0.3,0
37,44,0,1.01,0,0.291,1.439,1.093,0.581,0
37,44,1,0.34,1,0.15,1.439,1.093,0.3,0
37,44,2,0.66,2,0.15,1.439,1.093,0.3,0
37,44,3,0.42,3,0.15,1.439,1.093,0.3,0
37,44,4,0.8,4,0.15,1.439,1.093,0.3,0
37,45,0,0.94,0,0.59,1.874,1.093,1.18,1
37,45,1,1.1,1,0.512,1.874,1.093,1.025,1
37,45,2,0.85,2,0.445,1.874,1.093,0.89,0
37,45,3,0.85,3,0.223,1.874,1.093,0.445,0
37,45,4,0.49,4,0.15,1.874,1.093,0.3,0
37,45,5,0.31,5,0.15,1.874,1.093,0.3,1
37,45,6,0.68,6,0.13,1.874,1.093,0.261,0
37,45,7,0.36,7,0.15,1.874,1.093,0.3,0
37,46,0,0.51,0,0.568,1.142,1.093,1.136,0
37,46,1,1.06,1,0.284,1.142,1.093,0.568,0
37,46,2,0.5,2,0.15,1.142,1.093,0.3,0
37,47,0,0.98,0,0.618,1.277,1.093,1.237,0
37,47,1,0.63,1,0.309,1.277,1.093,0.618,1
37,47,2,0.62,2,0.394,1.277,1.093,0.788,0
37,47,3,0.73,3,0.197,1.277,1.093,0.394,1
37,47,4,0.61,4,0.251,1.277,1.093,0.502,1
37,48,0,0.78,0,0.331,1.672,1.093,0.661,1
37,48,1,1.71,1,0.322,1.672,1.093,0.644,0
37,48,2,0.38,2,0.161,1.672,1.093,0.322,1
37,48,3,0.65,3,0.157,1.672,1.093,0.314,0
37,48,4,0.37,4,0.15,1.672,1.093,0.3,1
37,48,5,0.85,5,0.146,1.672,1.093,0.292,0
37,48,6,0.33,6,0.15,1.672,1.093,0.3,0
37,49,0,0.75,0,0.394,0.847,1.093,0.788,1
37,49,1,1.64,1,0.757,0.847,1.093,1.514,1
37,49,2,1.36,2,1.0,0.847,1.093,2.909,1
37,49,3,2.98,3,1.0,0.847,1.093,5.589,0
37,49,4,0.43,4,1.0,0.847,1.093,2.794,1
37,49,5,2.28,5,1.0,0.847,1.093,5.369,0
37,49,6,0.72,6,1.0,0.847,1.093,2.684,0
37,49,7,3.69,7,0.671,0.847,1.093,1.342,0
37,50,0,0.6,0,0.623,1.377,1.093,1.246,0
37,50,1,0.36,1,0.311,1.377,1.093,0.623,0
37,50,2,0.38,2,0.156,1.377,1.093,0.311,0
37,50,3,0.63,3,0.15,1.377,1.093,0.3,0
37,50,4,0.38,4,0.15,1.377,1.093,0.3,0
37,50,5,0.34,5,0.15,1.377,1.093,0.3,0
37,50,6,0.7,6,0.15,1.377,1.093,0.3,0
37,51,0,0.58,0,0.75,1.755,1.093,1.499,1
37,51,1,0.86,1,0.695,1.755,1.093,1.391,0
37,51,2,0.34,2,0.348,1.755,1.093,0.695,0
37,51,3,0.59,3,0.174,1.755,1.093,0.348,1
37,51,4,0.37,4,0.161,1.755,1.093,0.323,0
37,51,5,0.63,5,0.15,1.755,1.093,0.3,0
37,51,6,0.37,6,0.15,1.755,1.093,0.3,0
37,51,7,0.52,7,0.15,1.755,1.093,0.3,1
37,52,0,0.67,0,0.59,0.514,1.093,1.181,0
37,52,1,1.13,1,0.295,0.514,1.093,0.59,0
37,52,2,1.17,2,0.15,0.514,1.093,0.3,0
37,52,3,0.33,3,0.15,0.514,1.093,0.3,0
37,53,0,0.96,0,0.722,0.741,1.093,1.443,1
37,53,1,3.34,1,1.0,0.741,1.093,3.169,1
37,53,2,6.66,2,1.0,0.741,1.093,6.96,0
37,53,3,0.38,3,1.0,0.741,1.093,3.48,0
37,53,4,2.77,4,0.87,0.741,1.093,1.74,0
37,53,5,0.72,5,0.435,0.741,1.093,0.87,0
37,53,6,0.45,6,0.218,0.741,1.093,0.435,1
37,54,0,1.69,0,0.529,0.609,1.093,1.058,0
37,54,1,0.31,1,0.265,0.609,1.093,0.529,1
37,54,2,1.22,2,0.707,0.609,1.093,1.415,0
37,54,3,0.34,3,0.354,0.609,1.093,0.707,1
37,54,4,1.95,4,0.946,0.609,1.093,1.891,0
37,55,0,0.72,0,0.284,1.979,1.093,0.567,0
37,55,1,0.55,1,0.15,1.979,1.093,0.3,0
37,55,2,0.72,2,0.15,1.979,1.093,0.3,0
37,55,3,0.43,3,0.15,1.979,1.093,0.3,0
37,55,4,0.46,4,0.15,1.979,1.093,0.3,0
37,56,0,0.55,0,0.356,1.475,1.093,0.712,1
37,56,1,0.9,1,0.393,1.475,1.093,0.786,0
37,56,2,0.31,2,0.196,1.475,1.093,0.393,0
37,56,3,0.48,3,0.15,1.475,1.093,0.3,0
37,56,4,0.98,4,0.15,1.475,1.093,0.3,1
37,56,5,0.39,5,0.166,1.475,1.093,0.331,0
37,57,0,0.89,0,0.581,1.598,1.093,1.161,0
37,57,1,0.74,1,0.29,1.598,1.093,0.581,0
37,57,2,0.35,2,0.15,1.598,1.093,0.3,1
37,57,3,0.52,3,0.153,1.598,1.093,0.306,0
37,57,4,0.39,4,0.15,1.598,1.093,0.3,0
37,57,5,0.66,5,0.15,1.598,1.093,0.3,0
37,57,6,0.46,6,0.15,1.598,1.093,0.3,0
37,57,7,0.48,7,0.15,1.598,1.093,0.3,0
37,58,0,1.06,0,0.49,1.059,1.093,0.981,1
37,58,1,0.4,1,0.754,1.059,1.093,1.507,1
37,58,2,0.84,2,1.0,1.059,1.093,2.316,1
37,58,3,0.45,3,1.0,1.059,1.093,3.56,0
37,59,0,0.56,0,0.389,1.699,1.093,0.778,0
37,59,1,0.43,1,0.195,1.699,1.093,0.389,1
37,59,2,0.41,2,0.186,1.699,1.093,0.373,0
37,59,3,0.68,3,0.15,1.699,1.093,0.3,0
37,59,4,0.36,4,0.15,1.699,1.093,0.3,0
37,59,5,0.35,5,0.15,1.699,1.093,0.3,0
37,59,6,0.36,6,0.15,1.699,1.093,0.3,1
38,0,0,3.22,0,0.608,0.824,1.141,1.217,0
38,1,0,0.31,0,0.403,1.214,1.141,0.806,1
38,1,1,0.41,1,0.545,1.214,1.141,1.09,1
38,1,2,2.41,2,0.738,1.214,1.141,1.475,0
38,1,3,0.48,3,0.369,1.214,1.141,0.738,1
38,1,4,0.3,4,0.499,1.214,1.141,0.998,1
38,1,5,0.72,5,0.675,1.214,1.141,1.35,1
38,1,6,0.55,6,0.913,1.214,1.141,1.827,1
38,1,7,2.66,7,1.0,1.214,1.141,2.472,0
38,2,0,1.01,0,0.41,0.933,1.141,0.819,0
38,2,1,0.32,1,0.205,0.933,1.141,0.41,0
38,3,0,0.46,0,0.253,1.132,1.141,0.505,0
38,3,1,0.72,1,0.15,1.132,1.141,0.3,0
38,3,2,0.32,2,0.15,1.132,1.141,0.3,0
38,3,3,0.45,3,0.15,1.132,1.141,0.3,0
38,3,4,0.33,4,0.15,1.132,1.141,0.3,1
38,3,5,0.51,5,0.218,1.132,1.141,0.435,1
38,4,0,1.65,0,0.561,0.567,1.141,1.122,0
38,4,1,0.39,1,0.28,0.567,1.141,0.561,1
38,4,2,2.86,2,0.813,0.567,1.141,1.625,0
38,4,3,0.53,3,0.406,0.567,1.141,0.813,1
38,4,4,1.55,4,1.0,0.567,1.141,2.354,1
38,4,5,2.08,5,1.0,0.567,1.141,6.819,0
38,5,0,0.95,0,0.497,1.37,1.141,0.994,0
38,5,1,0.39,1,0.248,1.37,1.141,0.497,0
38,5,2,0.36,2,0.15,1.37,1.141,0.3,1
38,5,3,0.65,3,0.18,1.37,1.141,0.36,0
38,5,4,0.48,4,0.15,1.37,1.141,0.3,0
38,5,5,0.7,5,0.15,1.37,1.141,0.3,1
38,5,6,0.31,6,0.18,1.37,1.141,0.36,1
38,5,7,0.35,7,0.216,1.37,1.141,0.431,0
38,6,0,0.52,0,0.433,0.788,1.141,0.867,1
38,6,1,0.32,1,0.904,0.788,1.141,1.808,0
38,6,2,0.89,2,0.452,0.788,1.141,0.904,0
38,6,3,0.34,3,0.226,0.788,1.141,0.452,0
38,7,0,0.82,0,0.693,1.673,1.141,1.386,1
38,8,0,0.44,0,0.567,1.274,1.141,1.133,1
38,8,1,0.36,1,0.73,1.274,1.141,1.461,1
38,8,2,0.59,2,0.942,1.274,1.141,1.883,1
38,8,3,0.87,3,1.0,1.274,1.141,2.427,1
38,9,0,0.59,0,0.278,1.151,1.141,0.556,0
38,9,1,0.4,1,0.15,1.151,1.141,0.3,0
38,9,2,0.57,2,0.15,1.151,1.141,0.3,0
38,9,3,0.39,3,0.15,1.151,1.141,0.3,1
38,9,4,0.98,4,0.214,1.151,1.141,0.428,0
38,9,5,0.35,5,0.15,1.151,1.141,0.3,0
38,9,6,0.52,6,0.15,1.151,1.141,0.3,0
38,9,7,0.91,7,0.15,1.151,1.141,0.3,1
38,10,0,1.07,0,0.376,1.691,1.141,0.752,0
38,10,1,0.32,1,0.188,1.691,1.141,0.376,1
38,10,2,0.92,2,0.182,1.691,1.141,0.365,0
38,10,3,0.45,3,0.15,1.691,1.141,0.3,1
38,10,4,0.4,4,0.146,1.691,1.141,0.291,0
38,10,5,0.31,5,0.15,1.691,1.141,0.3,0
38,10,6,0.57,6,0.15,1.691,1.141,0.3,0
38,11,0,2.06,0,0.395,1.519,1.141,0.791,0
38,11,1,0.51,1,0.198,1.519,1.141,0.395,1
38,11,2,0.71,2,0.214,1.519,1.141,0.427,0
38,11,3,0.36,3,0.15,1.519,1.141,0.3,1
38,11,4,0.54,4,0.162,1.519,1.141,0.324,1
38,11,5,0.38,5,0.175,1.519,1.141,0.351,1
38,11,6,0.33,6,0.189,1.519,1.141,0.379,1
38,12,0,0.43,0,0.443,0.863,1.141,0.885,0
38,12,1,0.77,1,0.221,0.863,1.141,0.443,0
38,12,2,0.35,2,0.15,0.863,1.141,0.3,0
38,13,0,1.45,0,0.721,0.555,1.141,1.443,0
38,13,1,0.76,1,0.361,0.555,1.141,0.721,0
38,14,0,0.36,0,0.541,1.934,1.141,1.082,0
38,14,1,0.32,1,0.27,1.934,1.141,0.541,0
38,14,2,0.6,2,0.15,1.934,1.141,0.3,0
38,15,0,0.48,0,0.457,1.979,1.141,0.913,0
38,15,1,1.44,1,0.228,1.979,1.141,0.457,0
38,15,2,0.67,2,0.15,1.979,1.141,0.3,0
38,16,0,1.32,0,0.566,0.735,1.141,1.132,0
38,16,1,0.38,1,0.283,0.735,1.141,0.566,0
38,17,0,0.84,0,0.576,1.093,1.141,1.153,1
38,17,1,0.32,1,0.866,1.093,1.141,1.731,1
38,17,2,1.87,2,1.0,1.093,1.141,2.601,0
38,18,0,0.47,0,0.382,1.551,1.141,0.763,0
38,19,0,1.69,0,0.404,1.683,1.141,0.808,0
38,19,1,0.88,1,0.202,1.683,1.141,0.404,0
38,19,2,0.34,2,0.15,1.683,1.141,0.3,0
38,19,3,0.93,3,0.15,1.683,1.141,0.3,0
38,20,0,0.68,0,0.431,1.445,1.141,0.862,0
38,20,1,0.5,1,0.216,1.445,1.141,0.431,1
38,21,0,0.4,0,0.285,1.855,1.141,0.569,1
38,21,1,0.46,1,0.252,1.855,1.141,0.504,0
38,21,2,0.59,2,0.15,1.855,1.141,0.3,0
38,21,3,0.33,3,0.15,1.855,1.141,0.3,0
38,21,4,0.69,4,0.15,1.855,1.141,0.3,0
38,21,5,0.31,5,0.15,1.855,1.141,0.3,0
38,22,0,1.23,0,0.687,0.551,1.141,1.375,0
38,22,1,0.53,1,0.344,0.551,1.141,0.687,0
38,22,2,0.33,2,0.172,0.551,1.141,0.344,0
38,22,3,0.52,3,0.15,0.551,1.141,0.3,1
38,22,4,0.53,4,0.447,0.551,1.141,0.895,1
38,22,5,2.25,5,1.0,0.551,1.141,2.669,0
38,22,6,2.5,6,0.667,0.551,1.141,1.334,0
38,23,0,0.39,0,0.375,1.209,1.141,0.75,1
38,23,1,0.9,1,0.51,1.209,1.141,1.019,1
38,23,2,0.46,2,0.692,1.209,1.141,1.385,0
38,23,3,0.4,3,0.346,1.209,1.141,0.692,1
38,23,4,0.73,4,0.47,1.209,1.141,0.941,1
38,23,5,1.62,5,0.639,1.209,1.141,1.279,0
38,23,6,0.34,6,0.32,1.209,1.141,0.639,1
38,24,0,0.41,0,0.35,0.517,1.141,0.701,1
38,24,1,0.63,1,1.0,0.517,1.141,2.227,0
38,24,2,1.07,2,0.557,0.517,1.141,1.114,0
38,24,3,0.37,3,0.278,0.517,1.141,0.557,1
38,25,0,2.88,0,0.554,1.194,1.141,1.109,0
38,26,0,1.44,0,0.683,1.084,1.141,1.365,0
38,26,1,0.53,1,0.341,1.084,1.141,0.683,0
38,27,0,0.32,0,0.508,1.147,1.141,1.016,1
38,27,1,5.44,1,0.727,1.147,1.141,1.454,0
38,27,2,1.37,2,0.364,1.147,1.141,0.727,1
38,27,3,0.81,3,0.521,1.147,1.141,1.041,1
38,27,4,3.45,4,0.745,1.147,1.141,1.491,0
38,27,5,0.64,5,0.373,1.147,1.141,0.745,0
38,27,6,0.58,6,0.186,1.147,1.141,0.373,0
38,27,7,0.54,7,0.15,1.147,1.141,0.3,0
38,28,0,1.56,0,0.479,1.6,1.141,0.958,0
38,28,1,0.31,1,0.24,1.6,1.141,0.479,0
38,28,2,1.79,2,0.15,1.6,1.141,0.3,0
38,28,3,0.61,3,0.15,1.6,1.141,0.3,0
38,28,4,0.89,4,0.15,1.6,1.141,0.3,0
38,28,5,1.1,5,0.15,1.6,1.141,0.3,0
38,28,6,0.41,6,0.15,1.6,1.141,0.3,0
38,29,0,1.32,0,0.68,1.32,1.141,1.36,0
38,29,1,1.59,1,0.34,1.32,1.141,0.68,1
38,29,2,0.56,2,0.423,1.32,1.141,0.846,0
38,29,3,0.43,3,0.212,1.32,1.141,0.423,1
38,30,0,1.27,0,0.688,0.673,1.141,1.375,0
38,30,1,1.13,1,0.344,0.673,1.141,0.688,1
38,31,0,1.83,0,0.306,1.066,1.141,0.611,0
38,31,1,0.35,1,0.153,1.066,1.141,0.306,0
38,31,2,0.53,2,0.15,1.066,1.141,0.3,0
38,31,3,0.54,3,0.15,1.066,1.141,0.3,1
38,32,0,0.79,0,0.268,0.672,1.141,0.536,0
38,32,1,0.56,1,0.15,0.672,1.141,0.3,0
38,32,2,0.37,2,0.15,0.672,1.141,0.3,1
38,32,3,0.55,3,0.367,0.672,1.141,0.734,0
38,33,0,2.84,0,0.571,1.805,1.141,1.143,0
38,33,1,0.34,1,0.286,1.805,1.141,0.571,0
38,34,0,1.84,0,0.316,0.727,1.141,0.632,0
38,34,1,0.9,1,0.158,0.727,1.141,0.316,0
38,34,2,0.5,2,0.15,0.727,1.141,0.3,0
38,35,0,0.56,0,0.356,1.059,1.141,0.712,1
38,35,1,0.79,1,0.552,1.059,1.141,1.104,0
38,35,2,0.34,2,0.276,1.059,1.141,0.552,0
38,35,3,0.61,3,0.15,1.059,1.141,0.3,0
38,35,4,0.7,4,0.15,1.059,1.141,0.3,0
38,36,0,1.52,0,0.284,1.814,1.141,0.569,0
38,36,1,0.61,1,0.15,1.814,1.141,0.3,0
38,36,2,0.76,2,0.15,1.814,1.141,0.3,0
38,36,3,0.49,3,0.15,1.814,1.141,0.3,0
38,36,4,0.45,4,0.15,1.814,1.141,0.3,1
38,37,0,4.58,0,0.725,1.843,1.141,1.45,0
38,37,1,0.61,1,0.363,1.843,1.141,0.725,0
38,37,2,0.66,2,0.181,1.843,1.141,0.363,0
38,37,3,0.44,3,0.15,1.843,1.141,0.3,1
38,37,4,0.32,4,0.134,1.843,1.141,0.267,1
38,37,5,0.35,5,0.119,1.843,1.141,0.238,0
38,37,6,0.43,6,0.15,1.843,1.141,0.3,0
38,37,7,0.47,7,0.15,1.843,1.141,0.3,0
38,38,0,0.34,0,0.332,1.886,1.141,0.663,0
38,38,1,0.33,1,0.166,1.886,1.141,0.332,0
38,38,2,0.62,2,0.15,1.886,1.141,0.3,0
38,38,3,1.02,3,0.15,1.886,1.141,0.3,0
38,38,4,0.6,4,0.15,1.886,1.141,0.3,0
38,39,0,0.57,0,0.312,1.099,1.141,0.624,0
38,39,1,0.45,1,0.156,1.099,1.141,0.312,1
38,39,2,0.32,2,0.233,1.099,1.141,0.466,0
38,39,3,0.36,3,0.15,1.099,1.141,0.3,1
38,39,4,0.62,4,0.224,1.099,1.141,0.448,1
38,39,5,1.94,5,0.335,1.099,1.141,0.67,0
38,39,6,0.67,6,0.167,1.099,1.141,0.335,0
38,40,0,0.56,0,0.4,1.161,1.141,0.8,1
38,40,1,0.35,1,0.566,1.161,1.141,1.131,1
38,40,2,0.79,2,0.8,1.161,1.141,1.6,0
38,40,3,1.17,3,0.4,1.161,1.141,0.8,0
38,40,4,0.35,4,0.2,1.161,1.141,0.4,0
38,40,5,0.33,5,0.15,1.161,1.141,0.3,0
38,40,6,0.82,6,0.15,1.161,1.141,0.3,0
38,40,7,0.39,7,0.15,1.161,1.141,0.3,0
38,41,0,0.33,0,0.613,1.123,1.141,1.226,1
38,41,1,1.08,1,0.897,1.123,1.141,1.793,1
38,41,2,3.02,2,1.0,1.123,1.141,2.624,0
38,41,3,0.34,3,0.656,1.123,1.141,1.312,0
38,41,4,0.61,4,0.328,1.123,1.141,0.656,0
38,41,5,0.6,5,0.164,1.123,1.141,0.328,0
38,41,6,0.49,6,0.15,1.123,1.141,0.3,0
38,41,7,1.04,7,0.15,1.123,1.141,0.3,0
38,42,0,0.58,0,0.361,0.668,1.141,0.723,1
38,42,1,0.42,1,0.888,0.668,1.141,1.775,1
38,42,2,1.03,2,1.0,0.668,1.141,4.362,1
38,43,0,3.65,0,0.695,1.882,1.141,1.39,0
38,43,1,0.43,1,0.348,1.882,1.141,0.695,0
38,43,2,1.17,2,0.174,1.882,1.141,0.348,0
38,43,3,0.35,3,0.15,1.882,1.141,0.3,0
38,43,4,0.98,4,0.15,1.882,1.141,0.3,1
38,43,5,0.33,5,0.131,1.882,1.141,0.262,0
38,43,6,1.0,6,0.15,1.882,1.141,0.3,0
38,43,7,0.36,7,0.15,1.882,1.141,0.3,1
38,44,0,1.05,0,0.447,1.814,1.141,0.895,1
38,44,1,0.51,1,0.405,1.814,1.141,0.81,1
38,44,2,0.66,2,0.367,1.814,1.141,0.734,1
38,44,3,0.43,3,0.332,1.814,1.141,0.665,0
38,45,0,0.88,0,0.719,0.707,1.141,1.438,1
38,45,1,0.99,1,1.0,0.707,1.141,3.342,1
38,46,0,1.51,0,0.343,1.113,1.141,0.687,0
38,47,0,0.64,0,0.458,1.27,1.141,0.917,0
38,47,1,2.06,1,0.229,1.27,1.141,0.458,0
38,47,2,0.33,2,0.15,1.27,1.141,0.3,1
38,47,3,0.72,3,0.194,1.27,1.141,0.388,0
38,47,4,0.91,4,0.15,1.27,1.141,0.3,1
38,48,0,2.78,0,0.675,0.724,1.141,1.35,0
38,48,1,0.79,1,0.337,0.724,1.141,0.675,0
38,48,2,0.49,2,0.169,0.724,1.141,0.337,0
38,48,3,0.45,3,0.15,0.724,1.141,0.3,0
38,49,0,0.36,0,0.684,1.843,1.141,1.367,1
38,50,0,0.37,0,0.574,0.706,1.141,1.147,1
38,50,1,0.73,1,1.0,0.706,1.141,2.668,1
38,50,2,0.53,2,1.0,0.706,1.141,6.202,1
38,51,0,0.37,0,0.51,1.893,1.141,1.02,0
38,51,1,1.04,1,0.255,1.893,1.141,0.51,0
38,51,2,0.65,2,0.15,1.893,1.141,0.3,0
38,51,3,0.5,3,0.15,1.893,1.141,0.3,0
38,51,4,0.64,4,0.15,1.893,1.141,0.3,0
38,51,5,0.34,5,0.15,1.893,1.141,0.3,0
38,51,6,0.5,6,0.15,1.893,1.141,0.3,0
38,51,7,0.64,7,0.15,1.893,1.141,0.3,1
38,52,0,0.43,0,0.673,1.763,1.141,1.345,1
38,53,0,1.25,0,0.593,0.832,1.141,1.187,0
38,53,1,0.5,1,0.297,0.832,1.141,0.593,0
38,54,0,0.33,0,0.306,0.555,1.141,0.613,0
38,55,0,1.2,0,0.723,1.444,1.141,1.447,0
38,55,1,1.03,1,0.362,1.444,1.141,0.723,0
38,55,2,0.36,2,0.181,1.444,1.141,0.362,1
38,55,3,0.41,3,0.206,1.444,1.141,0.411,1
38,55,4,0.38,4,0.234,1.444,1.141,0.468,0
38,55,5,0.5,5,0.15,1.444,1.141,0.3,0
38,55,6,0.43,6,0.15,1.444,1.141,0.3,0
38,55,7,0.92,7,0.15,1.444,1.141,0.3,0
38,56,0,0.77,0,0.529,0.973,1.141,1.059,1
38,57,0,0.31,0,0.55,1.382,1.141,1.1,1
38,57,1,2.76,1,0.654,1.382,1.141,1.307,0
38,57,2,0.67,2,0.327,1.382,1.141,0.654,0
38,57,3,0.38,3,0.163,1.382,1.141,0.327,0
38,57,4,0.31,4,0.15,1.382,1.141,0.3,0
38,57,5,0.57,5,0.15,1.382,1.141,0.3,0
38,58,0,0.42,0,0.748,0.833,1.141,1.496,1
38,59,0,1.34,0,0.654,1.07,1.141,1.307,0
38,59,1,1.61,1,0.327,1.07,1.141,0.654,0
38,59,2,0.38,2,0.163,1.07,1.141,0.327,1
38,59,3,0.43,3,0.251,1.07,1.141,0.502,0
39,0,0,0.79,0,0.252,1.33,1.402,0.504,0
39,0,1,0.5,1,0.15,1.33,1.402,0.3,0
39,0,2,0.52,2,0.15,1.33,1.402,0.3,0
39,0,3,0.41,3,0.15,1.33,1.402,0.3,1
39,0,4,0.7,4,0.194,1.33,1.402,0.388,0
39,0,5,0.37,5,0.15,1.33,1.402,0.3,0
39,0,6,0.55,6,0.15,1.33,1.402,0.3,0
39,0,7,0.47,7,0.15,1.33,1.402,0.3,1
39,1,0,1.12,0,0.334,1.614,1.402,0.668,0
39,1,1,1.52,1,0.167,1.614,1.402,0.334,0
39,1,2,0.39,2,0.15,1.614,1.402,0.3,0
39,2,0,0.54,0,0.534,1.85,1.402,1.068,1
39,2,1,2.13,1,0.496,1.85,1.402,0.993,0
39,2,2,0.77,2,0.248,1.85,1.402,0.496,0
39,2,3,0.65,3,0.15,1.85,1.402,0.3,1
39,2,4,0.4,4,0.139,1.85,1.402,0.279,1
39,2,5,0.49,5,0.13,1.85,1.402,0.259,0
39,2,6,0.37,6,0.15,1.85,1.402,0.3,0
39,2,7,0.32,7,0.15,1.85,1.402,0.3,0
39,3,0,0.45,0,0.28,1.433,1.402,0.56,1
39,3,1,0.78,1,0.336,1.433,1.402,0.672,0
39,3,2,0.33,2,0.168,1.433,1.402,0.336,1
39,3,3,0.63,3,0.202,1.433,1.402,0.403,1
39,3,4,0.46,4,0.242,1.433,1.402,0.484,1
39,3,5,0.85,5,0.291,1.433,1.402,0.581,0
39,4,0,0.48,0,0.611,1.873,1.402,1.223,0
39,5,0,1.78,0,0.396,1.597,1.402,0.792,0
39,5,1,0.77,1,0.198,1.597,1.402,0.396,0
39,6,0,0.43,0,0.505,1.887,1.402,1.009,1
39,6,1,0.49,1,0.46,1.887,1.402,0.92,0
39,6,2,0.82,2,0.23,1.887,1.402,0.46,0
39,6,3,0.52,3,0.15,1.887,1.402,0.3,0
39,6,4,0.31,4,0.15,1.887,1.402,0.3,1
39,6,5,0.74,5,0.137,1.887,1.402,0.273,0
39,6,6,0.4,6,0.15,1.887,1.402,0.3,0
39,6,7,0.62,7,0.15,1.887,1.402,0.3,0
39,7,0,1.33,0,0.323,0.891,1.402,0.645,0
39,7,1,0.42,1,0.161,0.891,1.402,0.323,0
39,7,2,0.85,2,0.15,0.891,1.402,0.3,0
39,7,3,0.38,3,0.15,0.891,1.402,0.3,0
39,7,4,0.53,4,0.15,0.891,1.402,0.3,0
39,7,5,0.51,5,0.15,0.891,1.402,0.3,0
39,7,6,0.36,6,0.15,0.891,1.402,0.3,1
39,7,7,0.36,7,0.289,0.891,1.402,0.579,1
39,8,0,0.59,0,0.323,1.41,1.402,0.646,0
39,8,1,0.52,1,0.162,1.41,1.402,0.323,0
39,8,2,0.37,2,0.15,1.41,1.402,0.3,0
39,8,3,0.42,3,0.15,1.41,1.402,0.3,0
39,8,4,0.4,4,0.15,1.41,1.402,0.3,0
39,8,5,0.92,5,0.15,1.41,1.402,0.3,0
39,8,6,0.97,6,0.15,1.41,1.402,0.3,0
39,9,0,0.66,0,0.281,1.178,1.402,0.563,1
39,9,1,0.43,1,0.411,1.178,1.402,0.822,1
39,9,2,0.75,2,0.6,1.178,1.402,1.2,0
39,9,3,0.55,3,0.3,1.178,1.402,0.6,1
39,9,4,0.36,4,0.438,1.178,1.402,0.876,1
39,10,0,0.97,0,0.674,0.858,1.402,1.347,1
39,10,1,1.84,1,1.0,0.858,1.402,2.702,1
39,10,2,2.39,2,1.0,0.858,1.402,5.419,0
39,10,3,1.38,3,1.0,0.858,1.402,2.709,0
39,10,4,0.53,4,0.677,0.858,1.402,1.355,1
39,10,5,4.55,5,1.0,0.858,1.402,2.717,0
39,10,6,0.66,6,0.679,0.858,1.402,1.358,1
39,11,0,0.32,0,0.638,0.702,1.402,1.275,1
39,11,1,1.51,1,1.0,0.702,1.402,3.126,0
39,11,2,0.4,2,0.781,0.702,1.402,1.563,0
39,12,0,0.4,0,0.666,1.785,1.402,1.332,0
39,12,1,0.35,1,0.333,1.785,1.402,0.666,1
39,12,2,0.97,2,0.321,1.785,1.402,0.642,0
39,12,3,1.49,3,0.16,1.785,1.402,0.321,1
39,13,0,1.33,0,0.708,1.544,1.402,1.416,0
39,13,1,0.65,1,0.354,1.544,1.402,0.708,0
39,13,2,0.33,2,0.177,1.544,1.402,0.354,1
39,14,0,1.14,0,0.584,1.876,1.402,1.167,1
39,14,1,1.38,1,0.535,1.876,1.402,1.07,0
39,14,2,0.34,2,0.268,1.876,1.402,0.535,1
39,14,3,0.87,3,0.245,1.876,1.402,0.491,0
39,14,4,0.46,4,0.15,1.876,1.402,0.3,0
39,14,5,0.58,5,0.15,1.876,1.402,0.3,0
39,15,0,5.49,0,0.722,1.553,1.402,1.443,0
39,15,1,0.45,1,0.361,1.553,1.402,0.722,1
39,15,2,0.81,2,0.4,1.553,1.402,0.8,0
39,15,3,0.32,3,0.2,1.553,1.402,0.4,1
39,15,4,0.62,4,0.221,1.553,1.402,0.443,0
39,15,5,0.34,5,0.15,1.553,1.402,0.3,0
39,15,6,0.37,6,0.15,1.553,1.402,0.3,0
39,15,7,0.77,7,0.15,1.553,1.402,0.3,0
39,16,0,0.89,0,0.541,1.192,1.402,1.082,1
39,16,1,2.21,1,0.781,1.192,1.402,1.562,0
39,17,0,0.43,0,0.571,0.568,1.402,1.142,1
39,17,1,1.0,1,1.0,0.568,1.402,3.46,1
39,17,2,5.93,2,1.0,0.568,1.402,10.482,0
39,17,3,3.43,3,1.0,0.568,1.402,5.241,0
39,17,4,1.64,4,1.0,0.568,1.402,2.62,1
39,17,5,2.48,5,1.0,0.568,1.402,7.939,1
39,18,0,0.82,0,0.428,1.587,1.402,0.856,0
39,19,0,0.31,0,0.341,0.998,1.402,0.682,0
39,19,1,1.44,1,0.17,0.998,1.402,0.341,0
39,20,0,0.49,0,0.496,0.82,1.402,0.992,0
39,20,1,0.32,1,0.248,0.82,1.402,0.496,1
39,20,2,1.38,2,0.521,0.82,1.402,1.041,0
39,20,3,0.33,3,0.26,0.82,1.402,0.521,0
39,20,4,0.68,4,0.15,0.82,1.402,0.3,1
39,21,0,0.57,0,0.431,0.846,1.402,0.863,1
39,22,0,1.73,0,0.712,0.576,1.402,1.424,0
39,22,1,0.5,1,0.356,0.576,1.402,0.712,1
39,23,0,0.87,0,0.45,1.72,1.402,0.9,1
39,23,1,0.4,1,0.45,1.72,1.402,0.9,1
39,23,2,0.84,2,0.45,1.72,1.402,0.901,1
39,23,3,1.9,3,0.451,1.72,1.402,0.901,0
39,23,4,0.35,4,0.225,1.72,1.402,0.451,1
39,23,5,0.44,5,0.225,1.72,1.402,0.451,1
39,23,6,0.43,6,0.225,1.72,1.402,0.451,0
39,23,7,0.63,7,0.15,1.72,1.402,0.3,1
39,24,0,1.32,0,0.476,1.822,1.402,0.952,1
39,24,1,0.33,1,0.45,1.822,1.402,0.899,0
39,24,2,0.48,2,0.225,1.822,1.402,0.45,1
39,24,3,0.82,3,0.212,1.822,1.402,0.425,0
39,24,4,0.39,4,0.15,1.822,1.402,0.3,0
39,25,0,0.47,0,0.608,1.579,1.402,1.215,1
39,25,1,0.63,1,0.662,1.579,1.402,1.324,1
39,25,2,0.89,2,0.722,1.579,1.402,1.443,0
39,25,3,0.76,3,0.361,1.579,1.402,0.722,0
39,26,0,0.39,0,0.396,0.792,1.402,0.792,1
39,26,1,1.75,1,0.86,0.792,1.402,1.721,1
39,26,2,6.52,2,1.0,0.792,1.402,3.736,1
39,26,3,2.19,3,1.0,0.792,1.402,8.114,0
39,26,4,0.89,4,1.0,0.792,1.402,4.057,1
39,26,5,5.95,5,1.0,0.792,1.402,8.81,1
39,26,6,1.97,6,1.0,0.792,1.402,19.13,1
39,26,7,31.2,7,1.0,0.792,1.402,41.542,1
39,27,0,1.99,0,0.487,1.527,1.402,0.974,0
39,28,0,1.04,0,0.592,0.733,1.402,1.183,1
39,28,1,0.49,1,1.0,0.733,1.402,2.777,1
39,28,2,5.05,2,1.0,0.733,1.402,6.518,0
39,28,3,2.66,3,1.0,0.733,1.402,3.259,0
39,28,4,1.45,4,0.815,0.733,1.402,1.63,0
39,28,5,0.33,5,0.407,0.733,1.402,0.815,0
39,28,6,1.28,6,0.204,0.733,1.402,0.407,1
39,29,0,1.42,0,0.451,1.181,1.402,0.902,0
39,29,1,1.17,1,0.226,1.181,1.402,0.451,0
39,29,2,0.53,2,0.15,1.181,1.402,0.3,0
39,29,3,0.34,3,0.15,1.181,1.402,0.3,1
39,29,4,0.61,4,0.219,1.181,1.402,0.437,0
39,29,5,0.31,5,0.15,1.181,1.402,0.3,0
39,30,0,0.59,0,0.714,0.923,1.402,1.429,0
39,30,1,0.49,1,0.357,0.923,1.402,0.714,0
39,30,2,0.34,2,0.179,0.923,1.402,0.357,1
39,30,3,1.0,3,0.333,0.923,1.402,0.666,0
39,30,4,0.44,4,0.166,0.923,1.402,0.333,0
39,30,5,0.34,5,0.15,0.923,1.402,0.3,1
39,31,0,1.26,0,0.597,1.356,1.402,1.194,0
39,31,1,2.21,1,0.298,1.356,1.402,0.597,0
39,31,2,0.38,2,0.15,1.356,1.402,0.3,0
39,31,3,0.75,3,0.15,1.356,1.402,0.3,0
39,31,4,0.53,4,0.15,1.356,1.402,0.3,0
39,31,5,0.85,5,0.15,1.356,1.402,0.3,0
39,31,6,0.46,6,0.15,1.356,1.402,0.3,0
39,31,7,0.81,7,0.15,1.356,1.402,0.3,0
39,32,0,2.24,0,0.678,0.509,1.402,1.355,0
39,32,1,0.68,1,0.339,0.509,1.402,0.678,0
39,32,2,0.62,2,0.169,0.509,1.402,0.339,0
39,32,3,0.36,3,0.15,0.509,1.402,0.3,1
39,32,4,2.73,4,0.507,0.509,1.402,1.013,0
39,32,5,0.36,5,0.253,0.509,1.402,0.507,0
39,32,6,0.39,6,0.15,0.509,1.402,0.3,1
39,33,0,1.53,0,0.588,0.864,1.402,1.175,0
39,33,1,0.78,1,0.294,0.864,1.402,0.588,0
39,33,2,0.47,2,0.15,0.864,1.402,0.3,0
39,33,3,0.32,3,0.15,0.864,1.402,0.3,0
39,33,4,0.35,4,0.15,0.864,1.402,0.3,0
39,33,5,0.91,5,0.15,0.864,1.402,0.3,0
39,33,6,0.35,6,0.15,0.864,1.402,0.3,0
39,33,7,0.31,7,0.15,0.864,1.402,0.3,0
39,34,0,0.78,0,0.289,1.043,1.402,0.578,1
39,34,1,0.66,1,0.477,1.043,1.402,0.954,1
39,34,2,2.39,2,0.787,1.043,1.402,1.574,0
39,34,3,0.68,3,0.393,1.043,1.402,0.787,0
39,34,4,0.31,4,0.197,1.043,1.402,0.393,1
39,35,0,0.44,0,0.397,0.892,1.402,0.795,0
39,35,1,0.84,1,0.199,0.892,1.402,0.397,0
39,35,2,0.39,2,0.15,0.892,1.402,0.3,0
39,35,3,1.41,3,0.15,0.892,1.402,0.3,0
39,35,4,0.48,4,0.15,0.892,1.402,0.3,0
39,36,0,0.43,0,0.277,0.749,1.402,0.555,1
39,36,1,1.15,1,0.637,0.749,1.402,1.274,0
39,36,2,0.53,2,0.318,0.749,1.402,0.637,1
39,36,3,2.78,3,0.732,0.749,1.402,1.463,0
39,36,4,1.31,4,0.366,0.749,1.402,0.732,0
39,36,5,0.41,5,0.183,0.749,1.402,0.366,1
39,37,0,1.35,0,0.409,1.8,1.402,0.818,0
39,37,1,0.4,1,0.205,1.8,1.402,0.409,0
39,37,2,0.36,2,0.15,1.8,1.402,0.3,0
39,37,3,0.49,3,0.15,1.8,1.402,0.3,0
39,38,0,0.84,0,0.349,1.244,1.402,0.699,0
39,38,1,0.31,1,0.175,1.244,1.402,0.349,0
39,38,2,0.32,2,0.15,1.244,1.402,0.3,0
39,38,3,0.45,3,0.15,1.244,1.402,0.3,0
39,38,4,0.51,4,0.15,1.244,1.402,0.3,1
39,38,5,1.31,5,0.207,1.244,1.402,0.415,0
39,38,6,0.41,6,0.15,1.244,1.402,0.3,0
39,38,7,0.79,7,0.15,1.244,1.402,0.3,0
39,39,0,0.93,0,0.466,1.62,1.402,0.932,0
39,39,1,0.48,1,0.233,1.62,1.402,0.466,0
39,39,2,0.45,2,0.15,1.62,1.402,0.3,1
39,39,3,0.36,3,0.159,1.62,1.402,0.319,1
39,40,0,0.55,0,0.395,1.577,1.402,0.789,1
39,40,1,0.45,1,0.43,1.577,1.402,0.861,1
39,40,2,0.7,2,0.47,1.577,1.402,0.939,1
39,40,3,1.6,3,0.512,1.577,1.402,1.024,0
39,40,4,0.53,4,0.256,1.577,1.402,0.512,1
39,40,5,0.58,5,0.279,1.577,1.402,0.559,0
39,40,6,0.58,6,0.15,1.577,1.402,0.3,0
39,40,7,0.47,7,0.15,1.577,1.402,0.3,0
39,41,0,2.86,0,0.294,0.502,1.402,0.587,0
39,41,1,0.32,1,0.15,0.502,1.402,0.3,0
39,41,2,0.36,2,0.15,0.502,1.402,0.3,0
39,41,3,0.31,3,0.15,0.502,1.402,0.3,0
39,41,4,0.36,4,0.15,0.502,1.402,0.3,0
39,41,5,0.39,5,0.15,0.502,1.402,0.3,0
39,41,6,0.37,6,0.15,0.502,1.402,0.3,1
39,41,7,0.52,7,0.514,0.502,1.402,1.028,1
39,42,0,0.67,0,0.631,1.98,1.402,1.262,1
39,42,1,1.84,1,0.548,1.98,1.402,1.097,0
39,42,2,0.54,2,0.274,1.98,1.402,0.548,0
39,42,3,0.77,3,0.15,1.98,1.402,0.3,0
39,42,4,0.34,4,0.15,1.98,1.402,0.3,1
39,42,5,0.49,5,0.13,1.98,1.402,0.261,0
39,42,6,0.57,6,0.15,1.98,1.402,0.3,0
39,43,0,5.25,0,0.694,0.734,1.402,1.388,0
39,43,1,0.41,1,0.347,0.734,1.402,0.694,0
39,43,2,0.68,2,0.173,0.734,1.402,0.347,0
39,43,3,0.66,3,0.15,0.734,1.402,0.3,0
39,43,4,0.53,4,0.15,0.734,1.402,0.3,0
39,43,5,0.39,5,0.15,0.734,1.402,0.3,0
39,43,6,0.31,6,0.15,0.734,1.402,0.3,0
39,43,7,0.33,7,0.15,0.734,1.402,0.3,0
39,44,0,2.41,0,0.434,0.928,1.402,0.868,0
39,44,1,0.36,1,0.217,0.928,1.402,0.434,1
39,44,2,1.82,2,0.402,0.928,1.402,0.804,0
39,45,0,1.26,0,0.738,1.416,1.402,1.476,0
39,45,1,1.67,1,0.369,1.416,1.402,0.738,0
39,45,2,0.67,2,0.184,1.416,1.402,0.369,0
39,45,3,0.62,3,0.15,1.416,1.402,0.3,0
39,46,0,0.56,0,0.27,0.598,1.402,0.54,0
39,46,1,0.4,1,0.15,0.598,1.402,0.3,0
39,46,2,0.51,2,0.15,0.598,1.402,0.3,0
39,46,3,0.5,3,0.15,0.598,1.402,0.3,0
39,46,4,0.44,4,0.15,0.598,1.402,0.3,0
39,46,5,0.53,5,0.15,0.598,1.402,0.3,0
39,46,6,0.6,6,0.15,0.598,1.402,0.3,0
39,46,7,0.5,7,0.15,0.598,1.402,0.3,0
39,47,0,0.63,0,0.279,1.105,1.402,0.557,1
39,47,1,0.68,1,0.434,1.105,1.402,0.868,0
39,47,2,1.74,2,0.217,1.105,1.402,0.434,0
39,47,3,0.69,3,0.15,1.105,1.402,0.3,0
39,47,4,0.97,4,0.15,1.105,1.402,0.3,0
39,47,5,0.36,5,0.15,1.105,1.402,0.3,0
39,47,6,0.77,6,0.15,1.105,1.402,0.3,0
39,48,0,0.4,0,0.629,1.969,1.402,1.258,1
39,48,1,2.0,1,0.55,1.969,1.402,1.099,0
39,48,2,0.33,2,0.275,1.969,1.402,0.55,1
39,48,3,0.44,3,0.24,1.969,1.402,0.48,1
39,48,4,0.36,4,0.21,1.969,1.402,0.42,0
39,49,0,1.19,0,0.422,1.331,1.402,0.845,0
39,50,0,0.36,0,0.401,1.332,1.402,0.802,0
39,50,1,0.53,1,0.201,1.332,1.402,0.401,0
39,50,2,0.45,2,0.15,1.332,1.402,0.3,0
39,50,3,0.5,3,0.15,1.332,1.402,0.3,1
39,50,4,0.34,4,0.194,1.332,1.402,0.388,0
39,50,5,0.55,5,0.15,1.332,1.402,0.3,0
39,50,6,0.31,6,0.15,1.332,1.402,0.3,1
39,50,7,0.62,7,0.194,1.332,1.402,0.388,1
39,51,0,0.76,0,0.662,1.047,1.402,1.325,0
39,52,0,2.32,0,0.699,1.17,1.402,1.398,1
39,52,1,1.61,1,1.0,1.17,1.402,2.056,1
39,52,2,0.79,2,1.0,1.17,1.402,3.024,1
39,52,3,5.67,3,1.0,1.17,1.402,4.448,0
39,52,4,1.54,4,1.0,1.17,1.402,2.224,0
39,52,5,0.37,5,0.556,1.17,1.402,1.112,0
39,52,6,0.56,6,0.278,1.17,1.402,0.556,1
39,53,0,0.7,0,0.604,1.509,1.402,1.209,1
39,54,0,2.4,0,0.652,1.168,1.402,1.304,0
39,54,1,0.34,1,0.326,1.168,1.402,0.652,0
39,54,2,0.73,2,0.163,1.168,1.402,0.326,0
39,55,0,1.41,0,0.652,1.886,1.402,1.305,1
39,55,1,1.79,1,0.595,1.886,1.402,1.19,0
39,55,2,0.51,2,0.297,1.886,1.402,0.595,0
39,55,3,0.43,3,0.15,1.886,1.402,0.3,0
39,56,0,1.78,0,0.496,1.335,1.402,0.993,1
39,56,1,0.71,1,0.64,1.335,1.402,1.28,0
39,56,2,0.38,2,0.32,1.335,1.402,0.64,0
39,56,3,1.38,3,0.16,1.335,1.402,0.32,0
39,56,4,0.42,4,0.15,1.335,1.402,0.3,0
39,57,0,0.96,0,0.378,1.347,1.402,0.757,1
39,57,1,0.57,1,0.483,1.347,1.402,0.967,0
39,57,2,0.35,2,0.242,1.347,1.402,0.483,1
39,57,3,0.59,3,0.309,1.347,1.402,0.617,0
39,57,4,0.36,4,0.154,1.347,1.402,0.309,0
39,57,5,0.3,5,0.15,1.347,1.402,0.3,0
39,57,6,0.5,6,0.15,1.347,1.402,0.3,0
39,58,0,1.94,0,0.53,0.807,1.402,1.059,0
39,58,1,0.68,1,0.265,0.807,1.402,0.53,0
39,58,2,0.64,2,0.15,0.807,1.402,0.3,0
39,58,3,0.45,3,0.15,0.807,1.402,0.3,1
39,58,4,0.72,4,0.32,0.807,1.402,0.639,1
39,58,5,0.74,5,0.682,0.807,1.402,1.363,1
39,58,6,8.65,6,1.0,0.807,1.402,2.906,0
39,58,7,4.13,7,0.726,0.807,1.402,1.453,0
39,59,0,1.49,0,0.383,0.566,1.402,0.766,0
